{"startDate": "2009-12-31", "endDate": "2011-07-02", "data": {"rows": [{"state": 180, "data": []}, {"state": 90, "data": []}, {"state": 30, "data": [{"y1": 1800, "y0": 0, "date": "2010-01-01"}, {"y1": 1800, "y0": 0, "date": "2010-01-02"}, {"y1": 1800, "y0": 0, "date": "2010-01-03"}, {"y1": 1800, "y0": 0, "date": "2010-01-04"}, {"y1": 1800, "y0": 0, "date": "2010-01-05"}, {"y1": 1800, "y0": 0, "date": "2010-01-06"}, {"y1": 1800, "y0": 0, "date": "2010-01-07"}, {"y1": 1800, "y0": 0, "date": "2010-01-08"}, {"y1": 1800, "y0": 0, "date": "2010-01-09"}, {"y1": 1800, "y0": 0, "date": "2010-01-10"}, {"y1": 1800, "y0": 0, "date": "2010-01-11"}, {"y1": 1800, "y0": 0, "date": "2010-01-12"}, {"y1": 1800, "y0": 0, "date": "2010-01-13"}, {"y1": 1800, "y0": 0, "date": "2010-01-14"}, {"y1": 1800, "y0": 0, "date": "2010-01-15"}, {"y1": 1800, "y0": 0, "date": "2010-01-16"}, {"y1": 1800, "y0": 0, "date": "2010-01-17"}, {"y1": 1800, "y0": 0, "date": "2010-01-18"}, {"y1": 1800, "y0": 0, "date": "2010-01-19"}, {"y1": 1800, "y0": 0, "date": "2010-01-20"}, {"y1": 1800, "y0": 0, "date": "2010-01-21"}, {"y1": 1800, "y0": 0, "date": "2010-01-22"}, {"y1": 1800, "y0": 0, "date": "2010-01-23"}, {"y1": 1800, "y0": 0, "date": "2010-01-24"}, {"y1": 1800, "y0": 0, "date": "2010-01-25"}, {"y1": 1800, "y0": 0, "date": "2010-01-26"}, {"y1": 1800, "y0": 0, "date": "2010-01-27"}, {"y1": 1800, "y0": 0, "date": "2010-01-28"}, {"y1": 1800, "y0": 0, "date": "2010-01-29"}, {"y1": 1800, "y0": 0, "date": "2010-01-30"}, {"y1": 1800, "y0": 0, "date": "2010-01-31"}, {"y1": 1824, "y0": 0, "date": "2010-02-01"}, {"y1": 1824, "y0": 0, "date": "2010-02-02"}, {"y1": 1824, "y0": 0, "date": "2010-02-03"}, {"y1": 1824, "y0": 0, "date": "2010-02-04"}, {"y1": 1824, "y0": 0, "date": "2010-02-05"}, {"y1": 1824, "y0": 0, "date": "2010-02-06"}, {"y1": 1824, "y0": 0, "date": "2010-02-07"}, {"y1": 1824, "y0": 0, "date": "2010-02-08"}, {"y1": 1824, "y0": 0, "date": "2010-02-09"}, {"y1": 1824, "y0": 0, "date": "2010-02-10"}, {"y1": 1824, "y0": 0, "date": "2010-02-11"}, {"y1": 1824, "y0": 0, "date": "2010-02-12"}, {"y1": 1824, "y0": 0, "date": "2010-02-13"}, {"y1": 1824, "y0": 0, "date": "2010-02-14"}, {"y1": 1824, "y0": 0, "date": "2010-02-15"}, {"y1": 1824, "y0": 0, "date": "2010-02-16"}, {"y1": 1824, "y0": 0, "date": "2010-02-17"}, {"y1": 1824, "y0": 0, "date": "2010-02-18"}, {"y1": 1824, "y0": 0, "date": "2010-02-19"}, {"y1": 1824, "y0": 0, "date": "2010-02-20"}, {"y1": 1824, "y0": 0, "date": "2010-02-21"}, {"y1": 1824, "y0": 0, "date": "2010-02-22"}, {"y1": 1824, "y0": 0, "date": "2010-02-23"}, {"y1": 1824, "y0": 0, "date": "2010-02-24"}, {"y1": 1824, "y0": 0, "date": "2010-02-25"}, {"y1": 1824, "y0": 0, "date": "2010-02-26"}, {"y1": 1824, "y0": 0, "date": "2010-02-27"}, {"y1": 1824, "y0": 0, "date": "2010-02-28"}, {"y1": 1824, "y0": 0, "date": "2010-03-01"}, {"y1": 1824, "y0": 0, "date": "2010-03-02"}, {"y1": 1824, "y0": 0, "date": "2010-03-03"}, {"y1": 1824, "y0": 0, "date": "2010-03-04"}, {"y1": 1824, "y0": 0, "date": "2010-03-05"}, {"y1": 1824, "y0": 0, "date": "2010-03-06"}, {"y1": 1824, "y0": 0, "date": "2010-03-07"}, {"y1": 1824, "y0": 0, "date": "2010-03-08"}, {"y1": 1824, "y0": 0, "date": "2010-03-09"}, {"y1": 1824, "y0": 0, "date": "2010-03-10"}, {"y1": 1824, "y0": 0, "date": "2010-03-11"}, {"y1": 1824, "y0": 0, "date": "2010-03-12"}, {"y1": 1824, "y0": 0, "date": "2010-03-13"}, {"y1": 1824, "y0": 0, "date": "2010-03-14"}, {"y1": 1824, "y0": 0, "date": "2010-03-15"}, {"y1": 1824, "y0": 0, "date": "2010-03-16"}, {"y1": 1824, "y0": 0, "date": "2010-03-17"}, {"y1": 1824, "y0": 0, "date": "2010-03-18"}, {"y1": 1824, "y0": 0, "date": "2010-03-19"}, {"y1": 1824, "y0": 0, "date": "2010-03-20"}, {"y1": 1824, "y0": 0, "date": "2010-03-21"}, {"y1": 1824, "y0": 0, "date": "2010-03-22"}, {"y1": 1824, "y0": 0, "date": "2010-03-23"}, {"y1": 1824, "y0": 0, "date": "2010-03-24"}, {"y1": 1824, "y0": 0, "date": "2010-03-25"}, {"y1": 1824, "y0": 0, "date": "2010-03-26"}, {"y1": 1824, "y0": 0, "date": "2010-03-27"}, {"y1": 1824, "y0": 0, "date": "2010-03-28"}, {"y1": 1824, "y0": 0, "date": "2010-03-29"}, {"y1": 1824, "y0": 0, "date": "2010-03-30"}, {"y1": 1824, "y0": 0, "date": "2010-03-31"}, {"y1": 1824, "y0": 0, "date": "2010-04-01"}, {"y1": 1824, "y0": 0, "date": "2010-04-02"}, {"y1": 1824, "y0": 0, "date": "2010-04-03"}, {"y1": 1824, "y0": 0, "date": "2010-04-04"}, {"y1": 1824, "y0": 0, "date": "2010-04-05"}, {"y1": 1824, "y0": 0, "date": "2010-04-06"}, {"y1": 1824, "y0": 0, "date": "2010-04-07"}, {"y1": 1824, "y0": 0, "date": "2010-04-08"}, {"y1": 1824, "y0": 0, "date": "2010-04-09"}, {"y1": 1824, "y0": 0, "date": "2010-04-10"}, {"y1": 1824, "y0": 0, "date": "2010-04-11"}, {"y1": 1824, "y0": 0, "date": "2010-04-12"}, {"y1": 1824, "y0": 0, "date": "2010-04-13"}, {"y1": 1824, "y0": 0, "date": "2010-04-14"}, {"y1": 1824, "y0": 0, "date": "2010-04-15"}, {"y1": 1824, "y0": 0, "date": "2010-04-16"}, {"y1": 1824, "y0": 0, "date": "2010-04-17"}, {"y1": 1824, "y0": 0, "date": "2010-04-18"}, {"y1": 1824, "y0": 0, "date": "2010-04-19"}, {"y1": 1824, "y0": 0, "date": "2010-04-20"}, {"y1": 1824, "y0": 0, "date": "2010-04-21"}, {"y1": 1824, "y0": 0, "date": "2010-04-22"}, {"y1": 1824, "y0": 0, "date": "2010-04-23"}, {"y1": 1824, "y0": 0, "date": "2010-04-24"}, {"y1": 1824, "y0": 0, "date": "2010-04-25"}, {"y1": 1824, "y0": 0, "date": "2010-04-26"}, {"y1": 1824, "y0": 0, "date": "2010-04-27"}, {"y1": 1824, "y0": 0, "date": "2010-04-28"}, {"y1": 1824, "y0": 0, "date": "2010-04-29"}, {"y1": 1824, "y0": 0, "date": "2010-04-30"}, {"y1": 1824, "y0": 0, "date": "2010-05-01"}, {"y1": 1824, "y0": 0, "date": "2010-05-02"}, {"y1": 1824, "y0": 0, "date": "2010-05-03"}, {"y1": 1824, "y0": 0, "date": "2010-05-04"}, {"y1": 1824, "y0": 0, "date": "2010-05-05"}, {"y1": 1824, "y0": 0, "date": "2010-05-06"}, {"y1": 1824, "y0": 0, "date": "2010-05-07"}, {"y1": 1824, "y0": 0, "date": "2010-05-08"}, {"y1": 1824, "y0": 0, "date": "2010-05-09"}, {"y1": 1824, "y0": 0, "date": "2010-05-10"}, {"y1": 1824, "y0": 0, "date": "2010-05-11"}, {"y1": 1824, "y0": 0, "date": "2010-05-12"}, {"y1": 1824, "y0": 0, "date": "2010-05-13"}, {"y1": 1824, "y0": 0, "date": "2010-05-14"}, {"y1": 1824, "y0": 0, "date": "2010-05-15"}, {"y1": 1824, "y0": 0, "date": "2010-05-16"}, {"y1": 1824, "y0": 0, "date": "2010-05-17"}, {"y1": 1824, "y0": 0, "date": "2010-05-18"}, {"y1": 1824, "y0": 0, "date": "2010-05-19"}, {"y1": 1824, "y0": 0, "date": "2010-05-20"}, {"y1": 1824, "y0": 0, "date": "2010-05-21"}, {"y1": 1824, "y0": 0, "date": "2010-05-22"}, {"y1": 1824, "y0": 0, "date": "2010-05-23"}, {"y1": 1824, "y0": 0, "date": "2010-05-24"}, {"y1": 1824, "y0": 0, "date": "2010-05-25"}, {"y1": 1824, "y0": 0, "date": "2010-05-26"}, {"y1": 1824, "y0": 0, "date": "2010-05-27"}, {"y1": 1824, "y0": 0, "date": "2010-05-28"}, {"y1": 1824, "y0": 0, "date": "2010-05-29"}, {"y1": 1824, "y0": 0, "date": "2010-05-30"}, {"y1": 1824, "y0": 0, "date": "2010-05-31"}, {"y1": 1824, "y0": 0, "date": "2010-06-01"}, {"y1": 1824, "y0": 0, "date": "2010-06-02"}, {"y1": 1824, "y0": 0, "date": "2010-06-03"}, {"y1": 1824, "y0": 0, "date": "2010-06-04"}, {"y1": 1824, "y0": 0, "date": "2010-06-05"}, {"y1": 1824, "y0": 0, "date": "2010-06-06"}, {"y1": 1824, "y0": 0, "date": "2010-06-07"}, {"y1": 1824, "y0": 0, "date": "2010-06-08"}, {"y1": 1824, "y0": 0, "date": "2010-06-09"}, {"y1": 1824, "y0": 0, "date": "2010-06-10"}, {"y1": 1824, "y0": 0, "date": "2010-06-11"}, {"y1": 1824, "y0": 0, "date": "2010-06-12"}, {"y1": 1824, "y0": 0, "date": "2010-06-13"}, {"y1": 1824, "y0": 0, "date": "2010-06-14"}, {"y1": 1824, "y0": 0, "date": "2010-06-15"}, {"y1": 1824, "y0": 0, "date": "2010-06-16"}, {"y1": 1824, "y0": 0, "date": "2010-06-17"}, {"y1": 1824, "y0": 0, "date": "2010-06-18"}, {"y1": 1824, "y0": 0, "date": "2010-06-19"}, {"y1": 1824, "y0": 0, "date": "2010-06-20"}, {"y1": 1824, "y0": 0, "date": "2010-06-21"}, {"y1": 1824, "y0": 0, "date": "2010-06-22"}, {"y1": 1824, "y0": 0, "date": "2010-06-23"}, {"y1": 1824, "y0": 0, "date": "2010-06-24"}, {"y1": 1824, "y0": 0, "date": "2010-06-25"}, {"y1": 1824, "y0": 0, "date": "2010-06-26"}, {"y1": 1824, "y0": 0, "date": "2010-06-27"}, {"y1": 1824, "y0": 0, "date": "2010-06-28"}, {"y1": 1824, "y0": 0, "date": "2010-06-29"}, {"y1": 1824, "y0": 0, "date": "2010-06-30"}, {"y1": 1824, "y0": 0, "date": "2010-07-01"}, {"y1": 1824, "y0": 0, "date": "2010-07-02"}, {"y1": 1824, "y0": 0, "date": "2010-07-03"}, {"y1": 1824, "y0": 0, "date": "2010-07-04"}, {"y1": 1824, "y0": 0, "date": "2010-07-05"}, {"y1": 1824, "y0": 0, "date": "2010-07-06"}, {"y1": 1824, "y0": 0, "date": "2010-07-07"}, {"y1": 1824, "y0": 0, "date": "2010-07-08"}, {"y1": 1824, "y0": 0, "date": "2010-07-09"}, {"y1": 1824, "y0": 0, "date": "2010-07-10"}, {"y1": 1824, "y0": 0, "date": "2010-07-11"}, {"y1": 1824, "y0": 0, "date": "2010-07-12"}, {"y1": 1824, "y0": 0, "date": "2010-07-13"}, {"y1": 1824, "y0": 0, "date": "2010-07-14"}, {"y1": 1824, "y0": 0, "date": "2010-07-15"}, {"y1": 1824, "y0": 0, "date": "2010-07-16"}, {"y1": 1824, "y0": 0, "date": "2010-07-17"}, {"y1": 1824, "y0": 0, "date": "2010-07-18"}, {"y1": 1824, "y0": 0, "date": "2010-07-19"}, {"y1": 1824, "y0": 0, "date": "2010-07-20"}, {"y1": 1824, "y0": 0, "date": "2010-07-21"}, {"y1": 1824, "y0": 0, "date": "2010-07-22"}, {"y1": 1824, "y0": 0, "date": "2010-07-23"}, {"y1": 1824, "y0": 0, "date": "2010-07-24"}, {"y1": 1824, "y0": 0, "date": "2010-07-25"}, {"y1": 1824, "y0": 0, "date": "2010-07-26"}, {"y1": 1824, "y0": 0, "date": "2010-07-27"}, {"y1": 1824, "y0": 0, "date": "2010-07-28"}, {"y1": 1824, "y0": 0, "date": "2010-07-29"}, {"y1": 1824, "y0": 0, "date": "2010-07-30"}, {"y1": 1824, "y0": 0, "date": "2010-07-31"}, {"y1": 1824, "y0": 0, "date": "2010-08-01"}, {"y1": 1824, "y0": 0, "date": "2010-08-02"}, {"y1": 1824, "y0": 0, "date": "2010-08-03"}, {"y1": 1824, "y0": 0, "date": "2010-08-04"}, {"y1": 1824, "y0": 0, "date": "2010-08-05"}, {"y1": 1824, "y0": 0, "date": "2010-08-06"}, {"y1": 1824, "y0": 0, "date": "2010-08-07"}, {"y1": 1824, "y0": 0, "date": "2010-08-08"}, {"y1": 1824, "y0": 0, "date": "2010-08-09"}, {"y1": 1824, "y0": 0, "date": "2010-08-10"}, {"y1": 1824, "y0": 0, "date": "2010-08-11"}, {"y1": 1824, "y0": 0, "date": "2010-08-12"}, {"y1": 1824, "y0": 0, "date": "2010-08-13"}, {"y1": 1824, "y0": 0, "date": "2010-08-14"}, {"y1": 1824, "y0": 0, "date": "2010-08-15"}, {"y1": 1824, "y0": 0, "date": "2010-08-16"}, {"y1": 1824, "y0": 0, "date": "2010-08-17"}, {"y1": 1824, "y0": 0, "date": "2010-08-18"}, {"y1": 1824, "y0": 0, "date": "2010-08-19"}, {"y1": 1824, "y0": 0, "date": "2010-08-20"}, {"y1": 1824, "y0": 0, "date": "2010-08-21"}, {"y1": 1824, "y0": 0, "date": "2010-08-22"}, {"y1": 1824, "y0": 0, "date": "2010-08-23"}, {"y1": 1824, "y0": 0, "date": "2010-08-24"}, {"y1": 1824, "y0": 0, "date": "2010-08-25"}, {"y1": 1824, "y0": 0, "date": "2010-08-26"}, {"y1": 1824, "y0": 0, "date": "2010-08-27"}, {"y1": 1824, "y0": 0, "date": "2010-08-28"}, {"y1": 1824, "y0": 0, "date": "2010-08-29"}, {"y1": 1824, "y0": 0, "date": "2010-08-30"}, {"y1": 1824, "y0": 0, "date": "2010-08-31"}, {"y1": 1856, "y0": 0, "date": "2010-09-01"}, {"y1": 1856, "y0": 0, "date": "2010-09-02"}, {"y1": 1856, "y0": 0, "date": "2010-09-03"}, {"y1": 1856, "y0": 0, "date": "2010-09-04"}, {"y1": 1856, "y0": 0, "date": "2010-09-05"}, {"y1": 1856, "y0": 0, "date": "2010-09-06"}, {"y1": 1856, "y0": 0, "date": "2010-09-07"}, {"y1": 1856, "y0": 0, "date": "2010-09-08"}, {"y1": 1856, "y0": 0, "date": "2010-09-09"}, {"y1": 1856, "y0": 0, "date": "2010-09-10"}, {"y1": 1856, "y0": 0, "date": "2010-09-11"}, {"y1": 1856, "y0": 0, "date": "2010-09-12"}, {"y1": 1856, "y0": 0, "date": "2010-09-13"}, {"y1": 1856, "y0": 0, "date": "2010-09-14"}, {"y1": 1856, "y0": 0, "date": "2010-09-15"}, {"y1": 1856, "y0": 0, "date": "2010-09-16"}, {"y1": 1856, "y0": 0, "date": "2010-09-17"}, {"y1": 1856, "y0": 0, "date": "2010-09-18"}, {"y1": 1856, "y0": 0, "date": "2010-09-19"}, {"y1": 1856, "y0": 0, "date": "2010-09-20"}, {"y1": 1856, "y0": 0, "date": "2010-09-21"}, {"y1": 1856, "y0": 0, "date": "2010-09-22"}, {"y1": 1856, "y0": 0, "date": "2010-09-23"}, {"y1": 1856, "y0": 0, "date": "2010-09-24"}, {"y1": 1856, "y0": 0, "date": "2010-09-25"}, {"y1": 1856, "y0": 0, "date": "2010-09-26"}, {"y1": 1856, "y0": 0, "date": "2010-09-27"}, {"y1": 1856, "y0": 0, "date": "2010-09-28"}, {"y1": 1856, "y0": 0, "date": "2010-09-29"}, {"y1": 1856, "y0": 0, "date": "2010-09-30"}, {"y1": 1824, "y0": 0, "date": "2010-10-01"}, {"y1": 1824, "y0": 0, "date": "2010-10-02"}, {"y1": 1824, "y0": 0, "date": "2010-10-03"}, {"y1": 1824, "y0": 0, "date": "2010-10-04"}, {"y1": 1824, "y0": 0, "date": "2010-10-05"}, {"y1": 1824, "y0": 0, "date": "2010-10-06"}, {"y1": 1824, "y0": 0, "date": "2010-10-07"}, {"y1": 1824, "y0": 0, "date": "2010-10-08"}, {"y1": 1824, "y0": 0, "date": "2010-10-09"}, {"y1": 1824, "y0": 0, "date": "2010-10-10"}, {"y1": 1824, "y0": 0, "date": "2010-10-11"}, {"y1": 1824, "y0": 0, "date": "2010-10-12"}, {"y1": 1824, "y0": 0, "date": "2010-10-13"}, {"y1": 1824, "y0": 0, "date": "2010-10-14"}, {"y1": 1824, "y0": 0, "date": "2010-10-15"}, {"y1": 1824, "y0": 0, "date": "2010-10-16"}, {"y1": 1824, "y0": 0, "date": "2010-10-17"}, {"y1": 1824, "y0": 0, "date": "2010-10-18"}, {"y1": 1824, "y0": 0, "date": "2010-10-19"}, {"y1": 1824, "y0": 0, "date": "2010-10-20"}, {"y1": 1824, "y0": 0, "date": "2010-10-21"}, {"y1": 1824, "y0": 0, "date": "2010-10-22"}, {"y1": 1824, "y0": 0, "date": "2010-10-23"}, {"y1": 1824, "y0": 0, "date": "2010-10-24"}, {"y1": 1824, "y0": 0, "date": "2010-10-25"}, {"y1": 1824, "y0": 0, "date": "2010-10-26"}, {"y1": 1824, "y0": 0, "date": "2010-10-27"}, {"y1": 1824, "y0": 0, "date": "2010-10-28"}, {"y1": 1824, "y0": 0, "date": "2010-10-29"}, {"y1": 1824, "y0": 0, "date": "2010-10-30"}, {"y1": 1824, "y0": 0, "date": "2010-10-31"}, {"y1": 1824, "y0": 0, "date": "2010-11-01"}, {"y1": 1824, "y0": 0, "date": "2010-11-02"}, {"y1": 1824, "y0": 0, "date": "2010-11-03"}, {"y1": 1824, "y0": 0, "date": "2010-11-04"}, {"y1": 1824, "y0": 0, "date": "2010-11-05"}, {"y1": 1824, "y0": 0, "date": "2010-11-06"}, {"y1": 1824, "y0": 0, "date": "2010-11-07"}, {"y1": 1824, "y0": 0, "date": "2010-11-08"}, {"y1": 1824, "y0": 0, "date": "2010-11-09"}, {"y1": 1824, "y0": 0, "date": "2010-11-10"}, {"y1": 1824, "y0": 0, "date": "2010-11-11"}, {"y1": 1824, "y0": 0, "date": "2010-11-12"}, {"y1": 1824, "y0": 0, "date": "2010-11-13"}, {"y1": 1824, "y0": 0, "date": "2010-11-14"}, {"y1": 1824, "y0": 0, "date": "2010-11-15"}, {"y1": 1824, "y0": 0, "date": "2010-11-16"}, {"y1": 1824, "y0": 0, "date": "2010-11-17"}, {"y1": 1824, "y0": 0, "date": "2010-11-18"}, {"y1": 1824, "y0": 0, "date": "2010-11-19"}, {"y1": 1824, "y0": 0, "date": "2010-11-20"}, {"y1": 1824, "y0": 0, "date": "2010-11-21"}, {"y1": 1824, "y0": 0, "date": "2010-11-22"}, {"y1": 1824, "y0": 0, "date": "2010-11-23"}, {"y1": 1824, "y0": 0, "date": "2010-11-24"}, {"y1": 1824, "y0": 0, "date": "2010-11-25"}, {"y1": 1824, "y0": 0, "date": "2010-11-26"}, {"y1": 1824, "y0": 0, "date": "2010-11-27"}, {"y1": 1824, "y0": 0, "date": "2010-11-28"}, {"y1": 1824, "y0": 0, "date": "2010-11-29"}, {"y1": 1824, "y0": 0, "date": "2010-11-30"}, {"y1": 1824, "y0": 0, "date": "2010-12-01"}, {"y1": 1824, "y0": 0, "date": "2010-12-02"}, {"y1": 1824, "y0": 0, "date": "2010-12-03"}, {"y1": 1824, "y0": 0, "date": "2010-12-04"}, {"y1": 1824, "y0": 0, "date": "2010-12-05"}, {"y1": 1824, "y0": 0, "date": "2010-12-06"}, {"y1": 1824, "y0": 0, "date": "2010-12-07"}, {"y1": 1824, "y0": 0, "date": "2010-12-08"}, {"y1": 1824, "y0": 0, "date": "2010-12-09"}, {"y1": 1824, "y0": 0, "date": "2010-12-10"}, {"y1": 1824, "y0": 0, "date": "2010-12-11"}, {"y1": 1824, "y0": 0, "date": "2010-12-12"}, {"y1": 1824, "y0": 0, "date": "2010-12-13"}, {"y1": 1824, "y0": 0, "date": "2010-12-14"}, {"y1": 1824, "y0": 0, "date": "2010-12-15"}, {"y1": 1824, "y0": 0, "date": "2010-12-16"}, {"y1": 1824, "y0": 0, "date": "2010-12-17"}, {"y1": 1824, "y0": 0, "date": "2010-12-18"}, {"y1": 1824, "y0": 0, "date": "2010-12-19"}, {"y1": 1824, "y0": 0, "date": "2010-12-20"}, {"y1": 1824, "y0": 0, "date": "2010-12-21"}, {"y1": 1824, "y0": 0, "date": "2010-12-22"}, {"y1": 1824, "y0": 0, "date": "2010-12-23"}, {"y1": 1824, "y0": 0, "date": "2010-12-24"}, {"y1": 1824, "y0": 0, "date": "2010-12-25"}, {"y1": 1824, "y0": 0, "date": "2010-12-26"}, {"y1": 1824, "y0": 0, "date": "2010-12-27"}, {"y1": 1824, "y0": 0, "date": "2010-12-28"}, {"y1": 1824, "y0": 0, "date": "2010-12-29"}, {"y1": 1824, "y0": 0, "date": "2010-12-30"}, {"y1": 1824, "y0": 0, "date": "2010-12-31"}, {"y1": 1824, "y0": 0, "date": "2011-01-01"}, {"y1": 1824, "y0": 0, "date": "2011-01-02"}, {"y1": 1824, "y0": 0, "date": "2011-01-03"}, {"y1": 1824, "y0": 0, "date": "2011-01-04"}, {"y1": 1824, "y0": 0, "date": "2011-01-05"}, {"y1": 1824, "y0": 0, "date": "2011-01-06"}, {"y1": 1824, "y0": 0, "date": "2011-01-07"}, {"y1": 1824, "y0": 0, "date": "2011-01-08"}, {"y1": 1824, "y0": 0, "date": "2011-01-09"}, {"y1": 1824, "y0": 0, "date": "2011-01-10"}, {"y1": 1824, "y0": 0, "date": "2011-01-11"}, {"y1": 1824, "y0": 0, "date": "2011-01-12"}, {"y1": 1824, "y0": 0, "date": "2011-01-13"}, {"y1": 1824, "y0": 0, "date": "2011-01-14"}, {"y1": 1824, "y0": 0, "date": "2011-01-15"}, {"y1": 1824, "y0": 0, "date": "2011-01-16"}, {"y1": 1824, "y0": 0, "date": "2011-01-17"}, {"y1": 1824, "y0": 0, "date": "2011-01-18"}, {"y1": 1824, "y0": 0, "date": "2011-01-19"}, {"y1": 1824, "y0": 0, "date": "2011-01-20"}, {"y1": 1824, "y0": 0, "date": "2011-01-21"}, {"y1": 1824, "y0": 0, "date": "2011-01-22"}, {"y1": 1824, "y0": 0, "date": "2011-01-23"}, {"y1": 1824, "y0": 0, "date": "2011-01-24"}, {"y1": 1824, "y0": 0, "date": "2011-01-25"}, {"y1": 1824, "y0": 0, "date": "2011-01-26"}, {"y1": 1824, "y0": 0, "date": "2011-01-27"}, {"y1": 1824, "y0": 0, "date": "2011-01-28"}, {"y1": 1824, "y0": 0, "date": "2011-01-29"}, {"y1": 1824, "y0": 0, "date": "2011-01-30"}, {"y1": 1824, "y0": 0, "date": "2011-01-31"}, {"y1": 1856, "y0": 0, "date": "2011-02-01"}, {"y1": 1856, "y0": 0, "date": "2011-02-02"}, {"y1": 1856, "y0": 0, "date": "2011-02-03"}, {"y1": 1856, "y0": 0, "date": "2011-02-04"}, {"y1": 1856, "y0": 0, "date": "2011-02-05"}, {"y1": 1856, "y0": 0, "date": "2011-02-06"}, {"y1": 1856, "y0": 0, "date": "2011-02-07"}, {"y1": 1856, "y0": 0, "date": "2011-02-08"}, {"y1": 1856, "y0": 0, "date": "2011-02-09"}, {"y1": 1856, "y0": 0, "date": "2011-02-10"}, {"y1": 1856, "y0": 0, "date": "2011-02-11"}, {"y1": 1856, "y0": 0, "date": "2011-02-12"}, {"y1": 1856, "y0": 0, "date": "2011-02-13"}, {"y1": 1856, "y0": 0, "date": "2011-02-14"}, {"y1": 1856, "y0": 0, "date": "2011-02-15"}, {"y1": 1856, "y0": 0, "date": "2011-02-16"}, {"y1": 1856, "y0": 0, "date": "2011-02-17"}, {"y1": 1856, "y0": 0, "date": "2011-02-18"}, {"y1": 1856, "y0": 0, "date": "2011-02-19"}, {"y1": 1856, "y0": 0, "date": "2011-02-20"}, {"y1": 1856, "y0": 0, "date": "2011-02-21"}, {"y1": 1856, "y0": 0, "date": "2011-02-22"}, {"y1": 1856, "y0": 0, "date": "2011-02-23"}, {"y1": 1856, "y0": 0, "date": "2011-02-24"}, {"y1": 1856, "y0": 0, "date": "2011-02-25"}, {"y1": 1856, "y0": 0, "date": "2011-02-26"}, {"y1": 1856, "y0": 0, "date": "2011-02-27"}, {"y1": 1856, "y0": 0, "date": "2011-02-28"}, {"y1": 1856, "y0": 0, "date": "2011-03-01"}, {"y1": 1856, "y0": 0, "date": "2011-03-02"}, {"y1": 1856, "y0": 0, "date": "2011-03-03"}, {"y1": 1856, "y0": 0, "date": "2011-03-04"}, {"y1": 1856, "y0": 0, "date": "2011-03-05"}, {"y1": 1856, "y0": 0, "date": "2011-03-06"}, {"y1": 1856, "y0": 0, "date": "2011-03-07"}, {"y1": 1856, "y0": 0, "date": "2011-03-08"}, {"y1": 1856, "y0": 0, "date": "2011-03-09"}, {"y1": 1856, "y0": 0, "date": "2011-03-10"}, {"y1": 1856, "y0": 0, "date": "2011-03-11"}, {"y1": 1856, "y0": 0, "date": "2011-03-12"}, {"y1": 1856, "y0": 0, "date": "2011-03-13"}, {"y1": 1856, "y0": 0, "date": "2011-03-14"}, {"y1": 1856, "y0": 0, "date": "2011-03-15"}, {"y1": 1856, "y0": 0, "date": "2011-03-16"}, {"y1": 1856, "y0": 0, "date": "2011-03-17"}, {"y1": 1856, "y0": 0, "date": "2011-03-18"}, {"y1": 1856, "y0": 0, "date": "2011-03-19"}, {"y1": 1856, "y0": 0, "date": "2011-03-20"}, {"y1": 1856, "y0": 0, "date": "2011-03-21"}, {"y1": 1856, "y0": 0, "date": "2011-03-22"}, {"y1": 1856, "y0": 0, "date": "2011-03-23"}, {"y1": 1856, "y0": 0, "date": "2011-03-24"}, {"y1": 1856, "y0": 0, "date": "2011-03-25"}, {"y1": 1856, "y0": 0, "date": "2011-03-26"}, {"y1": 1856, "y0": 0, "date": "2011-03-27"}, {"y1": 1856, "y0": 0, "date": "2011-03-28"}, {"y1": 1856, "y0": 0, "date": "2011-03-29"}, {"y1": 1856, "y0": 0, "date": "2011-03-30"}, {"y1": 1856, "y0": 0, "date": "2011-03-31"}, {"y1": 1856, "y0": 0, "date": "2011-04-01"}, {"y1": 1856, "y0": 0, "date": "2011-04-02"}, {"y1": 1856, "y0": 0, "date": "2011-04-03"}, {"y1": 1856, "y0": 0, "date": "2011-04-04"}, {"y1": 1856, "y0": 0, "date": "2011-04-05"}, {"y1": 1856, "y0": 0, "date": "2011-04-06"}, {"y1": 1856, "y0": 0, "date": "2011-04-07"}, {"y1": 1856, "y0": 0, "date": "2011-04-08"}, {"y1": 1856, "y0": 0, "date": "2011-04-09"}, {"y1": 1856, "y0": 0, "date": "2011-04-10"}, {"y1": 1856, "y0": 0, "date": "2011-04-11"}, {"y1": 1856, "y0": 0, "date": "2011-04-12"}, {"y1": 1856, "y0": 0, "date": "2011-04-13"}, {"y1": 1856, "y0": 0, "date": "2011-04-14"}, {"y1": 1856, "y0": 0, "date": "2011-04-15"}, {"y1": 1856, "y0": 0, "date": "2011-04-16"}, {"y1": 1856, "y0": 0, "date": "2011-04-17"}, {"y1": 1856, "y0": 0, "date": "2011-04-18"}, {"y1": 1856, "y0": 0, "date": "2011-04-19"}, {"y1": 1856, "y0": 0, "date": "2011-04-20"}, {"y1": 1856, "y0": 0, "date": "2011-04-21"}, {"y1": 1856, "y0": 0, "date": "2011-04-22"}, {"y1": 1856, "y0": 0, "date": "2011-04-23"}, {"y1": 1856, "y0": 0, "date": "2011-04-24"}, {"y1": 1856, "y0": 0, "date": "2011-04-25"}, {"y1": 1856, "y0": 0, "date": "2011-04-26"}, {"y1": 1856, "y0": 0, "date": "2011-04-27"}, {"y1": 1856, "y0": 0, "date": "2011-04-28"}, {"y1": 1856, "y0": 0, "date": "2011-04-29"}, {"y1": 1856, "y0": 0, "date": "2011-04-30"}, {"y1": 1856, "y0": 0, "date": "2011-05-01"}, {"y1": 1856, "y0": 0, "date": "2011-05-02"}, {"y1": 1856, "y0": 0, "date": "2011-05-03"}, {"y1": 1856, "y0": 0, "date": "2011-05-04"}, {"y1": 1856, "y0": 0, "date": "2011-05-05"}, {"y1": 1856, "y0": 0, "date": "2011-05-06"}, {"y1": 1856, "y0": 0, "date": "2011-05-07"}, {"y1": 1856, "y0": 0, "date": "2011-05-08"}, {"y1": 1856, "y0": 0, "date": "2011-05-09"}, {"y1": 1856, "y0": 0, "date": "2011-05-10"}, {"y1": 1856, "y0": 0, "date": "2011-05-11"}, {"y1": 1856, "y0": 0, "date": "2011-05-12"}, {"y1": 1856, "y0": 0, "date": "2011-05-13"}, {"y1": 1856, "y0": 0, "date": "2011-05-14"}, {"y1": 1856, "y0": 0, "date": "2011-05-15"}, {"y1": 1856, "y0": 0, "date": "2011-05-16"}, {"y1": 1856, "y0": 0, "date": "2011-05-17"}, {"y1": 1856, "y0": 0, "date": "2011-05-18"}, {"y1": 1856, "y0": 0, "date": "2011-05-19"}, {"y1": 1856, "y0": 0, "date": "2011-05-20"}, {"y1": 1856, "y0": 0, "date": "2011-05-21"}, {"y1": 1856, "y0": 0, "date": "2011-05-22"}, {"y1": 1856, "y0": 0, "date": "2011-05-23"}, {"y1": 1856, "y0": 0, "date": "2011-05-24"}, {"y1": 1856, "y0": 0, "date": "2011-05-25"}, {"y1": 1856, "y0": 0, "date": "2011-05-26"}, {"y1": 1856, "y0": 0, "date": "2011-05-27"}, {"y1": 1856, "y0": 0, "date": "2011-05-28"}, {"y1": 1856, "y0": 0, "date": "2011-05-29"}, {"y1": 1856, "y0": 0, "date": "2011-05-30"}, {"y1": 1856, "y0": 0, "date": "2011-05-31"}, {"y1": 856, "y0": 0, "date": "2011-06-01"}, {"y1": 856, "y0": 0, "date": "2011-06-02"}, {"y1": 856, "y0": 0, "date": "2011-06-03"}, {"y1": 856, "y0": 0, "date": "2011-06-04"}, {"y1": 856, "y0": 0, "date": "2011-06-05"}, {"y1": 856, "y0": 0, "date": "2011-06-06"}, {"y1": 856, "y0": 0, "date": "2011-06-07"}, {"y1": 856, "y0": 0, "date": "2011-06-08"}, {"y1": 856, "y0": 0, "date": "2011-06-09"}, {"y1": 856, "y0": 0, "date": "2011-06-10"}, {"y1": 856, "y0": 0, "date": "2011-06-11"}, {"y1": 856, "y0": 0, "date": "2011-06-12"}, {"y1": 856, "y0": 0, "date": "2011-06-13"}, {"y1": 856, "y0": 0, "date": "2011-06-14"}, {"y1": 856, "y0": 0, "date": "2011-06-15"}, {"y1": 856, "y0": 0, "date": "2011-06-16"}, {"y1": 856, "y0": 0, "date": "2011-06-17"}, {"y1": 856, "y0": 0, "date": "2011-06-18"}, {"y1": 856, "y0": 0, "date": "2011-06-19"}, {"y1": 856, "y0": 0, "date": "2011-06-20"}, {"y1": 856, "y0": 0, "date": "2011-06-21"}, {"y1": 856, "y0": 0, "date": "2011-06-22"}, {"y1": 856, "y0": 0, "date": "2011-06-23"}, {"y1": 856, "y0": 0, "date": "2011-06-24"}, {"y1": 856, "y0": 0, "date": "2011-06-25"}, {"y1": 856, "y0": 0, "date": "2011-06-26"}, {"y1": 856, "y0": 0, "date": "2011-06-27"}, {"y1": 856, "y0": 0, "date": "2011-06-28"}, {"y1": 856, "y0": 0, "date": "2011-06-29"}, {"y1": 856, "y0": 0, "date": "2011-06-30"}]}, {"state": 1, "data": []}, {"state": 0, "data": []}], "filesize": [{"state": 180, "data": []}, {"state": 90, "data": []}, {"state": 30, "data": [{"y1": 2061.0, "y0": 0, "date": "2010-01-01"}, {"y1": 2061.0, "y0": 0, "date": "2010-01-02"}, {"y1": 2061.0, "y0": 0, "date": "2010-01-03"}, {"y1": 2061.0, "y0": 0, "date": "2010-01-04"}, {"y1": 2061.0, "y0": 0, "date": "2010-01-05"}, {"y1": 2061.0, "y0": 0, "date": "2010-01-06"}, {"y1": 2061.0, "y0": 0, "date": "2010-01-07"}, {"y1": 2061.0, "y0": 0, "date": "2010-01-08"}, {"y1": 2061.0, "y0": 0, "date": "2010-01-09"}, {"y1": 2061.0, "y0": 0, "date": "2010-01-10"}, {"y1": 2061.0, "y0": 0, "date": "2010-01-11"}, {"y1": 2061.0, "y0": 0, "date": "2010-01-12"}, {"y1": 2061.0, "y0": 0, "date": "2010-01-13"}, {"y1": 2061.0, "y0": 0, "date": "2010-01-14"}, {"y1": 2061.0, "y0": 0, "date": "2010-01-15"}, {"y1": 2061.0, "y0": 0, "date": "2010-01-16"}, {"y1": 2061.0, "y0": 0, "date": "2010-01-17"}, {"y1": 2061.0, "y0": 0, "date": "2010-01-18"}, {"y1": 2061.0, "y0": 0, "date": "2010-01-19"}, {"y1": 2061.0, "y0": 0, "date": "2010-01-20"}, {"y1": 2061.0, "y0": 0, "date": "2010-01-21"}, {"y1": 2061.0, "y0": 0, "date": "2010-01-22"}, {"y1": 2061.0, "y0": 0, "date": "2010-01-23"}, {"y1": 2061.0, "y0": 0, "date": "2010-01-24"}, {"y1": 2061.0, "y0": 0, "date": "2010-01-25"}, {"y1": 2061.0, "y0": 0, "date": "2010-01-26"}, {"y1": 2061.0, "y0": 0, "date": "2010-01-27"}, {"y1": 2061.0, "y0": 0, "date": "2010-01-28"}, {"y1": 2061.0, "y0": 0, "date": "2010-01-29"}, {"y1": 2061.0, "y0": 0, "date": "2010-01-30"}, {"y1": 2061.0, "y0": 0, "date": "2010-01-31"}, {"y1": 2061.0, "y0": 0, "date": "2010-02-01"}, {"y1": 2061.0, "y0": 0, "date": "2010-02-02"}, {"y1": 2061.0, "y0": 0, "date": "2010-02-03"}, {"y1": 2061.0, "y0": 0, "date": "2010-02-04"}, {"y1": 2061.0, "y0": 0, "date": "2010-02-05"}, {"y1": 2061.0, "y0": 0, "date": "2010-02-06"}, {"y1": 2061.0, "y0": 0, "date": "2010-02-07"}, {"y1": 2061.0, "y0": 0, "date": "2010-02-08"}, {"y1": 2061.0, "y0": 0, "date": "2010-02-09"}, {"y1": 2061.0, "y0": 0, "date": "2010-02-10"}, {"y1": 2061.0, "y0": 0, "date": "2010-02-11"}, {"y1": 2061.0, "y0": 0, "date": "2010-02-12"}, {"y1": 2061.0, "y0": 0, "date": "2010-02-13"}, {"y1": 2061.0, "y0": 0, "date": "2010-02-14"}, {"y1": 2061.0, "y0": 0, "date": "2010-02-15"}, {"y1": 2061.0, "y0": 0, "date": "2010-02-16"}, {"y1": 2061.0, "y0": 0, "date": "2010-02-17"}, {"y1": 2061.0, "y0": 0, "date": "2010-02-18"}, {"y1": 2061.0, "y0": 0, "date": "2010-02-19"}, {"y1": 2061.0, "y0": 0, "date": "2010-02-20"}, {"y1": 2061.0, "y0": 0, "date": "2010-02-21"}, {"y1": 2061.0, "y0": 0, "date": "2010-02-22"}, {"y1": 2061.0, "y0": 0, "date": "2010-02-23"}, {"y1": 2061.0, "y0": 0, "date": "2010-02-24"}, {"y1": 2061.0, "y0": 0, "date": "2010-02-25"}, {"y1": 2061.0, "y0": 0, "date": "2010-02-26"}, {"y1": 2061.0, "y0": 0, "date": "2010-02-27"}, {"y1": 2061.0, "y0": 0, "date": "2010-02-28"}, {"y1": 2061.0, "y0": 0, "date": "2010-03-01"}, {"y1": 2061.0, "y0": 0, "date": "2010-03-02"}, {"y1": 2061.0, "y0": 0, "date": "2010-03-03"}, {"y1": 2061.0, "y0": 0, "date": "2010-03-04"}, {"y1": 2061.0, "y0": 0, "date": "2010-03-05"}, {"y1": 2061.0, "y0": 0, "date": "2010-03-06"}, {"y1": 2061.0, "y0": 0, "date": "2010-03-07"}, {"y1": 2061.0, "y0": 0, "date": "2010-03-08"}, {"y1": 2061.0, "y0": 0, "date": "2010-03-09"}, {"y1": 2061.0, "y0": 0, "date": "2010-03-10"}, {"y1": 2061.0, "y0": 0, "date": "2010-03-11"}, {"y1": 2061.0, "y0": 0, "date": "2010-03-12"}, {"y1": 2061.0, "y0": 0, "date": "2010-03-13"}, {"y1": 2061.0, "y0": 0, "date": "2010-03-14"}, {"y1": 2061.0, "y0": 0, "date": "2010-03-15"}, {"y1": 2061.0, "y0": 0, "date": "2010-03-16"}, {"y1": 2061.0, "y0": 0, "date": "2010-03-17"}, {"y1": 2061.0, "y0": 0, "date": "2010-03-18"}, {"y1": 2061.0, "y0": 0, "date": "2010-03-19"}, {"y1": 2061.0, "y0": 0, "date": "2010-03-20"}, {"y1": 2061.0, "y0": 0, "date": "2010-03-21"}, {"y1": 2061.0, "y0": 0, "date": "2010-03-22"}, {"y1": 2061.0, "y0": 0, "date": "2010-03-23"}, {"y1": 2061.0, "y0": 0, "date": "2010-03-24"}, {"y1": 2061.0, "y0": 0, "date": "2010-03-25"}, {"y1": 2061.0, "y0": 0, "date": "2010-03-26"}, {"y1": 2061.0, "y0": 0, "date": "2010-03-27"}, {"y1": 2061.0, "y0": 0, "date": "2010-03-28"}, {"y1": 2061.0, "y0": 0, "date": "2010-03-29"}, {"y1": 2061.0, "y0": 0, "date": "2010-03-30"}, {"y1": 2061.0, "y0": 0, "date": "2010-03-31"}, {"y1": 2061.0, "y0": 0, "date": "2010-04-01"}, {"y1": 2061.0, "y0": 0, "date": "2010-04-02"}, {"y1": 2061.0, "y0": 0, "date": "2010-04-03"}, {"y1": 2061.0, "y0": 0, "date": "2010-04-04"}, {"y1": 2061.0, "y0": 0, "date": "2010-04-05"}, {"y1": 2061.0, "y0": 0, "date": "2010-04-06"}, {"y1": 2061.0, "y0": 0, "date": "2010-04-07"}, {"y1": 2061.0, "y0": 0, "date": "2010-04-08"}, {"y1": 2061.0, "y0": 0, "date": "2010-04-09"}, {"y1": 2061.0, "y0": 0, "date": "2010-04-10"}, {"y1": 2061.0, "y0": 0, "date": "2010-04-11"}, {"y1": 2061.0, "y0": 0, "date": "2010-04-12"}, {"y1": 2061.0, "y0": 0, "date": "2010-04-13"}, {"y1": 2061.0, "y0": 0, "date": "2010-04-14"}, {"y1": 2061.0, "y0": 0, "date": "2010-04-15"}, {"y1": 2061.0, "y0": 0, "date": "2010-04-16"}, {"y1": 2061.0, "y0": 0, "date": "2010-04-17"}, {"y1": 2061.0, "y0": 0, "date": "2010-04-18"}, {"y1": 2061.0, "y0": 0, "date": "2010-04-19"}, {"y1": 2061.0, "y0": 0, "date": "2010-04-20"}, {"y1": 2061.0, "y0": 0, "date": "2010-04-21"}, {"y1": 2061.0, "y0": 0, "date": "2010-04-22"}, {"y1": 2061.0, "y0": 0, "date": "2010-04-23"}, {"y1": 2061.0, "y0": 0, "date": "2010-04-24"}, {"y1": 2061.0, "y0": 0, "date": "2010-04-25"}, {"y1": 2061.0, "y0": 0, "date": "2010-04-26"}, {"y1": 2061.0, "y0": 0, "date": "2010-04-27"}, {"y1": 2061.0, "y0": 0, "date": "2010-04-28"}, {"y1": 2061.0, "y0": 0, "date": "2010-04-29"}, {"y1": 2061.0, "y0": 0, "date": "2010-04-30"}, {"y1": 2061.0, "y0": 0, "date": "2010-05-01"}, {"y1": 2061.0, "y0": 0, "date": "2010-05-02"}, {"y1": 2061.0, "y0": 0, "date": "2010-05-03"}, {"y1": 2061.0, "y0": 0, "date": "2010-05-04"}, {"y1": 2061.0, "y0": 0, "date": "2010-05-05"}, {"y1": 2061.0, "y0": 0, "date": "2010-05-06"}, {"y1": 2061.0, "y0": 0, "date": "2010-05-07"}, {"y1": 2061.0, "y0": 0, "date": "2010-05-08"}, {"y1": 2061.0, "y0": 0, "date": "2010-05-09"}, {"y1": 2061.0, "y0": 0, "date": "2010-05-10"}, {"y1": 2061.0, "y0": 0, "date": "2010-05-11"}, {"y1": 2061.0, "y0": 0, "date": "2010-05-12"}, {"y1": 2061.0, "y0": 0, "date": "2010-05-13"}, {"y1": 2061.0, "y0": 0, "date": "2010-05-14"}, {"y1": 2061.0, "y0": 0, "date": "2010-05-15"}, {"y1": 2061.0, "y0": 0, "date": "2010-05-16"}, {"y1": 2061.0, "y0": 0, "date": "2010-05-17"}, {"y1": 2061.0, "y0": 0, "date": "2010-05-18"}, {"y1": 2061.0, "y0": 0, "date": "2010-05-19"}, {"y1": 2061.0, "y0": 0, "date": "2010-05-20"}, {"y1": 2061.0, "y0": 0, "date": "2010-05-21"}, {"y1": 2061.0, "y0": 0, "date": "2010-05-22"}, {"y1": 2061.0, "y0": 0, "date": "2010-05-23"}, {"y1": 2061.0, "y0": 0, "date": "2010-05-24"}, {"y1": 2061.0, "y0": 0, "date": "2010-05-25"}, {"y1": 2061.0, "y0": 0, "date": "2010-05-26"}, {"y1": 2061.0, "y0": 0, "date": "2010-05-27"}, {"y1": 2061.0, "y0": 0, "date": "2010-05-28"}, {"y1": 2061.0, "y0": 0, "date": "2010-05-29"}, {"y1": 2061.0, "y0": 0, "date": "2010-05-30"}, {"y1": 2061.0, "y0": 0, "date": "2010-05-31"}, {"y1": 2061.0, "y0": 0, "date": "2010-06-01"}, {"y1": 2061.0, "y0": 0, "date": "2010-06-02"}, {"y1": 2061.0, "y0": 0, "date": "2010-06-03"}, {"y1": 2061.0, "y0": 0, "date": "2010-06-04"}, {"y1": 2061.0, "y0": 0, "date": "2010-06-05"}, {"y1": 2061.0, "y0": 0, "date": "2010-06-06"}, {"y1": 2061.0, "y0": 0, "date": "2010-06-07"}, {"y1": 2061.0, "y0": 0, "date": "2010-06-08"}, {"y1": 2061.0, "y0": 0, "date": "2010-06-09"}, {"y1": 2061.0, "y0": 0, "date": "2010-06-10"}, {"y1": 2061.0, "y0": 0, "date": "2010-06-11"}, {"y1": 2061.0, "y0": 0, "date": "2010-06-12"}, {"y1": 2061.0, "y0": 0, "date": "2010-06-13"}, {"y1": 2061.0, "y0": 0, "date": "2010-06-14"}, {"y1": 2061.0, "y0": 0, "date": "2010-06-15"}, {"y1": 2061.0, "y0": 0, "date": "2010-06-16"}, {"y1": 2061.0, "y0": 0, "date": "2010-06-17"}, {"y1": 2061.0, "y0": 0, "date": "2010-06-18"}, {"y1": 2061.0, "y0": 0, "date": "2010-06-19"}, {"y1": 2061.0, "y0": 0, "date": "2010-06-20"}, {"y1": 2061.0, "y0": 0, "date": "2010-06-21"}, {"y1": 2061.0, "y0": 0, "date": "2010-06-22"}, {"y1": 2061.0, "y0": 0, "date": "2010-06-23"}, {"y1": 2061.0, "y0": 0, "date": "2010-06-24"}, {"y1": 2061.0, "y0": 0, "date": "2010-06-25"}, {"y1": 2061.0, "y0": 0, "date": "2010-06-26"}, {"y1": 2061.0, "y0": 0, "date": "2010-06-27"}, {"y1": 2061.0, "y0": 0, "date": "2010-06-28"}, {"y1": 2061.0, "y0": 0, "date": "2010-06-29"}, {"y1": 2061.0, "y0": 0, "date": "2010-06-30"}, {"y1": 2061.0, "y0": 0, "date": "2010-07-01"}, {"y1": 2061.0, "y0": 0, "date": "2010-07-02"}, {"y1": 2061.0, "y0": 0, "date": "2010-07-03"}, {"y1": 2061.0, "y0": 0, "date": "2010-07-04"}, {"y1": 2061.0, "y0": 0, "date": "2010-07-05"}, {"y1": 2061.0, "y0": 0, "date": "2010-07-06"}, {"y1": 2061.0, "y0": 0, "date": "2010-07-07"}, {"y1": 2061.0, "y0": 0, "date": "2010-07-08"}, {"y1": 2061.0, "y0": 0, "date": "2010-07-09"}, {"y1": 2061.0, "y0": 0, "date": "2010-07-10"}, {"y1": 2061.0, "y0": 0, "date": "2010-07-11"}, {"y1": 2061.0, "y0": 0, "date": "2010-07-12"}, {"y1": 2061.0, "y0": 0, "date": "2010-07-13"}, {"y1": 2061.0, "y0": 0, "date": "2010-07-14"}, {"y1": 2061.0, "y0": 0, "date": "2010-07-15"}, {"y1": 2061.0, "y0": 0, "date": "2010-07-16"}, {"y1": 2061.0, "y0": 0, "date": "2010-07-17"}, {"y1": 2061.0, "y0": 0, "date": "2010-07-18"}, {"y1": 2061.0, "y0": 0, "date": "2010-07-19"}, {"y1": 2061.0, "y0": 0, "date": "2010-07-20"}, {"y1": 2061.0, "y0": 0, "date": "2010-07-21"}, {"y1": 2061.0, "y0": 0, "date": "2010-07-22"}, {"y1": 2061.0, "y0": 0, "date": "2010-07-23"}, {"y1": 2061.0, "y0": 0, "date": "2010-07-24"}, {"y1": 2061.0, "y0": 0, "date": "2010-07-25"}, {"y1": 2061.0, "y0": 0, "date": "2010-07-26"}, {"y1": 2061.0, "y0": 0, "date": "2010-07-27"}, {"y1": 2061.0, "y0": 0, "date": "2010-07-28"}, {"y1": 2061.0, "y0": 0, "date": "2010-07-29"}, {"y1": 2061.0, "y0": 0, "date": "2010-07-30"}, {"y1": 2061.0, "y0": 0, "date": "2010-07-31"}, {"y1": 2061.0, "y0": 0, "date": "2010-08-01"}, {"y1": 2061.0, "y0": 0, "date": "2010-08-02"}, {"y1": 2061.0, "y0": 0, "date": "2010-08-03"}, {"y1": 2061.0, "y0": 0, "date": "2010-08-04"}, {"y1": 2061.0, "y0": 0, "date": "2010-08-05"}, {"y1": 2061.0, "y0": 0, "date": "2010-08-06"}, {"y1": 2061.0, "y0": 0, "date": "2010-08-07"}, {"y1": 2061.0, "y0": 0, "date": "2010-08-08"}, {"y1": 2061.0, "y0": 0, "date": "2010-08-09"}, {"y1": 2061.0, "y0": 0, "date": "2010-08-10"}, {"y1": 2061.0, "y0": 0, "date": "2010-08-11"}, {"y1": 2061.0, "y0": 0, "date": "2010-08-12"}, {"y1": 2061.0, "y0": 0, "date": "2010-08-13"}, {"y1": 2061.0, "y0": 0, "date": "2010-08-14"}, {"y1": 2061.0, "y0": 0, "date": "2010-08-15"}, {"y1": 2061.0, "y0": 0, "date": "2010-08-16"}, {"y1": 2061.0, "y0": 0, "date": "2010-08-17"}, {"y1": 2061.0, "y0": 0, "date": "2010-08-18"}, {"y1": 2061.0, "y0": 0, "date": "2010-08-19"}, {"y1": 2061.0, "y0": 0, "date": "2010-08-20"}, {"y1": 2061.0, "y0": 0, "date": "2010-08-21"}, {"y1": 2061.0, "y0": 0, "date": "2010-08-22"}, {"y1": 2061.0, "y0": 0, "date": "2010-08-23"}, {"y1": 2061.0, "y0": 0, "date": "2010-08-24"}, {"y1": 2061.0, "y0": 0, "date": "2010-08-25"}, {"y1": 2061.0, "y0": 0, "date": "2010-08-26"}, {"y1": 2061.0, "y0": 0, "date": "2010-08-27"}, {"y1": 2061.0, "y0": 0, "date": "2010-08-28"}, {"y1": 2061.0, "y0": 0, "date": "2010-08-29"}, {"y1": 2061.0, "y0": 0, "date": "2010-08-30"}, {"y1": 2061.0, "y0": 0, "date": "2010-08-31"}, {"y1": 2061.0, "y0": 0, "date": "2010-09-01"}, {"y1": 2061.0, "y0": 0, "date": "2010-09-02"}, {"y1": 2061.0, "y0": 0, "date": "2010-09-03"}, {"y1": 2061.0, "y0": 0, "date": "2010-09-04"}, {"y1": 2061.0, "y0": 0, "date": "2010-09-05"}, {"y1": 2061.0, "y0": 0, "date": "2010-09-06"}, {"y1": 2061.0, "y0": 0, "date": "2010-09-07"}, {"y1": 2061.0, "y0": 0, "date": "2010-09-08"}, {"y1": 2061.0, "y0": 0, "date": "2010-09-09"}, {"y1": 2061.0, "y0": 0, "date": "2010-09-10"}, {"y1": 2061.0, "y0": 0, "date": "2010-09-11"}, {"y1": 2061.0, "y0": 0, "date": "2010-09-12"}, {"y1": 2061.0, "y0": 0, "date": "2010-09-13"}, {"y1": 2061.0, "y0": 0, "date": "2010-09-14"}, {"y1": 2061.0, "y0": 0, "date": "2010-09-15"}, {"y1": 2061.0, "y0": 0, "date": "2010-09-16"}, {"y1": 2061.0, "y0": 0, "date": "2010-09-17"}, {"y1": 2061.0, "y0": 0, "date": "2010-09-18"}, {"y1": 2061.0, "y0": 0, "date": "2010-09-19"}, {"y1": 2061.0, "y0": 0, "date": "2010-09-20"}, {"y1": 2061.0, "y0": 0, "date": "2010-09-21"}, {"y1": 2061.0, "y0": 0, "date": "2010-09-22"}, {"y1": 2061.0, "y0": 0, "date": "2010-09-23"}, {"y1": 2061.0, "y0": 0, "date": "2010-09-24"}, {"y1": 2061.0, "y0": 0, "date": "2010-09-25"}, {"y1": 2061.0, "y0": 0, "date": "2010-09-26"}, {"y1": 2061.0, "y0": 0, "date": "2010-09-27"}, {"y1": 2061.0, "y0": 0, "date": "2010-09-28"}, {"y1": 2061.0, "y0": 0, "date": "2010-09-29"}, {"y1": 2061.0, "y0": 0, "date": "2010-09-30"}, {"y1": 2061.0, "y0": 0, "date": "2010-10-01"}, {"y1": 2061.0, "y0": 0, "date": "2010-10-02"}, {"y1": 2061.0, "y0": 0, "date": "2010-10-03"}, {"y1": 2061.0, "y0": 0, "date": "2010-10-04"}, {"y1": 2061.0, "y0": 0, "date": "2010-10-05"}, {"y1": 2061.0, "y0": 0, "date": "2010-10-06"}, {"y1": 2061.0, "y0": 0, "date": "2010-10-07"}, {"y1": 2061.0, "y0": 0, "date": "2010-10-08"}, {"y1": 2061.0, "y0": 0, "date": "2010-10-09"}, {"y1": 2061.0, "y0": 0, "date": "2010-10-10"}, {"y1": 2061.0, "y0": 0, "date": "2010-10-11"}, {"y1": 2061.0, "y0": 0, "date": "2010-10-12"}, {"y1": 2061.0, "y0": 0, "date": "2010-10-13"}, {"y1": 2061.0, "y0": 0, "date": "2010-10-14"}, {"y1": 2061.0, "y0": 0, "date": "2010-10-15"}, {"y1": 2061.0, "y0": 0, "date": "2010-10-16"}, {"y1": 2061.0, "y0": 0, "date": "2010-10-17"}, {"y1": 2061.0, "y0": 0, "date": "2010-10-18"}, {"y1": 2061.0, "y0": 0, "date": "2010-10-19"}, {"y1": 2061.0, "y0": 0, "date": "2010-10-20"}, {"y1": 2061.0, "y0": 0, "date": "2010-10-21"}, {"y1": 2061.0, "y0": 0, "date": "2010-10-22"}, {"y1": 2061.0, "y0": 0, "date": "2010-10-23"}, {"y1": 2061.0, "y0": 0, "date": "2010-10-24"}, {"y1": 2061.0, "y0": 0, "date": "2010-10-25"}, {"y1": 2061.0, "y0": 0, "date": "2010-10-26"}, {"y1": 2061.0, "y0": 0, "date": "2010-10-27"}, {"y1": 2061.0, "y0": 0, "date": "2010-10-28"}, {"y1": 2061.0, "y0": 0, "date": "2010-10-29"}, {"y1": 2061.0, "y0": 0, "date": "2010-10-30"}, {"y1": 2061.0, "y0": 0, "date": "2010-10-31"}, {"y1": 2061.0, "y0": 0, "date": "2010-11-01"}, {"y1": 2061.0, "y0": 0, "date": "2010-11-02"}, {"y1": 2061.0, "y0": 0, "date": "2010-11-03"}, {"y1": 2061.0, "y0": 0, "date": "2010-11-04"}, {"y1": 2061.0, "y0": 0, "date": "2010-11-05"}, {"y1": 2061.0, "y0": 0, "date": "2010-11-06"}, {"y1": 2061.0, "y0": 0, "date": "2010-11-07"}, {"y1": 2061.0, "y0": 0, "date": "2010-11-08"}, {"y1": 2061.0, "y0": 0, "date": "2010-11-09"}, {"y1": 2061.0, "y0": 0, "date": "2010-11-10"}, {"y1": 2061.0, "y0": 0, "date": "2010-11-11"}, {"y1": 2061.0, "y0": 0, "date": "2010-11-12"}, {"y1": 2061.0, "y0": 0, "date": "2010-11-13"}, {"y1": 2061.0, "y0": 0, "date": "2010-11-14"}, {"y1": 2061.0, "y0": 0, "date": "2010-11-15"}, {"y1": 2061.0, "y0": 0, "date": "2010-11-16"}, {"y1": 2061.0, "y0": 0, "date": "2010-11-17"}, {"y1": 2061.0, "y0": 0, "date": "2010-11-18"}, {"y1": 2061.0, "y0": 0, "date": "2010-11-19"}, {"y1": 2061.0, "y0": 0, "date": "2010-11-20"}, {"y1": 2061.0, "y0": 0, "date": "2010-11-21"}, {"y1": 2061.0, "y0": 0, "date": "2010-11-22"}, {"y1": 2061.0, "y0": 0, "date": "2010-11-23"}, {"y1": 2061.0, "y0": 0, "date": "2010-11-24"}, {"y1": 2061.0, "y0": 0, "date": "2010-11-25"}, {"y1": 2061.0, "y0": 0, "date": "2010-11-26"}, {"y1": 2061.0, "y0": 0, "date": "2010-11-27"}, {"y1": 2061.0, "y0": 0, "date": "2010-11-28"}, {"y1": 2061.0, "y0": 0, "date": "2010-11-29"}, {"y1": 2061.0, "y0": 0, "date": "2010-11-30"}, {"y1": 2061.0, "y0": 0, "date": "2010-12-01"}, {"y1": 2061.0, "y0": 0, "date": "2010-12-02"}, {"y1": 2061.0, "y0": 0, "date": "2010-12-03"}, {"y1": 2061.0, "y0": 0, "date": "2010-12-04"}, {"y1": 2061.0, "y0": 0, "date": "2010-12-05"}, {"y1": 2061.0, "y0": 0, "date": "2010-12-06"}, {"y1": 2061.0, "y0": 0, "date": "2010-12-07"}, {"y1": 2061.0, "y0": 0, "date": "2010-12-08"}, {"y1": 2061.0, "y0": 0, "date": "2010-12-09"}, {"y1": 2061.0, "y0": 0, "date": "2010-12-10"}, {"y1": 2061.0, "y0": 0, "date": "2010-12-11"}, {"y1": 2061.0, "y0": 0, "date": "2010-12-12"}, {"y1": 2061.0, "y0": 0, "date": "2010-12-13"}, {"y1": 2061.0, "y0": 0, "date": "2010-12-14"}, {"y1": 2061.0, "y0": 0, "date": "2010-12-15"}, {"y1": 2061.0, "y0": 0, "date": "2010-12-16"}, {"y1": 2061.0, "y0": 0, "date": "2010-12-17"}, {"y1": 2061.0, "y0": 0, "date": "2010-12-18"}, {"y1": 2061.0, "y0": 0, "date": "2010-12-19"}, {"y1": 2061.0, "y0": 0, "date": "2010-12-20"}, {"y1": 2061.0, "y0": 0, "date": "2010-12-21"}, {"y1": 2061.0, "y0": 0, "date": "2010-12-22"}, {"y1": 2061.0, "y0": 0, "date": "2010-12-23"}, {"y1": 2061.0, "y0": 0, "date": "2010-12-24"}, {"y1": 2061.0, "y0": 0, "date": "2010-12-25"}, {"y1": 2061.0, "y0": 0, "date": "2010-12-26"}, {"y1": 2061.0, "y0": 0, "date": "2010-12-27"}, {"y1": 2061.0, "y0": 0, "date": "2010-12-28"}, {"y1": 2061.0, "y0": 0, "date": "2010-12-29"}, {"y1": 2061.0, "y0": 0, "date": "2010-12-30"}, {"y1": 2061.0, "y0": 0, "date": "2010-12-31"}, {"y1": 2061.0, "y0": 0, "date": "2011-01-01"}, {"y1": 2061.0, "y0": 0, "date": "2011-01-02"}, {"y1": 2061.0, "y0": 0, "date": "2011-01-03"}, {"y1": 2061.0, "y0": 0, "date": "2011-01-04"}, {"y1": 2061.0, "y0": 0, "date": "2011-01-05"}, {"y1": 2061.0, "y0": 0, "date": "2011-01-06"}, {"y1": 2061.0, "y0": 0, "date": "2011-01-07"}, {"y1": 2061.0, "y0": 0, "date": "2011-01-08"}, {"y1": 2061.0, "y0": 0, "date": "2011-01-09"}, {"y1": 2061.0, "y0": 0, "date": "2011-01-10"}, {"y1": 2061.0, "y0": 0, "date": "2011-01-11"}, {"y1": 2061.0, "y0": 0, "date": "2011-01-12"}, {"y1": 2061.0, "y0": 0, "date": "2011-01-13"}, {"y1": 2061.0, "y0": 0, "date": "2011-01-14"}, {"y1": 2061.0, "y0": 0, "date": "2011-01-15"}, {"y1": 2061.0, "y0": 0, "date": "2011-01-16"}, {"y1": 2061.0, "y0": 0, "date": "2011-01-17"}, {"y1": 2061.0, "y0": 0, "date": "2011-01-18"}, {"y1": 2061.0, "y0": 0, "date": "2011-01-19"}, {"y1": 2061.0, "y0": 0, "date": "2011-01-20"}, {"y1": 2061.0, "y0": 0, "date": "2011-01-21"}, {"y1": 2061.0, "y0": 0, "date": "2011-01-22"}, {"y1": 2061.0, "y0": 0, "date": "2011-01-23"}, {"y1": 2061.0, "y0": 0, "date": "2011-01-24"}, {"y1": 2061.0, "y0": 0, "date": "2011-01-25"}, {"y1": 2061.0, "y0": 0, "date": "2011-01-26"}, {"y1": 2061.0, "y0": 0, "date": "2011-01-27"}, {"y1": 2061.0, "y0": 0, "date": "2011-01-28"}, {"y1": 2061.0, "y0": 0, "date": "2011-01-29"}, {"y1": 2061.0, "y0": 0, "date": "2011-01-30"}, {"y1": 2061.0, "y0": 0, "date": "2011-01-31"}, {"y1": 2061.0, "y0": 0, "date": "2011-02-01"}, {"y1": 2061.0, "y0": 0, "date": "2011-02-02"}, {"y1": 2061.0, "y0": 0, "date": "2011-02-03"}, {"y1": 2061.0, "y0": 0, "date": "2011-02-04"}, {"y1": 2061.0, "y0": 0, "date": "2011-02-05"}, {"y1": 2061.0, "y0": 0, "date": "2011-02-06"}, {"y1": 2061.0, "y0": 0, "date": "2011-02-07"}, {"y1": 2061.0, "y0": 0, "date": "2011-02-08"}, {"y1": 2061.0, "y0": 0, "date": "2011-02-09"}, {"y1": 2061.0, "y0": 0, "date": "2011-02-10"}, {"y1": 2061.0, "y0": 0, "date": "2011-02-11"}, {"y1": 2061.0, "y0": 0, "date": "2011-02-12"}, {"y1": 2061.0, "y0": 0, "date": "2011-02-13"}, {"y1": 2061.0, "y0": 0, "date": "2011-02-14"}, {"y1": 2061.0, "y0": 0, "date": "2011-02-15"}, {"y1": 2061.0, "y0": 0, "date": "2011-02-16"}, {"y1": 2061.0, "y0": 0, "date": "2011-02-17"}, {"y1": 2061.0, "y0": 0, "date": "2011-02-18"}, {"y1": 2061.0, "y0": 0, "date": "2011-02-19"}, {"y1": 2061.0, "y0": 0, "date": "2011-02-20"}, {"y1": 2061.0, "y0": 0, "date": "2011-02-21"}, {"y1": 2061.0, "y0": 0, "date": "2011-02-22"}, {"y1": 2061.0, "y0": 0, "date": "2011-02-23"}, {"y1": 2061.0, "y0": 0, "date": "2011-02-24"}, {"y1": 2061.0, "y0": 0, "date": "2011-02-25"}, {"y1": 2061.0, "y0": 0, "date": "2011-02-26"}, {"y1": 2061.0, "y0": 0, "date": "2011-02-27"}, {"y1": 2061.0, "y0": 0, "date": "2011-02-28"}, {"y1": 2061.0, "y0": 0, "date": "2011-03-01"}, {"y1": 2061.0, "y0": 0, "date": "2011-03-02"}, {"y1": 2061.0, "y0": 0, "date": "2011-03-03"}, {"y1": 2061.0, "y0": 0, "date": "2011-03-04"}, {"y1": 2061.0, "y0": 0, "date": "2011-03-05"}, {"y1": 2061.0, "y0": 0, "date": "2011-03-06"}, {"y1": 2061.0, "y0": 0, "date": "2011-03-07"}, {"y1": 2061.0, "y0": 0, "date": "2011-03-08"}, {"y1": 2061.0, "y0": 0, "date": "2011-03-09"}, {"y1": 2061.0, "y0": 0, "date": "2011-03-10"}, {"y1": 2061.0, "y0": 0, "date": "2011-03-11"}, {"y1": 2061.0, "y0": 0, "date": "2011-03-12"}, {"y1": 2061.0, "y0": 0, "date": "2011-03-13"}, {"y1": 2061.0, "y0": 0, "date": "2011-03-14"}, {"y1": 2061.0, "y0": 0, "date": "2011-03-15"}, {"y1": 2061.0, "y0": 0, "date": "2011-03-16"}, {"y1": 2061.0, "y0": 0, "date": "2011-03-17"}, {"y1": 2061.0, "y0": 0, "date": "2011-03-18"}, {"y1": 2061.0, "y0": 0, "date": "2011-03-19"}, {"y1": 2061.0, "y0": 0, "date": "2011-03-20"}, {"y1": 2061.0, "y0": 0, "date": "2011-03-21"}, {"y1": 2061.0, "y0": 0, "date": "2011-03-22"}, {"y1": 2061.0, "y0": 0, "date": "2011-03-23"}, {"y1": 2061.0, "y0": 0, "date": "2011-03-24"}, {"y1": 2061.0, "y0": 0, "date": "2011-03-25"}, {"y1": 2061.0, "y0": 0, "date": "2011-03-26"}, {"y1": 2061.0, "y0": 0, "date": "2011-03-27"}, {"y1": 2061.0, "y0": 0, "date": "2011-03-28"}, {"y1": 2061.0, "y0": 0, "date": "2011-03-29"}, {"y1": 2061.0, "y0": 0, "date": "2011-03-30"}, {"y1": 2061.0, "y0": 0, "date": "2011-03-31"}, {"y1": 2061.0, "y0": 0, "date": "2011-04-01"}, {"y1": 2061.0, "y0": 0, "date": "2011-04-02"}, {"y1": 2061.0, "y0": 0, "date": "2011-04-03"}, {"y1": 2061.0, "y0": 0, "date": "2011-04-04"}, {"y1": 2061.0, "y0": 0, "date": "2011-04-05"}, {"y1": 2061.0, "y0": 0, "date": "2011-04-06"}, {"y1": 2061.0, "y0": 0, "date": "2011-04-07"}, {"y1": 2061.0, "y0": 0, "date": "2011-04-08"}, {"y1": 2061.0, "y0": 0, "date": "2011-04-09"}, {"y1": 2061.0, "y0": 0, "date": "2011-04-10"}, {"y1": 2061.0, "y0": 0, "date": "2011-04-11"}, {"y1": 2061.0, "y0": 0, "date": "2011-04-12"}, {"y1": 2061.0, "y0": 0, "date": "2011-04-13"}, {"y1": 2061.0, "y0": 0, "date": "2011-04-14"}, {"y1": 2061.0, "y0": 0, "date": "2011-04-15"}, {"y1": 2061.0, "y0": 0, "date": "2011-04-16"}, {"y1": 2061.0, "y0": 0, "date": "2011-04-17"}, {"y1": 2061.0, "y0": 0, "date": "2011-04-18"}, {"y1": 2061.0, "y0": 0, "date": "2011-04-19"}, {"y1": 2061.0, "y0": 0, "date": "2011-04-20"}, {"y1": 2061.0, "y0": 0, "date": "2011-04-21"}, {"y1": 2061.0, "y0": 0, "date": "2011-04-22"}, {"y1": 2061.0, "y0": 0, "date": "2011-04-23"}, {"y1": 2061.0, "y0": 0, "date": "2011-04-24"}, {"y1": 2061.0, "y0": 0, "date": "2011-04-25"}, {"y1": 2061.0, "y0": 0, "date": "2011-04-26"}, {"y1": 2061.0, "y0": 0, "date": "2011-04-27"}, {"y1": 2061.0, "y0": 0, "date": "2011-04-28"}, {"y1": 2061.0, "y0": 0, "date": "2011-04-29"}, {"y1": 2061.0, "y0": 0, "date": "2011-04-30"}, {"y1": 2061.0, "y0": 0, "date": "2011-05-01"}, {"y1": 2061.0, "y0": 0, "date": "2011-05-02"}, {"y1": 2061.0, "y0": 0, "date": "2011-05-03"}, {"y1": 2061.0, "y0": 0, "date": "2011-05-04"}, {"y1": 2061.0, "y0": 0, "date": "2011-05-05"}, {"y1": 2061.0, "y0": 0, "date": "2011-05-06"}, {"y1": 2061.0, "y0": 0, "date": "2011-05-07"}, {"y1": 2061.0, "y0": 0, "date": "2011-05-08"}, {"y1": 2061.0, "y0": 0, "date": "2011-05-09"}, {"y1": 2061.0, "y0": 0, "date": "2011-05-10"}, {"y1": 2061.0, "y0": 0, "date": "2011-05-11"}, {"y1": 2061.0, "y0": 0, "date": "2011-05-12"}, {"y1": 2061.0, "y0": 0, "date": "2011-05-13"}, {"y1": 2061.0, "y0": 0, "date": "2011-05-14"}, {"y1": 2061.0, "y0": 0, "date": "2011-05-15"}, {"y1": 2061.0, "y0": 0, "date": "2011-05-16"}, {"y1": 2061.0, "y0": 0, "date": "2011-05-17"}, {"y1": 2061.0, "y0": 0, "date": "2011-05-18"}, {"y1": 2061.0, "y0": 0, "date": "2011-05-19"}, {"y1": 2061.0, "y0": 0, "date": "2011-05-20"}, {"y1": 2061.0, "y0": 0, "date": "2011-05-21"}, {"y1": 2061.0, "y0": 0, "date": "2011-05-22"}, {"y1": 2061.0, "y0": 0, "date": "2011-05-23"}, {"y1": 2061.0, "y0": 0, "date": "2011-05-24"}, {"y1": 2061.0, "y0": 0, "date": "2011-05-25"}, {"y1": 2061.0, "y0": 0, "date": "2011-05-26"}, {"y1": 2061.0, "y0": 0, "date": "2011-05-27"}, {"y1": 2061.0, "y0": 0, "date": "2011-05-28"}, {"y1": 2061.0, "y0": 0, "date": "2011-05-29"}, {"y1": 2061.0, "y0": 0, "date": "2011-05-30"}, {"y1": 2061.0, "y0": 0, "date": "2011-05-31"}, {"y1": 2061.0, "y0": 0, "date": "2011-06-01"}, {"y1": 2061.0, "y0": 0, "date": "2011-06-02"}, {"y1": 2061.0, "y0": 0, "date": "2011-06-03"}, {"y1": 2061.0, "y0": 0, "date": "2011-06-04"}, {"y1": 2061.0, "y0": 0, "date": "2011-06-05"}, {"y1": 2061.0, "y0": 0, "date": "2011-06-06"}, {"y1": 2061.0, "y0": 0, "date": "2011-06-07"}, {"y1": 2061.0, "y0": 0, "date": "2011-06-08"}, {"y1": 2061.0, "y0": 0, "date": "2011-06-09"}, {"y1": 2061.0, "y0": 0, "date": "2011-06-10"}, {"y1": 2061.0, "y0": 0, "date": "2011-06-11"}, {"y1": 2061.0, "y0": 0, "date": "2011-06-12"}, {"y1": 2061.0, "y0": 0, "date": "2011-06-13"}, {"y1": 2061.0, "y0": 0, "date": "2011-06-14"}, {"y1": 2061.0, "y0": 0, "date": "2011-06-15"}, {"y1": 2061.0, "y0": 0, "date": "2011-06-16"}, {"y1": 2061.0, "y0": 0, "date": "2011-06-17"}, {"y1": 2061.0, "y0": 0, "date": "2011-06-18"}, {"y1": 2061.0, "y0": 0, "date": "2011-06-19"}, {"y1": 2061.0, "y0": 0, "date": "2011-06-20"}, {"y1": 2061.0, "y0": 0, "date": "2011-06-21"}, {"y1": 2061.0, "y0": 0, "date": "2011-06-22"}, {"y1": 2061.0, "y0": 0, "date": "2011-06-23"}, {"y1": 2061.0, "y0": 0, "date": "2011-06-24"}, {"y1": 2061.0, "y0": 0, "date": "2011-06-25"}, {"y1": 2061.0, "y0": 0, "date": "2011-06-26"}, {"y1": 2061.0, "y0": 0, "date": "2011-06-27"}, {"y1": 2061.0, "y0": 0, "date": "2011-06-28"}, {"y1": 2061.0, "y0": 0, "date": "2011-06-29"}, {"y1": 2061.0, "y0": 0, "date": "2011-06-30"}]}, {"state": 1, "data": []}, {"state": 0, "data": []}], "dataset": [{"state": 180, "data": []}, {"state": 90, "data": []}, {"state": 30, "data": [{"y1": 1, "y0": 0, "date": "2010-01-01"}, {"y1": 1, "y0": 0, "date": "2010-01-02"}, {"y1": 1, "y0": 0, "date": "2010-01-03"}, {"y1": 1, "y0": 0, "date": "2010-01-04"}, {"y1": 1, "y0": 0, "date": "2010-01-05"}, {"y1": 1, "y0": 0, "date": "2010-01-06"}, {"y1": 1, "y0": 0, "date": "2010-01-07"}, {"y1": 1, "y0": 0, "date": "2010-01-08"}, {"y1": 1, "y0": 0, "date": "2010-01-09"}, {"y1": 1, "y0": 0, "date": "2010-01-10"}, {"y1": 1, "y0": 0, "date": "2010-01-11"}, {"y1": 1, "y0": 0, "date": "2010-01-12"}, {"y1": 1, "y0": 0, "date": "2010-01-13"}, {"y1": 1, "y0": 0, "date": "2010-01-14"}, {"y1": 1, "y0": 0, "date": "2010-01-15"}, {"y1": 1, "y0": 0, "date": "2010-01-16"}, {"y1": 1, "y0": 0, "date": "2010-01-17"}, {"y1": 1, "y0": 0, "date": "2010-01-18"}, {"y1": 1, "y0": 0, "date": "2010-01-19"}, {"y1": 1, "y0": 0, "date": "2010-01-20"}, {"y1": 1, "y0": 0, "date": "2010-01-21"}, {"y1": 1, "y0": 0, "date": "2010-01-22"}, {"y1": 1, "y0": 0, "date": "2010-01-23"}, {"y1": 1, "y0": 0, "date": "2010-01-24"}, {"y1": 1, "y0": 0, "date": "2010-01-25"}, {"y1": 1, "y0": 0, "date": "2010-01-26"}, {"y1": 1, "y0": 0, "date": "2010-01-27"}, {"y1": 1, "y0": 0, "date": "2010-01-28"}, {"y1": 1, "y0": 0, "date": "2010-01-29"}, {"y1": 1, "y0": 0, "date": "2010-01-30"}, {"y1": 1, "y0": 0, "date": "2010-01-31"}, {"y1": 1, "y0": 0, "date": "2010-02-01"}, {"y1": 1, "y0": 0, "date": "2010-02-02"}, {"y1": 1, "y0": 0, "date": "2010-02-03"}, {"y1": 1, "y0": 0, "date": "2010-02-04"}, {"y1": 1, "y0": 0, "date": "2010-02-05"}, {"y1": 1, "y0": 0, "date": "2010-02-06"}, {"y1": 1, "y0": 0, "date": "2010-02-07"}, {"y1": 1, "y0": 0, "date": "2010-02-08"}, {"y1": 1, "y0": 0, "date": "2010-02-09"}, {"y1": 1, "y0": 0, "date": "2010-02-10"}, {"y1": 1, "y0": 0, "date": "2010-02-11"}, {"y1": 1, "y0": 0, "date": "2010-02-12"}, {"y1": 1, "y0": 0, "date": "2010-02-13"}, {"y1": 1, "y0": 0, "date": "2010-02-14"}, {"y1": 1, "y0": 0, "date": "2010-02-15"}, {"y1": 1, "y0": 0, "date": "2010-02-16"}, {"y1": 1, "y0": 0, "date": "2010-02-17"}, {"y1": 1, "y0": 0, "date": "2010-02-18"}, {"y1": 1, "y0": 0, "date": "2010-02-19"}, {"y1": 1, "y0": 0, "date": "2010-02-20"}, {"y1": 1, "y0": 0, "date": "2010-02-21"}, {"y1": 1, "y0": 0, "date": "2010-02-22"}, {"y1": 1, "y0": 0, "date": "2010-02-23"}, {"y1": 1, "y0": 0, "date": "2010-02-24"}, {"y1": 1, "y0": 0, "date": "2010-02-25"}, {"y1": 1, "y0": 0, "date": "2010-02-26"}, {"y1": 1, "y0": 0, "date": "2010-02-27"}, {"y1": 1, "y0": 0, "date": "2010-02-28"}, {"y1": 1, "y0": 0, "date": "2010-03-01"}, {"y1": 1, "y0": 0, "date": "2010-03-02"}, {"y1": 1, "y0": 0, "date": "2010-03-03"}, {"y1": 1, "y0": 0, "date": "2010-03-04"}, {"y1": 1, "y0": 0, "date": "2010-03-05"}, {"y1": 1, "y0": 0, "date": "2010-03-06"}, {"y1": 1, "y0": 0, "date": "2010-03-07"}, {"y1": 1, "y0": 0, "date": "2010-03-08"}, {"y1": 1, "y0": 0, "date": "2010-03-09"}, {"y1": 1, "y0": 0, "date": "2010-03-10"}, {"y1": 1, "y0": 0, "date": "2010-03-11"}, {"y1": 1, "y0": 0, "date": "2010-03-12"}, {"y1": 1, "y0": 0, "date": "2010-03-13"}, {"y1": 1, "y0": 0, "date": "2010-03-14"}, {"y1": 1, "y0": 0, "date": "2010-03-15"}, {"y1": 1, "y0": 0, "date": "2010-03-16"}, {"y1": 1, "y0": 0, "date": "2010-03-17"}, {"y1": 1, "y0": 0, "date": "2010-03-18"}, {"y1": 1, "y0": 0, "date": "2010-03-19"}, {"y1": 1, "y0": 0, "date": "2010-03-20"}, {"y1": 1, "y0": 0, "date": "2010-03-21"}, {"y1": 1, "y0": 0, "date": "2010-03-22"}, {"y1": 1, "y0": 0, "date": "2010-03-23"}, {"y1": 1, "y0": 0, "date": "2010-03-24"}, {"y1": 1, "y0": 0, "date": "2010-03-25"}, {"y1": 1, "y0": 0, "date": "2010-03-26"}, {"y1": 1, "y0": 0, "date": "2010-03-27"}, {"y1": 1, "y0": 0, "date": "2010-03-28"}, {"y1": 1, "y0": 0, "date": "2010-03-29"}, {"y1": 1, "y0": 0, "date": "2010-03-30"}, {"y1": 1, "y0": 0, "date": "2010-03-31"}, {"y1": 1, "y0": 0, "date": "2010-04-01"}, {"y1": 1, "y0": 0, "date": "2010-04-02"}, {"y1": 1, "y0": 0, "date": "2010-04-03"}, {"y1": 1, "y0": 0, "date": "2010-04-04"}, {"y1": 1, "y0": 0, "date": "2010-04-05"}, {"y1": 1, "y0": 0, "date": "2010-04-06"}, {"y1": 1, "y0": 0, "date": "2010-04-07"}, {"y1": 1, "y0": 0, "date": "2010-04-08"}, {"y1": 1, "y0": 0, "date": "2010-04-09"}, {"y1": 1, "y0": 0, "date": "2010-04-10"}, {"y1": 1, "y0": 0, "date": "2010-04-11"}, {"y1": 1, "y0": 0, "date": "2010-04-12"}, {"y1": 1, "y0": 0, "date": "2010-04-13"}, {"y1": 1, "y0": 0, "date": "2010-04-14"}, {"y1": 1, "y0": 0, "date": "2010-04-15"}, {"y1": 1, "y0": 0, "date": "2010-04-16"}, {"y1": 1, "y0": 0, "date": "2010-04-17"}, {"y1": 1, "y0": 0, "date": "2010-04-18"}, {"y1": 1, "y0": 0, "date": "2010-04-19"}, {"y1": 1, "y0": 0, "date": "2010-04-20"}, {"y1": 1, "y0": 0, "date": "2010-04-21"}, {"y1": 1, "y0": 0, "date": "2010-04-22"}, {"y1": 1, "y0": 0, "date": "2010-04-23"}, {"y1": 1, "y0": 0, "date": "2010-04-24"}, {"y1": 1, "y0": 0, "date": "2010-04-25"}, {"y1": 1, "y0": 0, "date": "2010-04-26"}, {"y1": 1, "y0": 0, "date": "2010-04-27"}, {"y1": 1, "y0": 0, "date": "2010-04-28"}, {"y1": 1, "y0": 0, "date": "2010-04-29"}, {"y1": 1, "y0": 0, "date": "2010-04-30"}, {"y1": 1, "y0": 0, "date": "2010-05-01"}, {"y1": 1, "y0": 0, "date": "2010-05-02"}, {"y1": 1, "y0": 0, "date": "2010-05-03"}, {"y1": 1, "y0": 0, "date": "2010-05-04"}, {"y1": 1, "y0": 0, "date": "2010-05-05"}, {"y1": 1, "y0": 0, "date": "2010-05-06"}, {"y1": 1, "y0": 0, "date": "2010-05-07"}, {"y1": 1, "y0": 0, "date": "2010-05-08"}, {"y1": 1, "y0": 0, "date": "2010-05-09"}, {"y1": 1, "y0": 0, "date": "2010-05-10"}, {"y1": 1, "y0": 0, "date": "2010-05-11"}, {"y1": 1, "y0": 0, "date": "2010-05-12"}, {"y1": 1, "y0": 0, "date": "2010-05-13"}, {"y1": 1, "y0": 0, "date": "2010-05-14"}, {"y1": 1, "y0": 0, "date": "2010-05-15"}, {"y1": 1, "y0": 0, "date": "2010-05-16"}, {"y1": 1, "y0": 0, "date": "2010-05-17"}, {"y1": 1, "y0": 0, "date": "2010-05-18"}, {"y1": 1, "y0": 0, "date": "2010-05-19"}, {"y1": 1, "y0": 0, "date": "2010-05-20"}, {"y1": 1, "y0": 0, "date": "2010-05-21"}, {"y1": 1, "y0": 0, "date": "2010-05-22"}, {"y1": 1, "y0": 0, "date": "2010-05-23"}, {"y1": 1, "y0": 0, "date": "2010-05-24"}, {"y1": 1, "y0": 0, "date": "2010-05-25"}, {"y1": 1, "y0": 0, "date": "2010-05-26"}, {"y1": 1, "y0": 0, "date": "2010-05-27"}, {"y1": 1, "y0": 0, "date": "2010-05-28"}, {"y1": 1, "y0": 0, "date": "2010-05-29"}, {"y1": 1, "y0": 0, "date": "2010-05-30"}, {"y1": 1, "y0": 0, "date": "2010-05-31"}, {"y1": 1, "y0": 0, "date": "2010-06-01"}, {"y1": 1, "y0": 0, "date": "2010-06-02"}, {"y1": 1, "y0": 0, "date": "2010-06-03"}, {"y1": 1, "y0": 0, "date": "2010-06-04"}, {"y1": 1, "y0": 0, "date": "2010-06-05"}, {"y1": 1, "y0": 0, "date": "2010-06-06"}, {"y1": 1, "y0": 0, "date": "2010-06-07"}, {"y1": 1, "y0": 0, "date": "2010-06-08"}, {"y1": 1, "y0": 0, "date": "2010-06-09"}, {"y1": 1, "y0": 0, "date": "2010-06-10"}, {"y1": 1, "y0": 0, "date": "2010-06-11"}, {"y1": 1, "y0": 0, "date": "2010-06-12"}, {"y1": 1, "y0": 0, "date": "2010-06-13"}, {"y1": 1, "y0": 0, "date": "2010-06-14"}, {"y1": 1, "y0": 0, "date": "2010-06-15"}, {"y1": 1, "y0": 0, "date": "2010-06-16"}, {"y1": 1, "y0": 0, "date": "2010-06-17"}, {"y1": 1, "y0": 0, "date": "2010-06-18"}, {"y1": 1, "y0": 0, "date": "2010-06-19"}, {"y1": 1, "y0": 0, "date": "2010-06-20"}, {"y1": 1, "y0": 0, "date": "2010-06-21"}, {"y1": 1, "y0": 0, "date": "2010-06-22"}, {"y1": 1, "y0": 0, "date": "2010-06-23"}, {"y1": 1, "y0": 0, "date": "2010-06-24"}, {"y1": 1, "y0": 0, "date": "2010-06-25"}, {"y1": 1, "y0": 0, "date": "2010-06-26"}, {"y1": 1, "y0": 0, "date": "2010-06-27"}, {"y1": 1, "y0": 0, "date": "2010-06-28"}, {"y1": 1, "y0": 0, "date": "2010-06-29"}, {"y1": 1, "y0": 0, "date": "2010-06-30"}, {"y1": 1, "y0": 0, "date": "2010-07-01"}, {"y1": 1, "y0": 0, "date": "2010-07-02"}, {"y1": 1, "y0": 0, "date": "2010-07-03"}, {"y1": 1, "y0": 0, "date": "2010-07-04"}, {"y1": 1, "y0": 0, "date": "2010-07-05"}, {"y1": 1, "y0": 0, "date": "2010-07-06"}, {"y1": 1, "y0": 0, "date": "2010-07-07"}, {"y1": 1, "y0": 0, "date": "2010-07-08"}, {"y1": 1, "y0": 0, "date": "2010-07-09"}, {"y1": 1, "y0": 0, "date": "2010-07-10"}, {"y1": 1, "y0": 0, "date": "2010-07-11"}, {"y1": 1, "y0": 0, "date": "2010-07-12"}, {"y1": 1, "y0": 0, "date": "2010-07-13"}, {"y1": 1, "y0": 0, "date": "2010-07-14"}, {"y1": 1, "y0": 0, "date": "2010-07-15"}, {"y1": 1, "y0": 0, "date": "2010-07-16"}, {"y1": 1, "y0": 0, "date": "2010-07-17"}, {"y1": 1, "y0": 0, "date": "2010-07-18"}, {"y1": 1, "y0": 0, "date": "2010-07-19"}, {"y1": 1, "y0": 0, "date": "2010-07-20"}, {"y1": 1, "y0": 0, "date": "2010-07-21"}, {"y1": 1, "y0": 0, "date": "2010-07-22"}, {"y1": 1, "y0": 0, "date": "2010-07-23"}, {"y1": 1, "y0": 0, "date": "2010-07-24"}, {"y1": 1, "y0": 0, "date": "2010-07-25"}, {"y1": 1, "y0": 0, "date": "2010-07-26"}, {"y1": 1, "y0": 0, "date": "2010-07-27"}, {"y1": 1, "y0": 0, "date": "2010-07-28"}, {"y1": 1, "y0": 0, "date": "2010-07-29"}, {"y1": 1, "y0": 0, "date": "2010-07-30"}, {"y1": 1, "y0": 0, "date": "2010-07-31"}, {"y1": 1, "y0": 0, "date": "2010-08-01"}, {"y1": 1, "y0": 0, "date": "2010-08-02"}, {"y1": 1, "y0": 0, "date": "2010-08-03"}, {"y1": 1, "y0": 0, "date": "2010-08-04"}, {"y1": 1, "y0": 0, "date": "2010-08-05"}, {"y1": 1, "y0": 0, "date": "2010-08-06"}, {"y1": 1, "y0": 0, "date": "2010-08-07"}, {"y1": 1, "y0": 0, "date": "2010-08-08"}, {"y1": 1, "y0": 0, "date": "2010-08-09"}, {"y1": 1, "y0": 0, "date": "2010-08-10"}, {"y1": 1, "y0": 0, "date": "2010-08-11"}, {"y1": 1, "y0": 0, "date": "2010-08-12"}, {"y1": 1, "y0": 0, "date": "2010-08-13"}, {"y1": 1, "y0": 0, "date": "2010-08-14"}, {"y1": 1, "y0": 0, "date": "2010-08-15"}, {"y1": 1, "y0": 0, "date": "2010-08-16"}, {"y1": 1, "y0": 0, "date": "2010-08-17"}, {"y1": 1, "y0": 0, "date": "2010-08-18"}, {"y1": 1, "y0": 0, "date": "2010-08-19"}, {"y1": 1, "y0": 0, "date": "2010-08-20"}, {"y1": 1, "y0": 0, "date": "2010-08-21"}, {"y1": 1, "y0": 0, "date": "2010-08-22"}, {"y1": 1, "y0": 0, "date": "2010-08-23"}, {"y1": 1, "y0": 0, "date": "2010-08-24"}, {"y1": 1, "y0": 0, "date": "2010-08-25"}, {"y1": 1, "y0": 0, "date": "2010-08-26"}, {"y1": 1, "y0": 0, "date": "2010-08-27"}, {"y1": 1, "y0": 0, "date": "2010-08-28"}, {"y1": 1, "y0": 0, "date": "2010-08-29"}, {"y1": 1, "y0": 0, "date": "2010-08-30"}, {"y1": 1, "y0": 0, "date": "2010-08-31"}, {"y1": 1, "y0": 0, "date": "2010-09-01"}, {"y1": 1, "y0": 0, "date": "2010-09-02"}, {"y1": 1, "y0": 0, "date": "2010-09-03"}, {"y1": 1, "y0": 0, "date": "2010-09-04"}, {"y1": 1, "y0": 0, "date": "2010-09-05"}, {"y1": 1, "y0": 0, "date": "2010-09-06"}, {"y1": 1, "y0": 0, "date": "2010-09-07"}, {"y1": 1, "y0": 0, "date": "2010-09-08"}, {"y1": 1, "y0": 0, "date": "2010-09-09"}, {"y1": 1, "y0": 0, "date": "2010-09-10"}, {"y1": 1, "y0": 0, "date": "2010-09-11"}, {"y1": 1, "y0": 0, "date": "2010-09-12"}, {"y1": 1, "y0": 0, "date": "2010-09-13"}, {"y1": 1, "y0": 0, "date": "2010-09-14"}, {"y1": 1, "y0": 0, "date": "2010-09-15"}, {"y1": 1, "y0": 0, "date": "2010-09-16"}, {"y1": 1, "y0": 0, "date": "2010-09-17"}, {"y1": 1, "y0": 0, "date": "2010-09-18"}, {"y1": 1, "y0": 0, "date": "2010-09-19"}, {"y1": 1, "y0": 0, "date": "2010-09-20"}, {"y1": 1, "y0": 0, "date": "2010-09-21"}, {"y1": 1, "y0": 0, "date": "2010-09-22"}, {"y1": 1, "y0": 0, "date": "2010-09-23"}, {"y1": 1, "y0": 0, "date": "2010-09-24"}, {"y1": 1, "y0": 0, "date": "2010-09-25"}, {"y1": 1, "y0": 0, "date": "2010-09-26"}, {"y1": 1, "y0": 0, "date": "2010-09-27"}, {"y1": 1, "y0": 0, "date": "2010-09-28"}, {"y1": 1, "y0": 0, "date": "2010-09-29"}, {"y1": 1, "y0": 0, "date": "2010-09-30"}, {"y1": 1, "y0": 0, "date": "2010-10-01"}, {"y1": 1, "y0": 0, "date": "2010-10-02"}, {"y1": 1, "y0": 0, "date": "2010-10-03"}, {"y1": 1, "y0": 0, "date": "2010-10-04"}, {"y1": 1, "y0": 0, "date": "2010-10-05"}, {"y1": 1, "y0": 0, "date": "2010-10-06"}, {"y1": 1, "y0": 0, "date": "2010-10-07"}, {"y1": 1, "y0": 0, "date": "2010-10-08"}, {"y1": 1, "y0": 0, "date": "2010-10-09"}, {"y1": 1, "y0": 0, "date": "2010-10-10"}, {"y1": 1, "y0": 0, "date": "2010-10-11"}, {"y1": 1, "y0": 0, "date": "2010-10-12"}, {"y1": 1, "y0": 0, "date": "2010-10-13"}, {"y1": 1, "y0": 0, "date": "2010-10-14"}, {"y1": 1, "y0": 0, "date": "2010-10-15"}, {"y1": 1, "y0": 0, "date": "2010-10-16"}, {"y1": 1, "y0": 0, "date": "2010-10-17"}, {"y1": 1, "y0": 0, "date": "2010-10-18"}, {"y1": 1, "y0": 0, "date": "2010-10-19"}, {"y1": 1, "y0": 0, "date": "2010-10-20"}, {"y1": 1, "y0": 0, "date": "2010-10-21"}, {"y1": 1, "y0": 0, "date": "2010-10-22"}, {"y1": 1, "y0": 0, "date": "2010-10-23"}, {"y1": 1, "y0": 0, "date": "2010-10-24"}, {"y1": 1, "y0": 0, "date": "2010-10-25"}, {"y1": 1, "y0": 0, "date": "2010-10-26"}, {"y1": 1, "y0": 0, "date": "2010-10-27"}, {"y1": 1, "y0": 0, "date": "2010-10-28"}, {"y1": 1, "y0": 0, "date": "2010-10-29"}, {"y1": 1, "y0": 0, "date": "2010-10-30"}, {"y1": 1, "y0": 0, "date": "2010-10-31"}, {"y1": 1, "y0": 0, "date": "2010-11-01"}, {"y1": 1, "y0": 0, "date": "2010-11-02"}, {"y1": 1, "y0": 0, "date": "2010-11-03"}, {"y1": 1, "y0": 0, "date": "2010-11-04"}, {"y1": 1, "y0": 0, "date": "2010-11-05"}, {"y1": 1, "y0": 0, "date": "2010-11-06"}, {"y1": 1, "y0": 0, "date": "2010-11-07"}, {"y1": 1, "y0": 0, "date": "2010-11-08"}, {"y1": 1, "y0": 0, "date": "2010-11-09"}, {"y1": 1, "y0": 0, "date": "2010-11-10"}, {"y1": 1, "y0": 0, "date": "2010-11-11"}, {"y1": 1, "y0": 0, "date": "2010-11-12"}, {"y1": 1, "y0": 0, "date": "2010-11-13"}, {"y1": 1, "y0": 0, "date": "2010-11-14"}, {"y1": 1, "y0": 0, "date": "2010-11-15"}, {"y1": 1, "y0": 0, "date": "2010-11-16"}, {"y1": 1, "y0": 0, "date": "2010-11-17"}, {"y1": 1, "y0": 0, "date": "2010-11-18"}, {"y1": 1, "y0": 0, "date": "2010-11-19"}, {"y1": 1, "y0": 0, "date": "2010-11-20"}, {"y1": 1, "y0": 0, "date": "2010-11-21"}, {"y1": 1, "y0": 0, "date": "2010-11-22"}, {"y1": 1, "y0": 0, "date": "2010-11-23"}, {"y1": 1, "y0": 0, "date": "2010-11-24"}, {"y1": 1, "y0": 0, "date": "2010-11-25"}, {"y1": 1, "y0": 0, "date": "2010-11-26"}, {"y1": 1, "y0": 0, "date": "2010-11-27"}, {"y1": 1, "y0": 0, "date": "2010-11-28"}, {"y1": 1, "y0": 0, "date": "2010-11-29"}, {"y1": 1, "y0": 0, "date": "2010-11-30"}, {"y1": 1, "y0": 0, "date": "2010-12-01"}, {"y1": 1, "y0": 0, "date": "2010-12-02"}, {"y1": 1, "y0": 0, "date": "2010-12-03"}, {"y1": 1, "y0": 0, "date": "2010-12-04"}, {"y1": 1, "y0": 0, "date": "2010-12-05"}, {"y1": 1, "y0": 0, "date": "2010-12-06"}, {"y1": 1, "y0": 0, "date": "2010-12-07"}, {"y1": 1, "y0": 0, "date": "2010-12-08"}, {"y1": 1, "y0": 0, "date": "2010-12-09"}, {"y1": 1, "y0": 0, "date": "2010-12-10"}, {"y1": 1, "y0": 0, "date": "2010-12-11"}, {"y1": 1, "y0": 0, "date": "2010-12-12"}, {"y1": 1, "y0": 0, "date": "2010-12-13"}, {"y1": 1, "y0": 0, "date": "2010-12-14"}, {"y1": 1, "y0": 0, "date": "2010-12-15"}, {"y1": 1, "y0": 0, "date": "2010-12-16"}, {"y1": 1, "y0": 0, "date": "2010-12-17"}, {"y1": 1, "y0": 0, "date": "2010-12-18"}, {"y1": 1, "y0": 0, "date": "2010-12-19"}, {"y1": 1, "y0": 0, "date": "2010-12-20"}, {"y1": 1, "y0": 0, "date": "2010-12-21"}, {"y1": 1, "y0": 0, "date": "2010-12-22"}, {"y1": 1, "y0": 0, "date": "2010-12-23"}, {"y1": 1, "y0": 0, "date": "2010-12-24"}, {"y1": 1, "y0": 0, "date": "2010-12-25"}, {"y1": 1, "y0": 0, "date": "2010-12-26"}, {"y1": 1, "y0": 0, "date": "2010-12-27"}, {"y1": 1, "y0": 0, "date": "2010-12-28"}, {"y1": 1, "y0": 0, "date": "2010-12-29"}, {"y1": 1, "y0": 0, "date": "2010-12-30"}, {"y1": 1, "y0": 0, "date": "2010-12-31"}, {"y1": 1, "y0": 0, "date": "2011-01-01"}, {"y1": 1, "y0": 0, "date": "2011-01-02"}, {"y1": 1, "y0": 0, "date": "2011-01-03"}, {"y1": 1, "y0": 0, "date": "2011-01-04"}, {"y1": 1, "y0": 0, "date": "2011-01-05"}, {"y1": 1, "y0": 0, "date": "2011-01-06"}, {"y1": 1, "y0": 0, "date": "2011-01-07"}, {"y1": 1, "y0": 0, "date": "2011-01-08"}, {"y1": 1, "y0": 0, "date": "2011-01-09"}, {"y1": 1, "y0": 0, "date": "2011-01-10"}, {"y1": 1, "y0": 0, "date": "2011-01-11"}, {"y1": 1, "y0": 0, "date": "2011-01-12"}, {"y1": 1, "y0": 0, "date": "2011-01-13"}, {"y1": 1, "y0": 0, "date": "2011-01-14"}, {"y1": 1, "y0": 0, "date": "2011-01-15"}, {"y1": 1, "y0": 0, "date": "2011-01-16"}, {"y1": 1, "y0": 0, "date": "2011-01-17"}, {"y1": 1, "y0": 0, "date": "2011-01-18"}, {"y1": 1, "y0": 0, "date": "2011-01-19"}, {"y1": 1, "y0": 0, "date": "2011-01-20"}, {"y1": 1, "y0": 0, "date": "2011-01-21"}, {"y1": 1, "y0": 0, "date": "2011-01-22"}, {"y1": 1, "y0": 0, "date": "2011-01-23"}, {"y1": 1, "y0": 0, "date": "2011-01-24"}, {"y1": 1, "y0": 0, "date": "2011-01-25"}, {"y1": 1, "y0": 0, "date": "2011-01-26"}, {"y1": 1, "y0": 0, "date": "2011-01-27"}, {"y1": 1, "y0": 0, "date": "2011-01-28"}, {"y1": 1, "y0": 0, "date": "2011-01-29"}, {"y1": 1, "y0": 0, "date": "2011-01-30"}, {"y1": 1, "y0": 0, "date": "2011-01-31"}, {"y1": 1, "y0": 0, "date": "2011-02-01"}, {"y1": 1, "y0": 0, "date": "2011-02-02"}, {"y1": 1, "y0": 0, "date": "2011-02-03"}, {"y1": 1, "y0": 0, "date": "2011-02-04"}, {"y1": 1, "y0": 0, "date": "2011-02-05"}, {"y1": 1, "y0": 0, "date": "2011-02-06"}, {"y1": 1, "y0": 0, "date": "2011-02-07"}, {"y1": 1, "y0": 0, "date": "2011-02-08"}, {"y1": 1, "y0": 0, "date": "2011-02-09"}, {"y1": 1, "y0": 0, "date": "2011-02-10"}, {"y1": 1, "y0": 0, "date": "2011-02-11"}, {"y1": 1, "y0": 0, "date": "2011-02-12"}, {"y1": 1, "y0": 0, "date": "2011-02-13"}, {"y1": 1, "y0": 0, "date": "2011-02-14"}, {"y1": 1, "y0": 0, "date": "2011-02-15"}, {"y1": 1, "y0": 0, "date": "2011-02-16"}, {"y1": 1, "y0": 0, "date": "2011-02-17"}, {"y1": 1, "y0": 0, "date": "2011-02-18"}, {"y1": 1, "y0": 0, "date": "2011-02-19"}, {"y1": 1, "y0": 0, "date": "2011-02-20"}, {"y1": 1, "y0": 0, "date": "2011-02-21"}, {"y1": 1, "y0": 0, "date": "2011-02-22"}, {"y1": 1, "y0": 0, "date": "2011-02-23"}, {"y1": 1, "y0": 0, "date": "2011-02-24"}, {"y1": 1, "y0": 0, "date": "2011-02-25"}, {"y1": 1, "y0": 0, "date": "2011-02-26"}, {"y1": 1, "y0": 0, "date": "2011-02-27"}, {"y1": 1, "y0": 0, "date": "2011-02-28"}, {"y1": 1, "y0": 0, "date": "2011-03-01"}, {"y1": 1, "y0": 0, "date": "2011-03-02"}, {"y1": 1, "y0": 0, "date": "2011-03-03"}, {"y1": 1, "y0": 0, "date": "2011-03-04"}, {"y1": 1, "y0": 0, "date": "2011-03-05"}, {"y1": 1, "y0": 0, "date": "2011-03-06"}, {"y1": 1, "y0": 0, "date": "2011-03-07"}, {"y1": 1, "y0": 0, "date": "2011-03-08"}, {"y1": 1, "y0": 0, "date": "2011-03-09"}, {"y1": 1, "y0": 0, "date": "2011-03-10"}, {"y1": 1, "y0": 0, "date": "2011-03-11"}, {"y1": 1, "y0": 0, "date": "2011-03-12"}, {"y1": 1, "y0": 0, "date": "2011-03-13"}, {"y1": 1, "y0": 0, "date": "2011-03-14"}, {"y1": 1, "y0": 0, "date": "2011-03-15"}, {"y1": 1, "y0": 0, "date": "2011-03-16"}, {"y1": 1, "y0": 0, "date": "2011-03-17"}, {"y1": 1, "y0": 0, "date": "2011-03-18"}, {"y1": 1, "y0": 0, "date": "2011-03-19"}, {"y1": 1, "y0": 0, "date": "2011-03-20"}, {"y1": 1, "y0": 0, "date": "2011-03-21"}, {"y1": 1, "y0": 0, "date": "2011-03-22"}, {"y1": 1, "y0": 0, "date": "2011-03-23"}, {"y1": 1, "y0": 0, "date": "2011-03-24"}, {"y1": 1, "y0": 0, "date": "2011-03-25"}, {"y1": 1, "y0": 0, "date": "2011-03-26"}, {"y1": 1, "y0": 0, "date": "2011-03-27"}, {"y1": 1, "y0": 0, "date": "2011-03-28"}, {"y1": 1, "y0": 0, "date": "2011-03-29"}, {"y1": 1, "y0": 0, "date": "2011-03-30"}, {"y1": 1, "y0": 0, "date": "2011-03-31"}, {"y1": 1, "y0": 0, "date": "2011-04-01"}, {"y1": 1, "y0": 0, "date": "2011-04-02"}, {"y1": 1, "y0": 0, "date": "2011-04-03"}, {"y1": 1, "y0": 0, "date": "2011-04-04"}, {"y1": 1, "y0": 0, "date": "2011-04-05"}, {"y1": 1, "y0": 0, "date": "2011-04-06"}, {"y1": 1, "y0": 0, "date": "2011-04-07"}, {"y1": 1, "y0": 0, "date": "2011-04-08"}, {"y1": 1, "y0": 0, "date": "2011-04-09"}, {"y1": 1, "y0": 0, "date": "2011-04-10"}, {"y1": 1, "y0": 0, "date": "2011-04-11"}, {"y1": 1, "y0": 0, "date": "2011-04-12"}, {"y1": 1, "y0": 0, "date": "2011-04-13"}, {"y1": 1, "y0": 0, "date": "2011-04-14"}, {"y1": 1, "y0": 0, "date": "2011-04-15"}, {"y1": 1, "y0": 0, "date": "2011-04-16"}, {"y1": 1, "y0": 0, "date": "2011-04-17"}, {"y1": 1, "y0": 0, "date": "2011-04-18"}, {"y1": 1, "y0": 0, "date": "2011-04-19"}, {"y1": 1, "y0": 0, "date": "2011-04-20"}, {"y1": 1, "y0": 0, "date": "2011-04-21"}, {"y1": 1, "y0": 0, "date": "2011-04-22"}, {"y1": 1, "y0": 0, "date": "2011-04-23"}, {"y1": 1, "y0": 0, "date": "2011-04-24"}, {"y1": 1, "y0": 0, "date": "2011-04-25"}, {"y1": 1, "y0": 0, "date": "2011-04-26"}, {"y1": 1, "y0": 0, "date": "2011-04-27"}, {"y1": 1, "y0": 0, "date": "2011-04-28"}, {"y1": 1, "y0": 0, "date": "2011-04-29"}, {"y1": 1, "y0": 0, "date": "2011-04-30"}, {"y1": 1, "y0": 0, "date": "2011-05-01"}, {"y1": 1, "y0": 0, "date": "2011-05-02"}, {"y1": 1, "y0": 0, "date": "2011-05-03"}, {"y1": 1, "y0": 0, "date": "2011-05-04"}, {"y1": 1, "y0": 0, "date": "2011-05-05"}, {"y1": 1, "y0": 0, "date": "2011-05-06"}, {"y1": 1, "y0": 0, "date": "2011-05-07"}, {"y1": 1, "y0": 0, "date": "2011-05-08"}, {"y1": 1, "y0": 0, "date": "2011-05-09"}, {"y1": 1, "y0": 0, "date": "2011-05-10"}, {"y1": 1, "y0": 0, "date": "2011-05-11"}, {"y1": 1, "y0": 0, "date": "2011-05-12"}, {"y1": 1, "y0": 0, "date": "2011-05-13"}, {"y1": 1, "y0": 0, "date": "2011-05-14"}, {"y1": 1, "y0": 0, "date": "2011-05-15"}, {"y1": 1, "y0": 0, "date": "2011-05-16"}, {"y1": 1, "y0": 0, "date": "2011-05-17"}, {"y1": 1, "y0": 0, "date": "2011-05-18"}, {"y1": 1, "y0": 0, "date": "2011-05-19"}, {"y1": 1, "y0": 0, "date": "2011-05-20"}, {"y1": 1, "y0": 0, "date": "2011-05-21"}, {"y1": 1, "y0": 0, "date": "2011-05-22"}, {"y1": 1, "y0": 0, "date": "2011-05-23"}, {"y1": 1, "y0": 0, "date": "2011-05-24"}, {"y1": 1, "y0": 0, "date": "2011-05-25"}, {"y1": 1, "y0": 0, "date": "2011-05-26"}, {"y1": 1, "y0": 0, "date": "2011-05-27"}, {"y1": 1, "y0": 0, "date": "2011-05-28"}, {"y1": 1, "y0": 0, "date": "2011-05-29"}, {"y1": 1, "y0": 0, "date": "2011-05-30"}, {"y1": 1, "y0": 0, "date": "2011-05-31"}, {"y1": 1, "y0": 0, "date": "2011-06-01"}, {"y1": 1, "y0": 0, "date": "2011-06-02"}, {"y1": 1, "y0": 0, "date": "2011-06-03"}, {"y1": 1, "y0": 0, "date": "2011-06-04"}, {"y1": 1, "y0": 0, "date": "2011-06-05"}, {"y1": 1, "y0": 0, "date": "2011-06-06"}, {"y1": 1, "y0": 0, "date": "2011-06-07"}, {"y1": 1, "y0": 0, "date": "2011-06-08"}, {"y1": 1, "y0": 0, "date": "2011-06-09"}, {"y1": 1, "y0": 0, "date": "2011-06-10"}, {"y1": 1, "y0": 0, "date": "2011-06-11"}, {"y1": 1, "y0": 0, "date": "2011-06-12"}, {"y1": 1, "y0": 0, "date": "2011-06-13"}, {"y1": 1, "y0": 0, "date": "2011-06-14"}, {"y1": 1, "y0": 0, "date": "2011-06-15"}, {"y1": 1, "y0": 0, "date": "2011-06-16"}, {"y1": 1, "y0": 0, "date": "2011-06-17"}, {"y1": 1, "y0": 0, "date": "2011-06-18"}, {"y1": 1, "y0": 0, "date": "2011-06-19"}, {"y1": 1, "y0": 0, "date": "2011-06-20"}, {"y1": 1, "y0": 0, "date": "2011-06-21"}, {"y1": 1, "y0": 0, "date": "2011-06-22"}, {"y1": 1, "y0": 0, "date": "2011-06-23"}, {"y1": 1, "y0": 0, "date": "2011-06-24"}, {"y1": 1, "y0": 0, "date": "2011-06-25"}, {"y1": 1, "y0": 0, "date": "2011-06-26"}, {"y1": 1, "y0": 0, "date": "2011-06-27"}, {"y1": 1, "y0": 0, "date": "2011-06-28"}, {"y1": 1, "y0": 0, "date": "2011-06-29"}, {"y1": 1, "y0": 0, "date": "2011-06-30"}]}, {"state": 1, "data": []}, {"state": 0, "data": []}]}}