{"startDate": "2011-09-30", "endDate": "2016-06-19", "data": {"rows": [{"state": 180, "data": []}, {"state": 90, "data": [{"y1": 37, "y0": 0, "date": "2016-06-17"}]}, {"state": 30, "data": [{"y1": 9, "y0": 0, "date": "2011-10-01"}, {"y1": 9, "y0": 0, "date": "2011-10-02"}, {"y1": 9, "y0": 0, "date": "2011-10-03"}, {"y1": 9, "y0": 0, "date": "2011-10-04"}, {"y1": 9, "y0": 0, "date": "2011-10-05"}, {"y1": 9, "y0": 0, "date": "2011-10-06"}, {"y1": 9, "y0": 0, "date": "2011-10-07"}, {"y1": 9, "y0": 0, "date": "2011-10-08"}, {"y1": 9, "y0": 0, "date": "2011-10-09"}, {"y1": 9, "y0": 0, "date": "2011-10-10"}, {"y1": 9, "y0": 0, "date": "2011-10-11"}, {"y1": 9, "y0": 0, "date": "2011-10-12"}, {"y1": 9, "y0": 0, "date": "2011-10-13"}, {"y1": 9, "y0": 0, "date": "2011-10-14"}, {"y1": 9, "y0": 0, "date": "2011-10-15"}, {"y1": 9, "y0": 0, "date": "2011-10-16"}, {"y1": 9, "y0": 0, "date": "2011-10-17"}, {"y1": 9, "y0": 0, "date": "2011-10-18"}, {"y1": 9, "y0": 0, "date": "2011-10-19"}, {"y1": 9, "y0": 0, "date": "2011-10-20"}, {"y1": 9, "y0": 0, "date": "2011-10-21"}, {"y1": 9, "y0": 0, "date": "2011-10-22"}, {"y1": 9, "y0": 0, "date": "2011-10-23"}, {"y1": 9, "y0": 0, "date": "2011-10-24"}, {"y1": 9, "y0": 0, "date": "2011-10-25"}, {"y1": 9, "y0": 0, "date": "2011-10-26"}, {"y1": 9, "y0": 0, "date": "2011-10-27"}, {"y1": 9, "y0": 0, "date": "2011-10-28"}, {"y1": 9, "y0": 0, "date": "2011-10-29"}, {"y1": 9, "y0": 0, "date": "2011-10-30"}, {"y1": 9, "y0": 0, "date": "2011-10-31"}, {"y1": 9, "y0": 0, "date": "2011-11-01"}, {"y1": 9, "y0": 0, "date": "2011-11-02"}, {"y1": 9, "y0": 0, "date": "2011-11-03"}, {"y1": 9, "y0": 0, "date": "2011-11-04"}, {"y1": 9, "y0": 0, "date": "2011-11-05"}, {"y1": 9, "y0": 0, "date": "2011-11-06"}, {"y1": 9, "y0": 0, "date": "2011-11-07"}, {"y1": 9, "y0": 0, "date": "2011-11-08"}, {"y1": 9, "y0": 0, "date": "2011-11-09"}, {"y1": 9, "y0": 0, "date": "2011-11-10"}, {"y1": 9, "y0": 0, "date": "2011-11-11"}, {"y1": 9, "y0": 0, "date": "2011-11-12"}, {"y1": 9, "y0": 0, "date": "2011-11-13"}, {"y1": 9, "y0": 0, "date": "2011-11-14"}, {"y1": 9, "y0": 0, "date": "2011-11-15"}, {"y1": 9, "y0": 0, "date": "2011-11-16"}, {"y1": 9, "y0": 0, "date": "2011-11-17"}, {"y1": 9, "y0": 0, "date": "2011-11-18"}, {"y1": 9, "y0": 0, "date": "2011-11-19"}, {"y1": 9, "y0": 0, "date": "2011-11-20"}, {"y1": 9, "y0": 0, "date": "2011-11-21"}, {"y1": 9, "y0": 0, "date": "2011-11-22"}, {"y1": 9, "y0": 0, "date": "2011-11-23"}, {"y1": 9, "y0": 0, "date": "2011-11-24"}, {"y1": 9, "y0": 0, "date": "2011-11-25"}, {"y1": 9, "y0": 0, "date": "2011-11-26"}, {"y1": 9, "y0": 0, "date": "2011-11-27"}, {"y1": 9, "y0": 0, "date": "2011-11-28"}, {"y1": 9, "y0": 0, "date": "2011-11-29"}, {"y1": 9, "y0": 0, "date": "2011-11-30"}, {"y1": 9, "y0": 0, "date": "2012-03-01"}, {"y1": 9, "y0": 0, "date": "2012-03-02"}, {"y1": 9, "y0": 0, "date": "2012-03-03"}, {"y1": 9, "y0": 0, "date": "2012-03-04"}, {"y1": 9, "y0": 0, "date": "2012-03-05"}, {"y1": 9, "y0": 0, "date": "2012-03-06"}, {"y1": 9, "y0": 0, "date": "2012-03-07"}, {"y1": 9, "y0": 0, "date": "2012-03-08"}, {"y1": 9, "y0": 0, "date": "2012-03-09"}, {"y1": 9, "y0": 0, "date": "2012-03-10"}, {"y1": 9, "y0": 0, "date": "2012-03-11"}, {"y1": 9, "y0": 0, "date": "2012-03-12"}, {"y1": 9, "y0": 0, "date": "2012-03-13"}, {"y1": 9, "y0": 0, "date": "2012-03-14"}, {"y1": 9, "y0": 0, "date": "2012-03-15"}, {"y1": 9, "y0": 0, "date": "2012-03-16"}, {"y1": 9, "y0": 0, "date": "2012-03-17"}, {"y1": 9, "y0": 0, "date": "2012-03-18"}, {"y1": 9, "y0": 0, "date": "2012-03-19"}, {"y1": 9, "y0": 0, "date": "2012-03-20"}, {"y1": 9, "y0": 0, "date": "2012-03-21"}, {"y1": 9, "y0": 0, "date": "2012-03-22"}, {"y1": 9, "y0": 0, "date": "2012-03-23"}, {"y1": 9, "y0": 0, "date": "2012-03-24"}, {"y1": 9, "y0": 0, "date": "2012-03-25"}, {"y1": 9, "y0": 0, "date": "2012-03-26"}, {"y1": 9, "y0": 0, "date": "2012-03-27"}, {"y1": 9, "y0": 0, "date": "2012-03-28"}, {"y1": 9, "y0": 0, "date": "2012-03-29"}, {"y1": 9, "y0": 0, "date": "2012-03-30"}, {"y1": 9, "y0": 0, "date": "2012-03-31"}, {"y1": 9, "y0": 0, "date": "2012-04-01"}, {"y1": 9, "y0": 0, "date": "2012-04-02"}, {"y1": 9, "y0": 0, "date": "2012-04-03"}, {"y1": 9, "y0": 0, "date": "2012-04-04"}, {"y1": 9, "y0": 0, "date": "2012-04-05"}, {"y1": 9, "y0": 0, "date": "2012-04-06"}, {"y1": 9, "y0": 0, "date": "2012-04-07"}, {"y1": 9, "y0": 0, "date": "2012-04-08"}, {"y1": 9, "y0": 0, "date": "2012-04-09"}, {"y1": 9, "y0": 0, "date": "2012-04-10"}, {"y1": 9, "y0": 0, "date": "2012-04-11"}, {"y1": 9, "y0": 0, "date": "2012-04-12"}, {"y1": 9, "y0": 0, "date": "2012-04-13"}, {"y1": 9, "y0": 0, "date": "2012-04-14"}, {"y1": 9, "y0": 0, "date": "2012-04-15"}, {"y1": 9, "y0": 0, "date": "2012-04-16"}, {"y1": 9, "y0": 0, "date": "2012-04-17"}, {"y1": 9, "y0": 0, "date": "2012-04-18"}, {"y1": 9, "y0": 0, "date": "2012-04-19"}, {"y1": 9, "y0": 0, "date": "2012-04-20"}, {"y1": 9, "y0": 0, "date": "2012-04-21"}, {"y1": 9, "y0": 0, "date": "2012-04-22"}, {"y1": 9, "y0": 0, "date": "2012-04-23"}, {"y1": 9, "y0": 0, "date": "2012-04-24"}, {"y1": 9, "y0": 0, "date": "2012-04-25"}, {"y1": 9, "y0": 0, "date": "2012-04-26"}, {"y1": 9, "y0": 0, "date": "2012-04-27"}, {"y1": 9, "y0": 0, "date": "2012-04-28"}, {"y1": 9, "y0": 0, "date": "2012-04-29"}, {"y1": 9, "y0": 0, "date": "2012-04-30"}, {"y1": 9, "y0": 0, "date": "2013-08-01"}, {"y1": 9, "y0": 0, "date": "2013-08-02"}, {"y1": 9, "y0": 0, "date": "2013-08-03"}, {"y1": 9, "y0": 0, "date": "2013-08-04"}, {"y1": 9, "y0": 0, "date": "2013-08-05"}, {"y1": 9, "y0": 0, "date": "2013-08-06"}, {"y1": 9, "y0": 0, "date": "2013-08-07"}, {"y1": 9, "y0": 0, "date": "2013-08-08"}, {"y1": 9, "y0": 0, "date": "2013-08-09"}, {"y1": 9, "y0": 0, "date": "2013-08-10"}, {"y1": 9, "y0": 0, "date": "2013-08-11"}, {"y1": 9, "y0": 0, "date": "2013-08-12"}, {"y1": 9, "y0": 0, "date": "2013-08-13"}, {"y1": 9, "y0": 0, "date": "2013-08-14"}, {"y1": 9, "y0": 0, "date": "2013-08-15"}, {"y1": 9, "y0": 0, "date": "2013-08-16"}, {"y1": 9, "y0": 0, "date": "2013-08-17"}, {"y1": 9, "y0": 0, "date": "2013-08-18"}, {"y1": 9, "y0": 0, "date": "2013-08-19"}, {"y1": 9, "y0": 0, "date": "2013-08-20"}, {"y1": 9, "y0": 0, "date": "2013-08-21"}, {"y1": 9, "y0": 0, "date": "2013-08-22"}, {"y1": 9, "y0": 0, "date": "2013-08-23"}, {"y1": 9, "y0": 0, "date": "2013-08-24"}, {"y1": 9, "y0": 0, "date": "2013-08-25"}, {"y1": 9, "y0": 0, "date": "2013-08-26"}, {"y1": 9, "y0": 0, "date": "2013-08-27"}, {"y1": 9, "y0": 0, "date": "2013-08-28"}, {"y1": 9, "y0": 0, "date": "2013-08-29"}, {"y1": 9, "y0": 0, "date": "2013-08-30"}, {"y1": 9, "y0": 0, "date": "2013-08-31"}, {"y1": 9, "y0": 0, "date": "2014-01-01"}, {"y1": 9, "y0": 0, "date": "2014-01-02"}, {"y1": 9, "y0": 0, "date": "2014-01-03"}, {"y1": 9, "y0": 0, "date": "2014-01-04"}, {"y1": 9, "y0": 0, "date": "2014-01-05"}, {"y1": 9, "y0": 0, "date": "2014-01-06"}, {"y1": 9, "y0": 0, "date": "2014-01-07"}, {"y1": 9, "y0": 0, "date": "2014-01-08"}, {"y1": 9, "y0": 0, "date": "2014-01-09"}, {"y1": 9, "y0": 0, "date": "2014-01-10"}, {"y1": 9, "y0": 0, "date": "2014-01-11"}, {"y1": 9, "y0": 0, "date": "2014-01-12"}, {"y1": 9, "y0": 0, "date": "2014-01-13"}, {"y1": 9, "y0": 0, "date": "2014-01-14"}, {"y1": 9, "y0": 0, "date": "2014-01-15"}, {"y1": 9, "y0": 0, "date": "2014-01-16"}, {"y1": 9, "y0": 0, "date": "2014-01-17"}, {"y1": 9, "y0": 0, "date": "2014-01-18"}, {"y1": 9, "y0": 0, "date": "2014-01-19"}, {"y1": 9, "y0": 0, "date": "2014-01-20"}, {"y1": 9, "y0": 0, "date": "2014-01-21"}, {"y1": 9, "y0": 0, "date": "2014-01-22"}, {"y1": 9, "y0": 0, "date": "2014-01-23"}, {"y1": 9, "y0": 0, "date": "2014-01-24"}, {"y1": 9, "y0": 0, "date": "2014-01-25"}, {"y1": 9, "y0": 0, "date": "2014-01-26"}, {"y1": 9, "y0": 0, "date": "2014-01-27"}, {"y1": 9, "y0": 0, "date": "2014-01-28"}, {"y1": 9, "y0": 0, "date": "2014-01-29"}, {"y1": 9, "y0": 0, "date": "2014-01-30"}, {"y1": 9, "y0": 0, "date": "2014-01-31"}, {"y1": 9, "y0": 0, "date": "2014-02-01"}, {"y1": 9, "y0": 0, "date": "2014-02-02"}, {"y1": 9, "y0": 0, "date": "2014-02-03"}, {"y1": 9, "y0": 0, "date": "2014-02-04"}, {"y1": 9, "y0": 0, "date": "2014-02-05"}, {"y1": 9, "y0": 0, "date": "2014-02-06"}, {"y1": 9, "y0": 0, "date": "2014-02-07"}, {"y1": 9, "y0": 0, "date": "2014-02-08"}, {"y1": 9, "y0": 0, "date": "2014-02-09"}, {"y1": 9, "y0": 0, "date": "2014-02-10"}, {"y1": 9, "y0": 0, "date": "2014-02-11"}, {"y1": 9, "y0": 0, "date": "2014-02-12"}, {"y1": 9, "y0": 0, "date": "2014-02-13"}, {"y1": 9, "y0": 0, "date": "2014-02-14"}, {"y1": 9, "y0": 0, "date": "2014-02-15"}, {"y1": 9, "y0": 0, "date": "2014-02-16"}, {"y1": 9, "y0": 0, "date": "2014-02-17"}, {"y1": 9, "y0": 0, "date": "2014-02-18"}, {"y1": 9, "y0": 0, "date": "2014-02-19"}, {"y1": 9, "y0": 0, "date": "2014-02-20"}, {"y1": 9, "y0": 0, "date": "2014-02-21"}, {"y1": 9, "y0": 0, "date": "2014-02-22"}, {"y1": 9, "y0": 0, "date": "2014-02-23"}, {"y1": 9, "y0": 0, "date": "2014-02-24"}, {"y1": 9, "y0": 0, "date": "2014-02-25"}, {"y1": 9, "y0": 0, "date": "2014-02-26"}, {"y1": 9, "y0": 0, "date": "2014-02-27"}, {"y1": 9, "y0": 0, "date": "2014-02-28"}, {"y1": 18, "y0": 0, "date": "2014-03-01"}, {"y1": 18, "y0": 0, "date": "2014-03-02"}, {"y1": 18, "y0": 0, "date": "2014-03-03"}, {"y1": 18, "y0": 0, "date": "2014-03-04"}, {"y1": 18, "y0": 0, "date": "2014-03-05"}, {"y1": 18, "y0": 0, "date": "2014-03-06"}, {"y1": 18, "y0": 0, "date": "2014-03-07"}, {"y1": 18, "y0": 0, "date": "2014-03-08"}, {"y1": 18, "y0": 0, "date": "2014-03-09"}, {"y1": 18, "y0": 0, "date": "2014-03-10"}, {"y1": 18, "y0": 0, "date": "2014-03-11"}, {"y1": 18, "y0": 0, "date": "2014-03-12"}, {"y1": 18, "y0": 0, "date": "2014-03-13"}, {"y1": 18, "y0": 0, "date": "2014-03-14"}, {"y1": 18, "y0": 0, "date": "2014-03-15"}, {"y1": 18, "y0": 0, "date": "2014-03-16"}, {"y1": 18, "y0": 0, "date": "2014-03-17"}, {"y1": 18, "y0": 0, "date": "2014-03-18"}, {"y1": 18, "y0": 0, "date": "2014-03-19"}, {"y1": 18, "y0": 0, "date": "2014-03-20"}, {"y1": 18, "y0": 0, "date": "2014-03-21"}, {"y1": 18, "y0": 0, "date": "2014-03-22"}, {"y1": 18, "y0": 0, "date": "2014-03-23"}, {"y1": 18, "y0": 0, "date": "2014-03-24"}, {"y1": 18, "y0": 0, "date": "2014-03-25"}, {"y1": 18, "y0": 0, "date": "2014-03-26"}, {"y1": 18, "y0": 0, "date": "2014-03-27"}, {"y1": 18, "y0": 0, "date": "2014-03-28"}, {"y1": 18, "y0": 0, "date": "2014-03-29"}, {"y1": 18, "y0": 0, "date": "2014-03-30"}, {"y1": 18, "y0": 0, "date": "2014-03-31"}, {"y1": 18, "y0": 0, "date": "2014-04-01"}, {"y1": 18, "y0": 0, "date": "2014-04-02"}, {"y1": 18, "y0": 0, "date": "2014-04-03"}, {"y1": 18, "y0": 0, "date": "2014-04-04"}, {"y1": 18, "y0": 0, "date": "2014-04-05"}, {"y1": 18, "y0": 0, "date": "2014-04-06"}, {"y1": 18, "y0": 0, "date": "2014-04-07"}, {"y1": 18, "y0": 0, "date": "2014-04-08"}, {"y1": 18, "y0": 0, "date": "2014-04-09"}, {"y1": 18, "y0": 0, "date": "2014-04-10"}, {"y1": 18, "y0": 0, "date": "2014-04-11"}, {"y1": 18, "y0": 0, "date": "2014-04-12"}, {"y1": 18, "y0": 0, "date": "2014-04-13"}, {"y1": 18, "y0": 0, "date": "2014-04-14"}, {"y1": 18, "y0": 0, "date": "2014-04-15"}, {"y1": 18, "y0": 0, "date": "2014-04-16"}, {"y1": 18, "y0": 0, "date": "2014-04-17"}, {"y1": 18, "y0": 0, "date": "2014-04-18"}, {"y1": 18, "y0": 0, "date": "2014-04-19"}, {"y1": 18, "y0": 0, "date": "2014-04-20"}, {"y1": 18, "y0": 0, "date": "2014-04-21"}, {"y1": 18, "y0": 0, "date": "2014-04-22"}, {"y1": 18, "y0": 0, "date": "2014-04-23"}, {"y1": 18, "y0": 0, "date": "2014-04-24"}, {"y1": 18, "y0": 0, "date": "2014-04-25"}, {"y1": 18, "y0": 0, "date": "2014-04-26"}, {"y1": 18, "y0": 0, "date": "2014-04-27"}, {"y1": 18, "y0": 0, "date": "2014-04-28"}, {"y1": 18, "y0": 0, "date": "2014-04-29"}, {"y1": 18, "y0": 0, "date": "2014-04-30"}, {"y1": 18, "y0": 0, "date": "2014-10-01"}, {"y1": 18, "y0": 0, "date": "2014-10-02"}, {"y1": 18, "y0": 0, "date": "2014-10-03"}, {"y1": 18, "y0": 0, "date": "2014-10-04"}, {"y1": 18, "y0": 0, "date": "2014-10-05"}, {"y1": 18, "y0": 0, "date": "2014-10-06"}, {"y1": 18, "y0": 0, "date": "2014-10-07"}, {"y1": 18, "y0": 0, "date": "2014-10-08"}, {"y1": 18, "y0": 0, "date": "2014-10-09"}, {"y1": 18, "y0": 0, "date": "2014-10-10"}, {"y1": 18, "y0": 0, "date": "2014-10-11"}, {"y1": 18, "y0": 0, "date": "2014-10-12"}, {"y1": 18, "y0": 0, "date": "2014-10-13"}, {"y1": 18, "y0": 0, "date": "2014-10-14"}, {"y1": 18, "y0": 0, "date": "2014-10-15"}, {"y1": 18, "y0": 0, "date": "2014-10-16"}, {"y1": 18, "y0": 0, "date": "2014-10-17"}, {"y1": 18, "y0": 0, "date": "2014-10-18"}, {"y1": 18, "y0": 0, "date": "2014-10-19"}, {"y1": 18, "y0": 0, "date": "2014-10-20"}, {"y1": 18, "y0": 0, "date": "2014-10-21"}, {"y1": 18, "y0": 0, "date": "2014-10-22"}, {"y1": 18, "y0": 0, "date": "2014-10-23"}, {"y1": 18, "y0": 0, "date": "2014-10-24"}, {"y1": 18, "y0": 0, "date": "2014-10-25"}, {"y1": 18, "y0": 0, "date": "2014-10-26"}, {"y1": 18, "y0": 0, "date": "2014-10-27"}, {"y1": 18, "y0": 0, "date": "2014-10-28"}, {"y1": 18, "y0": 0, "date": "2014-10-29"}, {"y1": 18, "y0": 0, "date": "2014-10-30"}, {"y1": 18, "y0": 0, "date": "2014-10-31"}, {"y1": 9, "y0": 0, "date": "2014-11-01"}, {"y1": 9, "y0": 0, "date": "2014-11-02"}, {"y1": 9, "y0": 0, "date": "2014-11-03"}, {"y1": 9, "y0": 0, "date": "2014-11-04"}, {"y1": 9, "y0": 0, "date": "2014-11-05"}, {"y1": 9, "y0": 0, "date": "2014-11-06"}, {"y1": 9, "y0": 0, "date": "2014-11-07"}, {"y1": 9, "y0": 0, "date": "2014-11-08"}, {"y1": 9, "y0": 0, "date": "2014-11-09"}, {"y1": 9, "y0": 0, "date": "2014-11-10"}, {"y1": 9, "y0": 0, "date": "2014-11-11"}, {"y1": 9, "y0": 0, "date": "2014-11-12"}, {"y1": 9, "y0": 0, "date": "2014-11-13"}, {"y1": 9, "y0": 0, "date": "2014-11-14"}, {"y1": 9, "y0": 0, "date": "2014-11-15"}, {"y1": 9, "y0": 0, "date": "2014-11-16"}, {"y1": 9, "y0": 0, "date": "2014-11-17"}, {"y1": 9, "y0": 0, "date": "2014-11-18"}, {"y1": 9, "y0": 0, "date": "2014-11-19"}, {"y1": 9, "y0": 0, "date": "2014-11-20"}, {"y1": 9, "y0": 0, "date": "2014-11-21"}, {"y1": 9, "y0": 0, "date": "2014-11-22"}, {"y1": 9, "y0": 0, "date": "2014-11-23"}, {"y1": 9, "y0": 0, "date": "2014-11-24"}, {"y1": 9, "y0": 0, "date": "2014-11-25"}, {"y1": 9, "y0": 0, "date": "2014-11-26"}, {"y1": 9, "y0": 0, "date": "2014-11-27"}, {"y1": 9, "y0": 0, "date": "2014-11-28"}, {"y1": 9, "y0": 0, "date": "2014-11-29"}, {"y1": 9, "y0": 0, "date": "2014-11-30"}, {"y1": 18, "y0": 0, "date": "2014-12-01"}, {"y1": 18, "y0": 0, "date": "2014-12-02"}, {"y1": 18, "y0": 0, "date": "2014-12-03"}, {"y1": 18, "y0": 0, "date": "2014-12-04"}, {"y1": 18, "y0": 0, "date": "2014-12-05"}, {"y1": 18, "y0": 0, "date": "2014-12-06"}, {"y1": 18, "y0": 0, "date": "2014-12-07"}, {"y1": 18, "y0": 0, "date": "2014-12-08"}, {"y1": 18, "y0": 0, "date": "2014-12-09"}, {"y1": 18, "y0": 0, "date": "2014-12-10"}, {"y1": 18, "y0": 0, "date": "2014-12-11"}, {"y1": 18, "y0": 0, "date": "2014-12-12"}, {"y1": 18, "y0": 0, "date": "2014-12-13"}, {"y1": 18, "y0": 0, "date": "2014-12-14"}, {"y1": 18, "y0": 0, "date": "2014-12-15"}, {"y1": 18, "y0": 0, "date": "2014-12-16"}, {"y1": 18, "y0": 0, "date": "2014-12-17"}, {"y1": 18, "y0": 0, "date": "2014-12-18"}, {"y1": 18, "y0": 0, "date": "2014-12-19"}, {"y1": 18, "y0": 0, "date": "2014-12-20"}, {"y1": 18, "y0": 0, "date": "2014-12-21"}, {"y1": 18, "y0": 0, "date": "2014-12-22"}, {"y1": 18, "y0": 0, "date": "2014-12-23"}, {"y1": 18, "y0": 0, "date": "2014-12-24"}, {"y1": 18, "y0": 0, "date": "2014-12-25"}, {"y1": 18, "y0": 0, "date": "2014-12-26"}, {"y1": 18, "y0": 0, "date": "2014-12-27"}, {"y1": 18, "y0": 0, "date": "2014-12-28"}, {"y1": 18, "y0": 0, "date": "2014-12-29"}, {"y1": 18, "y0": 0, "date": "2014-12-30"}, {"y1": 18, "y0": 0, "date": "2014-12-31"}, {"y1": 9, "y0": 0, "date": "2015-01-01"}, {"y1": 9, "y0": 0, "date": "2015-01-02"}, {"y1": 9, "y0": 0, "date": "2015-01-03"}, {"y1": 9, "y0": 0, "date": "2015-01-04"}, {"y1": 9, "y0": 0, "date": "2015-01-05"}, {"y1": 9, "y0": 0, "date": "2015-01-06"}, {"y1": 9, "y0": 0, "date": "2015-01-07"}, {"y1": 9, "y0": 0, "date": "2015-01-08"}, {"y1": 9, "y0": 0, "date": "2015-01-09"}, {"y1": 9, "y0": 0, "date": "2015-01-10"}, {"y1": 9, "y0": 0, "date": "2015-01-11"}, {"y1": 9, "y0": 0, "date": "2015-01-12"}, {"y1": 9, "y0": 0, "date": "2015-01-13"}, {"y1": 9, "y0": 0, "date": "2015-01-14"}, {"y1": 9, "y0": 0, "date": "2015-01-15"}, {"y1": 9, "y0": 0, "date": "2015-01-16"}, {"y1": 9, "y0": 0, "date": "2015-01-17"}, {"y1": 9, "y0": 0, "date": "2015-01-18"}, {"y1": 9, "y0": 0, "date": "2015-01-19"}, {"y1": 9, "y0": 0, "date": "2015-01-20"}, {"y1": 9, "y0": 0, "date": "2015-01-21"}, {"y1": 9, "y0": 0, "date": "2015-01-22"}, {"y1": 9, "y0": 0, "date": "2015-01-23"}, {"y1": 9, "y0": 0, "date": "2015-01-24"}, {"y1": 9, "y0": 0, "date": "2015-01-25"}, {"y1": 9, "y0": 0, "date": "2015-01-26"}, {"y1": 9, "y0": 0, "date": "2015-01-27"}, {"y1": 9, "y0": 0, "date": "2015-01-28"}, {"y1": 9, "y0": 0, "date": "2015-01-29"}, {"y1": 9, "y0": 0, "date": "2015-01-30"}, {"y1": 9, "y0": 0, "date": "2015-01-31"}, {"y1": 9, "y0": 0, "date": "2015-03-01"}, {"y1": 9, "y0": 0, "date": "2015-03-02"}, {"y1": 9, "y0": 0, "date": "2015-03-03"}, {"y1": 9, "y0": 0, "date": "2015-03-04"}, {"y1": 9, "y0": 0, "date": "2015-03-05"}, {"y1": 9, "y0": 0, "date": "2015-03-06"}, {"y1": 9, "y0": 0, "date": "2015-03-07"}, {"y1": 9, "y0": 0, "date": "2015-03-08"}, {"y1": 9, "y0": 0, "date": "2015-03-09"}, {"y1": 9, "y0": 0, "date": "2015-03-10"}, {"y1": 9, "y0": 0, "date": "2015-03-11"}, {"y1": 9, "y0": 0, "date": "2015-03-12"}, {"y1": 9, "y0": 0, "date": "2015-03-13"}, {"y1": 9, "y0": 0, "date": "2015-03-14"}, {"y1": 9, "y0": 0, "date": "2015-03-15"}, {"y1": 9, "y0": 0, "date": "2015-03-16"}, {"y1": 9, "y0": 0, "date": "2015-03-17"}, {"y1": 9, "y0": 0, "date": "2015-03-18"}, {"y1": 9, "y0": 0, "date": "2015-03-19"}, {"y1": 9, "y0": 0, "date": "2015-03-20"}, {"y1": 9, "y0": 0, "date": "2015-03-21"}, {"y1": 9, "y0": 0, "date": "2015-03-22"}, {"y1": 9, "y0": 0, "date": "2015-03-23"}, {"y1": 9, "y0": 0, "date": "2015-03-24"}, {"y1": 9, "y0": 0, "date": "2015-03-25"}, {"y1": 9, "y0": 0, "date": "2015-03-26"}, {"y1": 9, "y0": 0, "date": "2015-03-27"}, {"y1": 9, "y0": 0, "date": "2015-03-28"}, {"y1": 9, "y0": 0, "date": "2015-03-29"}, {"y1": 9, "y0": 0, "date": "2015-03-30"}, {"y1": 9, "y0": 0, "date": "2015-03-31"}, {"y1": 9, "y0": 0, "date": "2015-04-01"}, {"y1": 9, "y0": 0, "date": "2015-04-02"}, {"y1": 9, "y0": 0, "date": "2015-04-03"}, {"y1": 9, "y0": 0, "date": "2015-04-04"}, {"y1": 9, "y0": 0, "date": "2015-04-05"}, {"y1": 9, "y0": 0, "date": "2015-04-06"}, {"y1": 9, "y0": 0, "date": "2015-04-07"}, {"y1": 9, "y0": 0, "date": "2015-04-08"}, {"y1": 9, "y0": 0, "date": "2015-04-09"}, {"y1": 9, "y0": 0, "date": "2015-04-10"}, {"y1": 9, "y0": 0, "date": "2015-04-11"}, {"y1": 9, "y0": 0, "date": "2015-04-12"}, {"y1": 9, "y0": 0, "date": "2015-04-13"}, {"y1": 9, "y0": 0, "date": "2015-04-14"}, {"y1": 9, "y0": 0, "date": "2015-04-15"}, {"y1": 9, "y0": 0, "date": "2015-04-16"}, {"y1": 9, "y0": 0, "date": "2015-04-17"}, {"y1": 9, "y0": 0, "date": "2015-04-18"}, {"y1": 9, "y0": 0, "date": "2015-04-19"}, {"y1": 9, "y0": 0, "date": "2015-04-20"}, {"y1": 9, "y0": 0, "date": "2015-04-21"}, {"y1": 9, "y0": 0, "date": "2015-04-22"}, {"y1": 9, "y0": 0, "date": "2015-04-23"}, {"y1": 9, "y0": 0, "date": "2015-04-24"}, {"y1": 9, "y0": 0, "date": "2015-04-25"}, {"y1": 9, "y0": 0, "date": "2015-04-26"}, {"y1": 9, "y0": 0, "date": "2015-04-27"}, {"y1": 9, "y0": 0, "date": "2015-04-28"}, {"y1": 9, "y0": 0, "date": "2015-04-29"}, {"y1": 9, "y0": 0, "date": "2015-04-30"}, {"y1": 9, "y0": 0, "date": "2015-05-01"}, {"y1": 9, "y0": 0, "date": "2015-05-02"}, {"y1": 9, "y0": 0, "date": "2015-05-03"}, {"y1": 9, "y0": 0, "date": "2015-05-04"}, {"y1": 9, "y0": 0, "date": "2015-05-05"}, {"y1": 9, "y0": 0, "date": "2015-05-06"}, {"y1": 9, "y0": 0, "date": "2015-05-07"}, {"y1": 9, "y0": 0, "date": "2015-05-08"}, {"y1": 9, "y0": 0, "date": "2015-05-09"}, {"y1": 9, "y0": 0, "date": "2015-05-10"}, {"y1": 9, "y0": 0, "date": "2015-05-11"}, {"y1": 9, "y0": 0, "date": "2015-05-12"}, {"y1": 9, "y0": 0, "date": "2015-05-13"}, {"y1": 9, "y0": 0, "date": "2015-05-14"}, {"y1": 9, "y0": 0, "date": "2015-05-15"}, {"y1": 9, "y0": 0, "date": "2015-05-16"}, {"y1": 9, "y0": 0, "date": "2015-05-17"}, {"y1": 9, "y0": 0, "date": "2015-05-18"}, {"y1": 9, "y0": 0, "date": "2015-05-19"}, {"y1": 9, "y0": 0, "date": "2015-05-20"}, {"y1": 9, "y0": 0, "date": "2015-05-21"}, {"y1": 9, "y0": 0, "date": "2015-05-22"}, {"y1": 9, "y0": 0, "date": "2015-05-23"}, {"y1": 9, "y0": 0, "date": "2015-05-24"}, {"y1": 9, "y0": 0, "date": "2015-05-25"}, {"y1": 9, "y0": 0, "date": "2015-05-26"}, {"y1": 9, "y0": 0, "date": "2015-05-27"}, {"y1": 9, "y0": 0, "date": "2015-05-28"}, {"y1": 9, "y0": 0, "date": "2015-05-29"}, {"y1": 9, "y0": 0, "date": "2015-05-30"}, {"y1": 9, "y0": 0, "date": "2015-05-31"}, {"y1": 9, "y0": 0, "date": "2015-07-01"}, {"y1": 9, "y0": 0, "date": "2015-07-02"}, {"y1": 9, "y0": 0, "date": "2015-07-03"}, {"y1": 9, "y0": 0, "date": "2015-07-04"}, {"y1": 9, "y0": 0, "date": "2015-07-05"}, {"y1": 9, "y0": 0, "date": "2015-07-06"}, {"y1": 9, "y0": 0, "date": "2015-07-07"}, {"y1": 9, "y0": 0, "date": "2015-07-08"}, {"y1": 9, "y0": 0, "date": "2015-07-09"}, {"y1": 9, "y0": 0, "date": "2015-07-10"}, {"y1": 9, "y0": 0, "date": "2015-07-11"}, {"y1": 9, "y0": 0, "date": "2015-07-12"}, {"y1": 9, "y0": 0, "date": "2015-07-13"}, {"y1": 9, "y0": 0, "date": "2015-07-14"}, {"y1": 9, "y0": 0, "date": "2015-07-15"}, {"y1": 9, "y0": 0, "date": "2015-07-16"}, {"y1": 9, "y0": 0, "date": "2015-07-17"}, {"y1": 9, "y0": 0, "date": "2015-07-18"}, {"y1": 9, "y0": 0, "date": "2015-07-19"}, {"y1": 9, "y0": 0, "date": "2015-07-20"}, {"y1": 9, "y0": 0, "date": "2015-07-21"}, {"y1": 9, "y0": 0, "date": "2015-07-22"}, {"y1": 9, "y0": 0, "date": "2015-07-23"}, {"y1": 9, "y0": 0, "date": "2015-07-24"}, {"y1": 9, "y0": 0, "date": "2015-07-25"}, {"y1": 9, "y0": 0, "date": "2015-07-26"}, {"y1": 9, "y0": 0, "date": "2015-07-27"}, {"y1": 9, "y0": 0, "date": "2015-07-28"}, {"y1": 9, "y0": 0, "date": "2015-07-29"}, {"y1": 9, "y0": 0, "date": "2015-07-30"}, {"y1": 9, "y0": 0, "date": "2015-07-31"}, {"y1": 18, "y0": 0, "date": "2015-08-01"}, {"y1": 18, "y0": 0, "date": "2015-08-02"}, {"y1": 18, "y0": 0, "date": "2015-08-03"}, {"y1": 18, "y0": 0, "date": "2015-08-04"}, {"y1": 18, "y0": 0, "date": "2015-08-05"}, {"y1": 18, "y0": 0, "date": "2015-08-06"}, {"y1": 18, "y0": 0, "date": "2015-08-07"}, {"y1": 18, "y0": 0, "date": "2015-08-08"}, {"y1": 18, "y0": 0, "date": "2015-08-09"}, {"y1": 18, "y0": 0, "date": "2015-08-10"}, {"y1": 18, "y0": 0, "date": "2015-08-11"}, {"y1": 18, "y0": 0, "date": "2015-08-12"}, {"y1": 18, "y0": 0, "date": "2015-08-13"}, {"y1": 18, "y0": 0, "date": "2015-08-14"}, {"y1": 18, "y0": 0, "date": "2015-08-15"}, {"y1": 18, "y0": 0, "date": "2015-08-16"}, {"y1": 18, "y0": 0, "date": "2015-08-17"}, {"y1": 18, "y0": 0, "date": "2015-08-18"}, {"y1": 18, "y0": 0, "date": "2015-08-19"}, {"y1": 18, "y0": 0, "date": "2015-08-20"}, {"y1": 18, "y0": 0, "date": "2015-08-21"}, {"y1": 18, "y0": 0, "date": "2015-08-22"}, {"y1": 18, "y0": 0, "date": "2015-08-23"}, {"y1": 18, "y0": 0, "date": "2015-08-24"}, {"y1": 18, "y0": 0, "date": "2015-08-25"}, {"y1": 18, "y0": 0, "date": "2015-08-26"}, {"y1": 18, "y0": 0, "date": "2015-08-27"}, {"y1": 18, "y0": 0, "date": "2015-08-28"}, {"y1": 18, "y0": 0, "date": "2015-08-29"}, {"y1": 18, "y0": 0, "date": "2015-08-30"}, {"y1": 18, "y0": 0, "date": "2015-08-31"}, {"y1": 18, "y0": 0, "date": "2015-10-01"}, {"y1": 18, "y0": 0, "date": "2015-10-02"}, {"y1": 18, "y0": 0, "date": "2015-10-03"}, {"y1": 18, "y0": 0, "date": "2015-10-04"}, {"y1": 18, "y0": 0, "date": "2015-10-05"}, {"y1": 18, "y0": 0, "date": "2015-10-06"}, {"y1": 18, "y0": 0, "date": "2015-10-07"}, {"y1": 18, "y0": 0, "date": "2015-10-08"}, {"y1": 18, "y0": 0, "date": "2015-10-09"}, {"y1": 18, "y0": 0, "date": "2015-10-10"}, {"y1": 18, "y0": 0, "date": "2015-10-11"}, {"y1": 18, "y0": 0, "date": "2015-10-12"}, {"y1": 18, "y0": 0, "date": "2015-10-13"}, {"y1": 18, "y0": 0, "date": "2015-10-14"}, {"y1": 18, "y0": 0, "date": "2015-10-15"}, {"y1": 18, "y0": 0, "date": "2015-10-16"}, {"y1": 18, "y0": 0, "date": "2015-10-17"}, {"y1": 18, "y0": 0, "date": "2015-10-18"}, {"y1": 18, "y0": 0, "date": "2015-10-19"}, {"y1": 18, "y0": 0, "date": "2015-10-20"}, {"y1": 18, "y0": 0, "date": "2015-10-21"}, {"y1": 18, "y0": 0, "date": "2015-10-22"}, {"y1": 18, "y0": 0, "date": "2015-10-23"}, {"y1": 18, "y0": 0, "date": "2015-10-24"}, {"y1": 18, "y0": 0, "date": "2015-10-25"}, {"y1": 18, "y0": 0, "date": "2015-10-26"}, {"y1": 18, "y0": 0, "date": "2015-10-27"}, {"y1": 18, "y0": 0, "date": "2015-10-28"}, {"y1": 18, "y0": 0, "date": "2015-10-29"}, {"y1": 18, "y0": 0, "date": "2015-10-30"}, {"y1": 18, "y0": 0, "date": "2015-10-31"}, {"y1": 18, "y0": 0, "date": "2015-11-01"}, {"y1": 18, "y0": 0, "date": "2015-11-02"}, {"y1": 18, "y0": 0, "date": "2015-11-03"}, {"y1": 18, "y0": 0, "date": "2015-11-04"}, {"y1": 18, "y0": 0, "date": "2015-11-05"}, {"y1": 18, "y0": 0, "date": "2015-11-06"}, {"y1": 18, "y0": 0, "date": "2015-11-07"}, {"y1": 18, "y0": 0, "date": "2015-11-08"}, {"y1": 18, "y0": 0, "date": "2015-11-09"}, {"y1": 18, "y0": 0, "date": "2015-11-10"}, {"y1": 18, "y0": 0, "date": "2015-11-11"}, {"y1": 18, "y0": 0, "date": "2015-11-12"}, {"y1": 18, "y0": 0, "date": "2015-11-13"}, {"y1": 18, "y0": 0, "date": "2015-11-14"}, {"y1": 18, "y0": 0, "date": "2015-11-15"}, {"y1": 18, "y0": 0, "date": "2015-11-16"}, {"y1": 18, "y0": 0, "date": "2015-11-17"}, {"y1": 18, "y0": 0, "date": "2015-11-18"}, {"y1": 18, "y0": 0, "date": "2015-11-19"}, {"y1": 18, "y0": 0, "date": "2015-11-20"}, {"y1": 18, "y0": 0, "date": "2015-11-21"}, {"y1": 18, "y0": 0, "date": "2015-11-22"}, {"y1": 18, "y0": 0, "date": "2015-11-23"}, {"y1": 18, "y0": 0, "date": "2015-11-24"}, {"y1": 18, "y0": 0, "date": "2015-11-25"}, {"y1": 18, "y0": 0, "date": "2015-11-26"}, {"y1": 18, "y0": 0, "date": "2015-11-27"}, {"y1": 18, "y0": 0, "date": "2015-11-28"}, {"y1": 18, "y0": 0, "date": "2015-11-29"}, {"y1": 18, "y0": 0, "date": "2015-11-30"}]}, {"state": 1, "data": []}, {"state": 0, "data": []}], "filesize": [{"state": 180, "data": []}, {"state": 90, "data": [{"y1": 1.0, "y0": 0, "date": "2016-06-17"}]}, {"state": 30, "data": [{"y1": 15.0, "y0": 0, "date": "2011-10-01"}, {"y1": 15.0, "y0": 0, "date": "2011-10-02"}, {"y1": 15.0, "y0": 0, "date": "2011-10-03"}, {"y1": 15.0, "y0": 0, "date": "2011-10-04"}, {"y1": 15.0, "y0": 0, "date": "2011-10-05"}, {"y1": 15.0, "y0": 0, "date": "2011-10-06"}, {"y1": 15.0, "y0": 0, "date": "2011-10-07"}, {"y1": 15.0, "y0": 0, "date": "2011-10-08"}, {"y1": 15.0, "y0": 0, "date": "2011-10-09"}, {"y1": 15.0, "y0": 0, "date": "2011-10-10"}, {"y1": 15.0, "y0": 0, "date": "2011-10-11"}, {"y1": 15.0, "y0": 0, "date": "2011-10-12"}, {"y1": 15.0, "y0": 0, "date": "2011-10-13"}, {"y1": 15.0, "y0": 0, "date": "2011-10-14"}, {"y1": 15.0, "y0": 0, "date": "2011-10-15"}, {"y1": 15.0, "y0": 0, "date": "2011-10-16"}, {"y1": 15.0, "y0": 0, "date": "2011-10-17"}, {"y1": 15.0, "y0": 0, "date": "2011-10-18"}, {"y1": 15.0, "y0": 0, "date": "2011-10-19"}, {"y1": 15.0, "y0": 0, "date": "2011-10-20"}, {"y1": 15.0, "y0": 0, "date": "2011-10-21"}, {"y1": 15.0, "y0": 0, "date": "2011-10-22"}, {"y1": 15.0, "y0": 0, "date": "2011-10-23"}, {"y1": 15.0, "y0": 0, "date": "2011-10-24"}, {"y1": 15.0, "y0": 0, "date": "2011-10-25"}, {"y1": 15.0, "y0": 0, "date": "2011-10-26"}, {"y1": 15.0, "y0": 0, "date": "2011-10-27"}, {"y1": 15.0, "y0": 0, "date": "2011-10-28"}, {"y1": 15.0, "y0": 0, "date": "2011-10-29"}, {"y1": 15.0, "y0": 0, "date": "2011-10-30"}, {"y1": 15.0, "y0": 0, "date": "2011-10-31"}, {"y1": 15.0, "y0": 0, "date": "2011-11-01"}, {"y1": 15.0, "y0": 0, "date": "2011-11-02"}, {"y1": 15.0, "y0": 0, "date": "2011-11-03"}, {"y1": 15.0, "y0": 0, "date": "2011-11-04"}, {"y1": 15.0, "y0": 0, "date": "2011-11-05"}, {"y1": 15.0, "y0": 0, "date": "2011-11-06"}, {"y1": 15.0, "y0": 0, "date": "2011-11-07"}, {"y1": 15.0, "y0": 0, "date": "2011-11-08"}, {"y1": 15.0, "y0": 0, "date": "2011-11-09"}, {"y1": 15.0, "y0": 0, "date": "2011-11-10"}, {"y1": 15.0, "y0": 0, "date": "2011-11-11"}, {"y1": 15.0, "y0": 0, "date": "2011-11-12"}, {"y1": 15.0, "y0": 0, "date": "2011-11-13"}, {"y1": 15.0, "y0": 0, "date": "2011-11-14"}, {"y1": 15.0, "y0": 0, "date": "2011-11-15"}, {"y1": 15.0, "y0": 0, "date": "2011-11-16"}, {"y1": 15.0, "y0": 0, "date": "2011-11-17"}, {"y1": 15.0, "y0": 0, "date": "2011-11-18"}, {"y1": 15.0, "y0": 0, "date": "2011-11-19"}, {"y1": 15.0, "y0": 0, "date": "2011-11-20"}, {"y1": 15.0, "y0": 0, "date": "2011-11-21"}, {"y1": 15.0, "y0": 0, "date": "2011-11-22"}, {"y1": 15.0, "y0": 0, "date": "2011-11-23"}, {"y1": 15.0, "y0": 0, "date": "2011-11-24"}, {"y1": 15.0, "y0": 0, "date": "2011-11-25"}, {"y1": 15.0, "y0": 0, "date": "2011-11-26"}, {"y1": 15.0, "y0": 0, "date": "2011-11-27"}, {"y1": 15.0, "y0": 0, "date": "2011-11-28"}, {"y1": 15.0, "y0": 0, "date": "2011-11-29"}, {"y1": 15.0, "y0": 0, "date": "2011-11-30"}, {"y1": 15.0, "y0": 0, "date": "2012-03-01"}, {"y1": 15.0, "y0": 0, "date": "2012-03-02"}, {"y1": 15.0, "y0": 0, "date": "2012-03-03"}, {"y1": 15.0, "y0": 0, "date": "2012-03-04"}, {"y1": 15.0, "y0": 0, "date": "2012-03-05"}, {"y1": 15.0, "y0": 0, "date": "2012-03-06"}, {"y1": 15.0, "y0": 0, "date": "2012-03-07"}, {"y1": 15.0, "y0": 0, "date": "2012-03-08"}, {"y1": 15.0, "y0": 0, "date": "2012-03-09"}, {"y1": 15.0, "y0": 0, "date": "2012-03-10"}, {"y1": 15.0, "y0": 0, "date": "2012-03-11"}, {"y1": 15.0, "y0": 0, "date": "2012-03-12"}, {"y1": 15.0, "y0": 0, "date": "2012-03-13"}, {"y1": 15.0, "y0": 0, "date": "2012-03-14"}, {"y1": 15.0, "y0": 0, "date": "2012-03-15"}, {"y1": 15.0, "y0": 0, "date": "2012-03-16"}, {"y1": 15.0, "y0": 0, "date": "2012-03-17"}, {"y1": 15.0, "y0": 0, "date": "2012-03-18"}, {"y1": 15.0, "y0": 0, "date": "2012-03-19"}, {"y1": 15.0, "y0": 0, "date": "2012-03-20"}, {"y1": 15.0, "y0": 0, "date": "2012-03-21"}, {"y1": 15.0, "y0": 0, "date": "2012-03-22"}, {"y1": 15.0, "y0": 0, "date": "2012-03-23"}, {"y1": 15.0, "y0": 0, "date": "2012-03-24"}, {"y1": 15.0, "y0": 0, "date": "2012-03-25"}, {"y1": 15.0, "y0": 0, "date": "2012-03-26"}, {"y1": 15.0, "y0": 0, "date": "2012-03-27"}, {"y1": 15.0, "y0": 0, "date": "2012-03-28"}, {"y1": 15.0, "y0": 0, "date": "2012-03-29"}, {"y1": 15.0, "y0": 0, "date": "2012-03-30"}, {"y1": 15.0, "y0": 0, "date": "2012-03-31"}, {"y1": 15.0, "y0": 0, "date": "2012-04-01"}, {"y1": 15.0, "y0": 0, "date": "2012-04-02"}, {"y1": 15.0, "y0": 0, "date": "2012-04-03"}, {"y1": 15.0, "y0": 0, "date": "2012-04-04"}, {"y1": 15.0, "y0": 0, "date": "2012-04-05"}, {"y1": 15.0, "y0": 0, "date": "2012-04-06"}, {"y1": 15.0, "y0": 0, "date": "2012-04-07"}, {"y1": 15.0, "y0": 0, "date": "2012-04-08"}, {"y1": 15.0, "y0": 0, "date": "2012-04-09"}, {"y1": 15.0, "y0": 0, "date": "2012-04-10"}, {"y1": 15.0, "y0": 0, "date": "2012-04-11"}, {"y1": 15.0, "y0": 0, "date": "2012-04-12"}, {"y1": 15.0, "y0": 0, "date": "2012-04-13"}, {"y1": 15.0, "y0": 0, "date": "2012-04-14"}, {"y1": 15.0, "y0": 0, "date": "2012-04-15"}, {"y1": 15.0, "y0": 0, "date": "2012-04-16"}, {"y1": 15.0, "y0": 0, "date": "2012-04-17"}, {"y1": 15.0, "y0": 0, "date": "2012-04-18"}, {"y1": 15.0, "y0": 0, "date": "2012-04-19"}, {"y1": 15.0, "y0": 0, "date": "2012-04-20"}, {"y1": 15.0, "y0": 0, "date": "2012-04-21"}, {"y1": 15.0, "y0": 0, "date": "2012-04-22"}, {"y1": 15.0, "y0": 0, "date": "2012-04-23"}, {"y1": 15.0, "y0": 0, "date": "2012-04-24"}, {"y1": 15.0, "y0": 0, "date": "2012-04-25"}, {"y1": 15.0, "y0": 0, "date": "2012-04-26"}, {"y1": 15.0, "y0": 0, "date": "2012-04-27"}, {"y1": 15.0, "y0": 0, "date": "2012-04-28"}, {"y1": 15.0, "y0": 0, "date": "2012-04-29"}, {"y1": 15.0, "y0": 0, "date": "2012-04-30"}, {"y1": 15.0, "y0": 0, "date": "2013-08-01"}, {"y1": 15.0, "y0": 0, "date": "2013-08-02"}, {"y1": 15.0, "y0": 0, "date": "2013-08-03"}, {"y1": 15.0, "y0": 0, "date": "2013-08-04"}, {"y1": 15.0, "y0": 0, "date": "2013-08-05"}, {"y1": 15.0, "y0": 0, "date": "2013-08-06"}, {"y1": 15.0, "y0": 0, "date": "2013-08-07"}, {"y1": 15.0, "y0": 0, "date": "2013-08-08"}, {"y1": 15.0, "y0": 0, "date": "2013-08-09"}, {"y1": 15.0, "y0": 0, "date": "2013-08-10"}, {"y1": 15.0, "y0": 0, "date": "2013-08-11"}, {"y1": 15.0, "y0": 0, "date": "2013-08-12"}, {"y1": 15.0, "y0": 0, "date": "2013-08-13"}, {"y1": 15.0, "y0": 0, "date": "2013-08-14"}, {"y1": 15.0, "y0": 0, "date": "2013-08-15"}, {"y1": 15.0, "y0": 0, "date": "2013-08-16"}, {"y1": 15.0, "y0": 0, "date": "2013-08-17"}, {"y1": 15.0, "y0": 0, "date": "2013-08-18"}, {"y1": 15.0, "y0": 0, "date": "2013-08-19"}, {"y1": 15.0, "y0": 0, "date": "2013-08-20"}, {"y1": 15.0, "y0": 0, "date": "2013-08-21"}, {"y1": 15.0, "y0": 0, "date": "2013-08-22"}, {"y1": 15.0, "y0": 0, "date": "2013-08-23"}, {"y1": 15.0, "y0": 0, "date": "2013-08-24"}, {"y1": 15.0, "y0": 0, "date": "2013-08-25"}, {"y1": 15.0, "y0": 0, "date": "2013-08-26"}, {"y1": 15.0, "y0": 0, "date": "2013-08-27"}, {"y1": 15.0, "y0": 0, "date": "2013-08-28"}, {"y1": 15.0, "y0": 0, "date": "2013-08-29"}, {"y1": 15.0, "y0": 0, "date": "2013-08-30"}, {"y1": 15.0, "y0": 0, "date": "2013-08-31"}, {"y1": 15.0, "y0": 0, "date": "2014-01-01"}, {"y1": 15.0, "y0": 0, "date": "2014-01-02"}, {"y1": 15.0, "y0": 0, "date": "2014-01-03"}, {"y1": 15.0, "y0": 0, "date": "2014-01-04"}, {"y1": 15.0, "y0": 0, "date": "2014-01-05"}, {"y1": 15.0, "y0": 0, "date": "2014-01-06"}, {"y1": 15.0, "y0": 0, "date": "2014-01-07"}, {"y1": 15.0, "y0": 0, "date": "2014-01-08"}, {"y1": 15.0, "y0": 0, "date": "2014-01-09"}, {"y1": 15.0, "y0": 0, "date": "2014-01-10"}, {"y1": 15.0, "y0": 0, "date": "2014-01-11"}, {"y1": 15.0, "y0": 0, "date": "2014-01-12"}, {"y1": 15.0, "y0": 0, "date": "2014-01-13"}, {"y1": 15.0, "y0": 0, "date": "2014-01-14"}, {"y1": 15.0, "y0": 0, "date": "2014-01-15"}, {"y1": 15.0, "y0": 0, "date": "2014-01-16"}, {"y1": 15.0, "y0": 0, "date": "2014-01-17"}, {"y1": 15.0, "y0": 0, "date": "2014-01-18"}, {"y1": 15.0, "y0": 0, "date": "2014-01-19"}, {"y1": 15.0, "y0": 0, "date": "2014-01-20"}, {"y1": 15.0, "y0": 0, "date": "2014-01-21"}, {"y1": 15.0, "y0": 0, "date": "2014-01-22"}, {"y1": 15.0, "y0": 0, "date": "2014-01-23"}, {"y1": 15.0, "y0": 0, "date": "2014-01-24"}, {"y1": 15.0, "y0": 0, "date": "2014-01-25"}, {"y1": 15.0, "y0": 0, "date": "2014-01-26"}, {"y1": 15.0, "y0": 0, "date": "2014-01-27"}, {"y1": 15.0, "y0": 0, "date": "2014-01-28"}, {"y1": 15.0, "y0": 0, "date": "2014-01-29"}, {"y1": 15.0, "y0": 0, "date": "2014-01-30"}, {"y1": 15.0, "y0": 0, "date": "2014-01-31"}, {"y1": 15.0, "y0": 0, "date": "2014-02-01"}, {"y1": 15.0, "y0": 0, "date": "2014-02-02"}, {"y1": 15.0, "y0": 0, "date": "2014-02-03"}, {"y1": 15.0, "y0": 0, "date": "2014-02-04"}, {"y1": 15.0, "y0": 0, "date": "2014-02-05"}, {"y1": 15.0, "y0": 0, "date": "2014-02-06"}, {"y1": 15.0, "y0": 0, "date": "2014-02-07"}, {"y1": 15.0, "y0": 0, "date": "2014-02-08"}, {"y1": 15.0, "y0": 0, "date": "2014-02-09"}, {"y1": 15.0, "y0": 0, "date": "2014-02-10"}, {"y1": 15.0, "y0": 0, "date": "2014-02-11"}, {"y1": 15.0, "y0": 0, "date": "2014-02-12"}, {"y1": 15.0, "y0": 0, "date": "2014-02-13"}, {"y1": 15.0, "y0": 0, "date": "2014-02-14"}, {"y1": 15.0, "y0": 0, "date": "2014-02-15"}, {"y1": 15.0, "y0": 0, "date": "2014-02-16"}, {"y1": 15.0, "y0": 0, "date": "2014-02-17"}, {"y1": 15.0, "y0": 0, "date": "2014-02-18"}, {"y1": 15.0, "y0": 0, "date": "2014-02-19"}, {"y1": 15.0, "y0": 0, "date": "2014-02-20"}, {"y1": 15.0, "y0": 0, "date": "2014-02-21"}, {"y1": 15.0, "y0": 0, "date": "2014-02-22"}, {"y1": 15.0, "y0": 0, "date": "2014-02-23"}, {"y1": 15.0, "y0": 0, "date": "2014-02-24"}, {"y1": 15.0, "y0": 0, "date": "2014-02-25"}, {"y1": 15.0, "y0": 0, "date": "2014-02-26"}, {"y1": 15.0, "y0": 0, "date": "2014-02-27"}, {"y1": 15.0, "y0": 0, "date": "2014-02-28"}, {"y1": 15.0, "y0": 0, "date": "2014-03-01"}, {"y1": 15.0, "y0": 0, "date": "2014-03-02"}, {"y1": 15.0, "y0": 0, "date": "2014-03-03"}, {"y1": 15.0, "y0": 0, "date": "2014-03-04"}, {"y1": 15.0, "y0": 0, "date": "2014-03-05"}, {"y1": 15.0, "y0": 0, "date": "2014-03-06"}, {"y1": 15.0, "y0": 0, "date": "2014-03-07"}, {"y1": 15.0, "y0": 0, "date": "2014-03-08"}, {"y1": 15.0, "y0": 0, "date": "2014-03-09"}, {"y1": 15.0, "y0": 0, "date": "2014-03-10"}, {"y1": 15.0, "y0": 0, "date": "2014-03-11"}, {"y1": 15.0, "y0": 0, "date": "2014-03-12"}, {"y1": 15.0, "y0": 0, "date": "2014-03-13"}, {"y1": 15.0, "y0": 0, "date": "2014-03-14"}, {"y1": 15.0, "y0": 0, "date": "2014-03-15"}, {"y1": 15.0, "y0": 0, "date": "2014-03-16"}, {"y1": 15.0, "y0": 0, "date": "2014-03-17"}, {"y1": 15.0, "y0": 0, "date": "2014-03-18"}, {"y1": 15.0, "y0": 0, "date": "2014-03-19"}, {"y1": 15.0, "y0": 0, "date": "2014-03-20"}, {"y1": 15.0, "y0": 0, "date": "2014-03-21"}, {"y1": 15.0, "y0": 0, "date": "2014-03-22"}, {"y1": 15.0, "y0": 0, "date": "2014-03-23"}, {"y1": 15.0, "y0": 0, "date": "2014-03-24"}, {"y1": 15.0, "y0": 0, "date": "2014-03-25"}, {"y1": 15.0, "y0": 0, "date": "2014-03-26"}, {"y1": 15.0, "y0": 0, "date": "2014-03-27"}, {"y1": 15.0, "y0": 0, "date": "2014-03-28"}, {"y1": 15.0, "y0": 0, "date": "2014-03-29"}, {"y1": 15.0, "y0": 0, "date": "2014-03-30"}, {"y1": 15.0, "y0": 0, "date": "2014-03-31"}, {"y1": 15.0, "y0": 0, "date": "2014-04-01"}, {"y1": 15.0, "y0": 0, "date": "2014-04-02"}, {"y1": 15.0, "y0": 0, "date": "2014-04-03"}, {"y1": 15.0, "y0": 0, "date": "2014-04-04"}, {"y1": 15.0, "y0": 0, "date": "2014-04-05"}, {"y1": 15.0, "y0": 0, "date": "2014-04-06"}, {"y1": 15.0, "y0": 0, "date": "2014-04-07"}, {"y1": 15.0, "y0": 0, "date": "2014-04-08"}, {"y1": 15.0, "y0": 0, "date": "2014-04-09"}, {"y1": 15.0, "y0": 0, "date": "2014-04-10"}, {"y1": 15.0, "y0": 0, "date": "2014-04-11"}, {"y1": 15.0, "y0": 0, "date": "2014-04-12"}, {"y1": 15.0, "y0": 0, "date": "2014-04-13"}, {"y1": 15.0, "y0": 0, "date": "2014-04-14"}, {"y1": 15.0, "y0": 0, "date": "2014-04-15"}, {"y1": 15.0, "y0": 0, "date": "2014-04-16"}, {"y1": 15.0, "y0": 0, "date": "2014-04-17"}, {"y1": 15.0, "y0": 0, "date": "2014-04-18"}, {"y1": 15.0, "y0": 0, "date": "2014-04-19"}, {"y1": 15.0, "y0": 0, "date": "2014-04-20"}, {"y1": 15.0, "y0": 0, "date": "2014-04-21"}, {"y1": 15.0, "y0": 0, "date": "2014-04-22"}, {"y1": 15.0, "y0": 0, "date": "2014-04-23"}, {"y1": 15.0, "y0": 0, "date": "2014-04-24"}, {"y1": 15.0, "y0": 0, "date": "2014-04-25"}, {"y1": 15.0, "y0": 0, "date": "2014-04-26"}, {"y1": 15.0, "y0": 0, "date": "2014-04-27"}, {"y1": 15.0, "y0": 0, "date": "2014-04-28"}, {"y1": 15.0, "y0": 0, "date": "2014-04-29"}, {"y1": 15.0, "y0": 0, "date": "2014-04-30"}, {"y1": 15.0, "y0": 0, "date": "2014-10-01"}, {"y1": 15.0, "y0": 0, "date": "2014-10-02"}, {"y1": 15.0, "y0": 0, "date": "2014-10-03"}, {"y1": 15.0, "y0": 0, "date": "2014-10-04"}, {"y1": 15.0, "y0": 0, "date": "2014-10-05"}, {"y1": 15.0, "y0": 0, "date": "2014-10-06"}, {"y1": 15.0, "y0": 0, "date": "2014-10-07"}, {"y1": 15.0, "y0": 0, "date": "2014-10-08"}, {"y1": 15.0, "y0": 0, "date": "2014-10-09"}, {"y1": 15.0, "y0": 0, "date": "2014-10-10"}, {"y1": 15.0, "y0": 0, "date": "2014-10-11"}, {"y1": 15.0, "y0": 0, "date": "2014-10-12"}, {"y1": 15.0, "y0": 0, "date": "2014-10-13"}, {"y1": 15.0, "y0": 0, "date": "2014-10-14"}, {"y1": 15.0, "y0": 0, "date": "2014-10-15"}, {"y1": 15.0, "y0": 0, "date": "2014-10-16"}, {"y1": 15.0, "y0": 0, "date": "2014-10-17"}, {"y1": 15.0, "y0": 0, "date": "2014-10-18"}, {"y1": 15.0, "y0": 0, "date": "2014-10-19"}, {"y1": 15.0, "y0": 0, "date": "2014-10-20"}, {"y1": 15.0, "y0": 0, "date": "2014-10-21"}, {"y1": 15.0, "y0": 0, "date": "2014-10-22"}, {"y1": 15.0, "y0": 0, "date": "2014-10-23"}, {"y1": 15.0, "y0": 0, "date": "2014-10-24"}, {"y1": 15.0, "y0": 0, "date": "2014-10-25"}, {"y1": 15.0, "y0": 0, "date": "2014-10-26"}, {"y1": 15.0, "y0": 0, "date": "2014-10-27"}, {"y1": 15.0, "y0": 0, "date": "2014-10-28"}, {"y1": 15.0, "y0": 0, "date": "2014-10-29"}, {"y1": 15.0, "y0": 0, "date": "2014-10-30"}, {"y1": 15.0, "y0": 0, "date": "2014-10-31"}, {"y1": 15.0, "y0": 0, "date": "2014-11-01"}, {"y1": 15.0, "y0": 0, "date": "2014-11-02"}, {"y1": 15.0, "y0": 0, "date": "2014-11-03"}, {"y1": 15.0, "y0": 0, "date": "2014-11-04"}, {"y1": 15.0, "y0": 0, "date": "2014-11-05"}, {"y1": 15.0, "y0": 0, "date": "2014-11-06"}, {"y1": 15.0, "y0": 0, "date": "2014-11-07"}, {"y1": 15.0, "y0": 0, "date": "2014-11-08"}, {"y1": 15.0, "y0": 0, "date": "2014-11-09"}, {"y1": 15.0, "y0": 0, "date": "2014-11-10"}, {"y1": 15.0, "y0": 0, "date": "2014-11-11"}, {"y1": 15.0, "y0": 0, "date": "2014-11-12"}, {"y1": 15.0, "y0": 0, "date": "2014-11-13"}, {"y1": 15.0, "y0": 0, "date": "2014-11-14"}, {"y1": 15.0, "y0": 0, "date": "2014-11-15"}, {"y1": 15.0, "y0": 0, "date": "2014-11-16"}, {"y1": 15.0, "y0": 0, "date": "2014-11-17"}, {"y1": 15.0, "y0": 0, "date": "2014-11-18"}, {"y1": 15.0, "y0": 0, "date": "2014-11-19"}, {"y1": 15.0, "y0": 0, "date": "2014-11-20"}, {"y1": 15.0, "y0": 0, "date": "2014-11-21"}, {"y1": 15.0, "y0": 0, "date": "2014-11-22"}, {"y1": 15.0, "y0": 0, "date": "2014-11-23"}, {"y1": 15.0, "y0": 0, "date": "2014-11-24"}, {"y1": 15.0, "y0": 0, "date": "2014-11-25"}, {"y1": 15.0, "y0": 0, "date": "2014-11-26"}, {"y1": 15.0, "y0": 0, "date": "2014-11-27"}, {"y1": 15.0, "y0": 0, "date": "2014-11-28"}, {"y1": 15.0, "y0": 0, "date": "2014-11-29"}, {"y1": 15.0, "y0": 0, "date": "2014-11-30"}, {"y1": 15.0, "y0": 0, "date": "2014-12-01"}, {"y1": 15.0, "y0": 0, "date": "2014-12-02"}, {"y1": 15.0, "y0": 0, "date": "2014-12-03"}, {"y1": 15.0, "y0": 0, "date": "2014-12-04"}, {"y1": 15.0, "y0": 0, "date": "2014-12-05"}, {"y1": 15.0, "y0": 0, "date": "2014-12-06"}, {"y1": 15.0, "y0": 0, "date": "2014-12-07"}, {"y1": 15.0, "y0": 0, "date": "2014-12-08"}, {"y1": 15.0, "y0": 0, "date": "2014-12-09"}, {"y1": 15.0, "y0": 0, "date": "2014-12-10"}, {"y1": 15.0, "y0": 0, "date": "2014-12-11"}, {"y1": 15.0, "y0": 0, "date": "2014-12-12"}, {"y1": 15.0, "y0": 0, "date": "2014-12-13"}, {"y1": 15.0, "y0": 0, "date": "2014-12-14"}, {"y1": 15.0, "y0": 0, "date": "2014-12-15"}, {"y1": 15.0, "y0": 0, "date": "2014-12-16"}, {"y1": 15.0, "y0": 0, "date": "2014-12-17"}, {"y1": 15.0, "y0": 0, "date": "2014-12-18"}, {"y1": 15.0, "y0": 0, "date": "2014-12-19"}, {"y1": 15.0, "y0": 0, "date": "2014-12-20"}, {"y1": 15.0, "y0": 0, "date": "2014-12-21"}, {"y1": 15.0, "y0": 0, "date": "2014-12-22"}, {"y1": 15.0, "y0": 0, "date": "2014-12-23"}, {"y1": 15.0, "y0": 0, "date": "2014-12-24"}, {"y1": 15.0, "y0": 0, "date": "2014-12-25"}, {"y1": 15.0, "y0": 0, "date": "2014-12-26"}, {"y1": 15.0, "y0": 0, "date": "2014-12-27"}, {"y1": 15.0, "y0": 0, "date": "2014-12-28"}, {"y1": 15.0, "y0": 0, "date": "2014-12-29"}, {"y1": 15.0, "y0": 0, "date": "2014-12-30"}, {"y1": 15.0, "y0": 0, "date": "2014-12-31"}, {"y1": 15.0, "y0": 0, "date": "2015-01-01"}, {"y1": 15.0, "y0": 0, "date": "2015-01-02"}, {"y1": 15.0, "y0": 0, "date": "2015-01-03"}, {"y1": 15.0, "y0": 0, "date": "2015-01-04"}, {"y1": 15.0, "y0": 0, "date": "2015-01-05"}, {"y1": 15.0, "y0": 0, "date": "2015-01-06"}, {"y1": 15.0, "y0": 0, "date": "2015-01-07"}, {"y1": 15.0, "y0": 0, "date": "2015-01-08"}, {"y1": 15.0, "y0": 0, "date": "2015-01-09"}, {"y1": 15.0, "y0": 0, "date": "2015-01-10"}, {"y1": 15.0, "y0": 0, "date": "2015-01-11"}, {"y1": 15.0, "y0": 0, "date": "2015-01-12"}, {"y1": 15.0, "y0": 0, "date": "2015-01-13"}, {"y1": 15.0, "y0": 0, "date": "2015-01-14"}, {"y1": 15.0, "y0": 0, "date": "2015-01-15"}, {"y1": 15.0, "y0": 0, "date": "2015-01-16"}, {"y1": 15.0, "y0": 0, "date": "2015-01-17"}, {"y1": 15.0, "y0": 0, "date": "2015-01-18"}, {"y1": 15.0, "y0": 0, "date": "2015-01-19"}, {"y1": 15.0, "y0": 0, "date": "2015-01-20"}, {"y1": 15.0, "y0": 0, "date": "2015-01-21"}, {"y1": 15.0, "y0": 0, "date": "2015-01-22"}, {"y1": 15.0, "y0": 0, "date": "2015-01-23"}, {"y1": 15.0, "y0": 0, "date": "2015-01-24"}, {"y1": 15.0, "y0": 0, "date": "2015-01-25"}, {"y1": 15.0, "y0": 0, "date": "2015-01-26"}, {"y1": 15.0, "y0": 0, "date": "2015-01-27"}, {"y1": 15.0, "y0": 0, "date": "2015-01-28"}, {"y1": 15.0, "y0": 0, "date": "2015-01-29"}, {"y1": 15.0, "y0": 0, "date": "2015-01-30"}, {"y1": 15.0, "y0": 0, "date": "2015-01-31"}, {"y1": 15.0, "y0": 0, "date": "2015-03-01"}, {"y1": 15.0, "y0": 0, "date": "2015-03-02"}, {"y1": 15.0, "y0": 0, "date": "2015-03-03"}, {"y1": 15.0, "y0": 0, "date": "2015-03-04"}, {"y1": 15.0, "y0": 0, "date": "2015-03-05"}, {"y1": 15.0, "y0": 0, "date": "2015-03-06"}, {"y1": 15.0, "y0": 0, "date": "2015-03-07"}, {"y1": 15.0, "y0": 0, "date": "2015-03-08"}, {"y1": 15.0, "y0": 0, "date": "2015-03-09"}, {"y1": 15.0, "y0": 0, "date": "2015-03-10"}, {"y1": 15.0, "y0": 0, "date": "2015-03-11"}, {"y1": 15.0, "y0": 0, "date": "2015-03-12"}, {"y1": 15.0, "y0": 0, "date": "2015-03-13"}, {"y1": 15.0, "y0": 0, "date": "2015-03-14"}, {"y1": 15.0, "y0": 0, "date": "2015-03-15"}, {"y1": 15.0, "y0": 0, "date": "2015-03-16"}, {"y1": 15.0, "y0": 0, "date": "2015-03-17"}, {"y1": 15.0, "y0": 0, "date": "2015-03-18"}, {"y1": 15.0, "y0": 0, "date": "2015-03-19"}, {"y1": 15.0, "y0": 0, "date": "2015-03-20"}, {"y1": 15.0, "y0": 0, "date": "2015-03-21"}, {"y1": 15.0, "y0": 0, "date": "2015-03-22"}, {"y1": 15.0, "y0": 0, "date": "2015-03-23"}, {"y1": 15.0, "y0": 0, "date": "2015-03-24"}, {"y1": 15.0, "y0": 0, "date": "2015-03-25"}, {"y1": 15.0, "y0": 0, "date": "2015-03-26"}, {"y1": 15.0, "y0": 0, "date": "2015-03-27"}, {"y1": 15.0, "y0": 0, "date": "2015-03-28"}, {"y1": 15.0, "y0": 0, "date": "2015-03-29"}, {"y1": 15.0, "y0": 0, "date": "2015-03-30"}, {"y1": 15.0, "y0": 0, "date": "2015-03-31"}, {"y1": 15.0, "y0": 0, "date": "2015-04-01"}, {"y1": 15.0, "y0": 0, "date": "2015-04-02"}, {"y1": 15.0, "y0": 0, "date": "2015-04-03"}, {"y1": 15.0, "y0": 0, "date": "2015-04-04"}, {"y1": 15.0, "y0": 0, "date": "2015-04-05"}, {"y1": 15.0, "y0": 0, "date": "2015-04-06"}, {"y1": 15.0, "y0": 0, "date": "2015-04-07"}, {"y1": 15.0, "y0": 0, "date": "2015-04-08"}, {"y1": 15.0, "y0": 0, "date": "2015-04-09"}, {"y1": 15.0, "y0": 0, "date": "2015-04-10"}, {"y1": 15.0, "y0": 0, "date": "2015-04-11"}, {"y1": 15.0, "y0": 0, "date": "2015-04-12"}, {"y1": 15.0, "y0": 0, "date": "2015-04-13"}, {"y1": 15.0, "y0": 0, "date": "2015-04-14"}, {"y1": 15.0, "y0": 0, "date": "2015-04-15"}, {"y1": 15.0, "y0": 0, "date": "2015-04-16"}, {"y1": 15.0, "y0": 0, "date": "2015-04-17"}, {"y1": 15.0, "y0": 0, "date": "2015-04-18"}, {"y1": 15.0, "y0": 0, "date": "2015-04-19"}, {"y1": 15.0, "y0": 0, "date": "2015-04-20"}, {"y1": 15.0, "y0": 0, "date": "2015-04-21"}, {"y1": 15.0, "y0": 0, "date": "2015-04-22"}, {"y1": 15.0, "y0": 0, "date": "2015-04-23"}, {"y1": 15.0, "y0": 0, "date": "2015-04-24"}, {"y1": 15.0, "y0": 0, "date": "2015-04-25"}, {"y1": 15.0, "y0": 0, "date": "2015-04-26"}, {"y1": 15.0, "y0": 0, "date": "2015-04-27"}, {"y1": 15.0, "y0": 0, "date": "2015-04-28"}, {"y1": 15.0, "y0": 0, "date": "2015-04-29"}, {"y1": 15.0, "y0": 0, "date": "2015-04-30"}, {"y1": 15.0, "y0": 0, "date": "2015-05-01"}, {"y1": 15.0, "y0": 0, "date": "2015-05-02"}, {"y1": 15.0, "y0": 0, "date": "2015-05-03"}, {"y1": 15.0, "y0": 0, "date": "2015-05-04"}, {"y1": 15.0, "y0": 0, "date": "2015-05-05"}, {"y1": 15.0, "y0": 0, "date": "2015-05-06"}, {"y1": 15.0, "y0": 0, "date": "2015-05-07"}, {"y1": 15.0, "y0": 0, "date": "2015-05-08"}, {"y1": 15.0, "y0": 0, "date": "2015-05-09"}, {"y1": 15.0, "y0": 0, "date": "2015-05-10"}, {"y1": 15.0, "y0": 0, "date": "2015-05-11"}, {"y1": 15.0, "y0": 0, "date": "2015-05-12"}, {"y1": 15.0, "y0": 0, "date": "2015-05-13"}, {"y1": 15.0, "y0": 0, "date": "2015-05-14"}, {"y1": 15.0, "y0": 0, "date": "2015-05-15"}, {"y1": 15.0, "y0": 0, "date": "2015-05-16"}, {"y1": 15.0, "y0": 0, "date": "2015-05-17"}, {"y1": 15.0, "y0": 0, "date": "2015-05-18"}, {"y1": 15.0, "y0": 0, "date": "2015-05-19"}, {"y1": 15.0, "y0": 0, "date": "2015-05-20"}, {"y1": 15.0, "y0": 0, "date": "2015-05-21"}, {"y1": 15.0, "y0": 0, "date": "2015-05-22"}, {"y1": 15.0, "y0": 0, "date": "2015-05-23"}, {"y1": 15.0, "y0": 0, "date": "2015-05-24"}, {"y1": 15.0, "y0": 0, "date": "2015-05-25"}, {"y1": 15.0, "y0": 0, "date": "2015-05-26"}, {"y1": 15.0, "y0": 0, "date": "2015-05-27"}, {"y1": 15.0, "y0": 0, "date": "2015-05-28"}, {"y1": 15.0, "y0": 0, "date": "2015-05-29"}, {"y1": 15.0, "y0": 0, "date": "2015-05-30"}, {"y1": 15.0, "y0": 0, "date": "2015-05-31"}, {"y1": 15.0, "y0": 0, "date": "2015-07-01"}, {"y1": 15.0, "y0": 0, "date": "2015-07-02"}, {"y1": 15.0, "y0": 0, "date": "2015-07-03"}, {"y1": 15.0, "y0": 0, "date": "2015-07-04"}, {"y1": 15.0, "y0": 0, "date": "2015-07-05"}, {"y1": 15.0, "y0": 0, "date": "2015-07-06"}, {"y1": 15.0, "y0": 0, "date": "2015-07-07"}, {"y1": 15.0, "y0": 0, "date": "2015-07-08"}, {"y1": 15.0, "y0": 0, "date": "2015-07-09"}, {"y1": 15.0, "y0": 0, "date": "2015-07-10"}, {"y1": 15.0, "y0": 0, "date": "2015-07-11"}, {"y1": 15.0, "y0": 0, "date": "2015-07-12"}, {"y1": 15.0, "y0": 0, "date": "2015-07-13"}, {"y1": 15.0, "y0": 0, "date": "2015-07-14"}, {"y1": 15.0, "y0": 0, "date": "2015-07-15"}, {"y1": 15.0, "y0": 0, "date": "2015-07-16"}, {"y1": 15.0, "y0": 0, "date": "2015-07-17"}, {"y1": 15.0, "y0": 0, "date": "2015-07-18"}, {"y1": 15.0, "y0": 0, "date": "2015-07-19"}, {"y1": 15.0, "y0": 0, "date": "2015-07-20"}, {"y1": 15.0, "y0": 0, "date": "2015-07-21"}, {"y1": 15.0, "y0": 0, "date": "2015-07-22"}, {"y1": 15.0, "y0": 0, "date": "2015-07-23"}, {"y1": 15.0, "y0": 0, "date": "2015-07-24"}, {"y1": 15.0, "y0": 0, "date": "2015-07-25"}, {"y1": 15.0, "y0": 0, "date": "2015-07-26"}, {"y1": 15.0, "y0": 0, "date": "2015-07-27"}, {"y1": 15.0, "y0": 0, "date": "2015-07-28"}, {"y1": 15.0, "y0": 0, "date": "2015-07-29"}, {"y1": 15.0, "y0": 0, "date": "2015-07-30"}, {"y1": 15.0, "y0": 0, "date": "2015-07-31"}, {"y1": 15.0, "y0": 0, "date": "2015-08-01"}, {"y1": 15.0, "y0": 0, "date": "2015-08-02"}, {"y1": 15.0, "y0": 0, "date": "2015-08-03"}, {"y1": 15.0, "y0": 0, "date": "2015-08-04"}, {"y1": 15.0, "y0": 0, "date": "2015-08-05"}, {"y1": 15.0, "y0": 0, "date": "2015-08-06"}, {"y1": 15.0, "y0": 0, "date": "2015-08-07"}, {"y1": 15.0, "y0": 0, "date": "2015-08-08"}, {"y1": 15.0, "y0": 0, "date": "2015-08-09"}, {"y1": 15.0, "y0": 0, "date": "2015-08-10"}, {"y1": 15.0, "y0": 0, "date": "2015-08-11"}, {"y1": 15.0, "y0": 0, "date": "2015-08-12"}, {"y1": 15.0, "y0": 0, "date": "2015-08-13"}, {"y1": 15.0, "y0": 0, "date": "2015-08-14"}, {"y1": 15.0, "y0": 0, "date": "2015-08-15"}, {"y1": 15.0, "y0": 0, "date": "2015-08-16"}, {"y1": 15.0, "y0": 0, "date": "2015-08-17"}, {"y1": 15.0, "y0": 0, "date": "2015-08-18"}, {"y1": 15.0, "y0": 0, "date": "2015-08-19"}, {"y1": 15.0, "y0": 0, "date": "2015-08-20"}, {"y1": 15.0, "y0": 0, "date": "2015-08-21"}, {"y1": 15.0, "y0": 0, "date": "2015-08-22"}, {"y1": 15.0, "y0": 0, "date": "2015-08-23"}, {"y1": 15.0, "y0": 0, "date": "2015-08-24"}, {"y1": 15.0, "y0": 0, "date": "2015-08-25"}, {"y1": 15.0, "y0": 0, "date": "2015-08-26"}, {"y1": 15.0, "y0": 0, "date": "2015-08-27"}, {"y1": 15.0, "y0": 0, "date": "2015-08-28"}, {"y1": 15.0, "y0": 0, "date": "2015-08-29"}, {"y1": 15.0, "y0": 0, "date": "2015-08-30"}, {"y1": 15.0, "y0": 0, "date": "2015-08-31"}, {"y1": 15.0, "y0": 0, "date": "2015-10-01"}, {"y1": 15.0, "y0": 0, "date": "2015-10-02"}, {"y1": 15.0, "y0": 0, "date": "2015-10-03"}, {"y1": 15.0, "y0": 0, "date": "2015-10-04"}, {"y1": 15.0, "y0": 0, "date": "2015-10-05"}, {"y1": 15.0, "y0": 0, "date": "2015-10-06"}, {"y1": 15.0, "y0": 0, "date": "2015-10-07"}, {"y1": 15.0, "y0": 0, "date": "2015-10-08"}, {"y1": 15.0, "y0": 0, "date": "2015-10-09"}, {"y1": 15.0, "y0": 0, "date": "2015-10-10"}, {"y1": 15.0, "y0": 0, "date": "2015-10-11"}, {"y1": 15.0, "y0": 0, "date": "2015-10-12"}, {"y1": 15.0, "y0": 0, "date": "2015-10-13"}, {"y1": 15.0, "y0": 0, "date": "2015-10-14"}, {"y1": 15.0, "y0": 0, "date": "2015-10-15"}, {"y1": 15.0, "y0": 0, "date": "2015-10-16"}, {"y1": 15.0, "y0": 0, "date": "2015-10-17"}, {"y1": 15.0, "y0": 0, "date": "2015-10-18"}, {"y1": 15.0, "y0": 0, "date": "2015-10-19"}, {"y1": 15.0, "y0": 0, "date": "2015-10-20"}, {"y1": 15.0, "y0": 0, "date": "2015-10-21"}, {"y1": 15.0, "y0": 0, "date": "2015-10-22"}, {"y1": 15.0, "y0": 0, "date": "2015-10-23"}, {"y1": 15.0, "y0": 0, "date": "2015-10-24"}, {"y1": 15.0, "y0": 0, "date": "2015-10-25"}, {"y1": 15.0, "y0": 0, "date": "2015-10-26"}, {"y1": 15.0, "y0": 0, "date": "2015-10-27"}, {"y1": 15.0, "y0": 0, "date": "2015-10-28"}, {"y1": 15.0, "y0": 0, "date": "2015-10-29"}, {"y1": 15.0, "y0": 0, "date": "2015-10-30"}, {"y1": 15.0, "y0": 0, "date": "2015-10-31"}, {"y1": 15.0, "y0": 0, "date": "2015-11-01"}, {"y1": 15.0, "y0": 0, "date": "2015-11-02"}, {"y1": 15.0, "y0": 0, "date": "2015-11-03"}, {"y1": 15.0, "y0": 0, "date": "2015-11-04"}, {"y1": 15.0, "y0": 0, "date": "2015-11-05"}, {"y1": 15.0, "y0": 0, "date": "2015-11-06"}, {"y1": 15.0, "y0": 0, "date": "2015-11-07"}, {"y1": 15.0, "y0": 0, "date": "2015-11-08"}, {"y1": 15.0, "y0": 0, "date": "2015-11-09"}, {"y1": 15.0, "y0": 0, "date": "2015-11-10"}, {"y1": 15.0, "y0": 0, "date": "2015-11-11"}, {"y1": 15.0, "y0": 0, "date": "2015-11-12"}, {"y1": 15.0, "y0": 0, "date": "2015-11-13"}, {"y1": 15.0, "y0": 0, "date": "2015-11-14"}, {"y1": 15.0, "y0": 0, "date": "2015-11-15"}, {"y1": 15.0, "y0": 0, "date": "2015-11-16"}, {"y1": 15.0, "y0": 0, "date": "2015-11-17"}, {"y1": 15.0, "y0": 0, "date": "2015-11-18"}, {"y1": 15.0, "y0": 0, "date": "2015-11-19"}, {"y1": 15.0, "y0": 0, "date": "2015-11-20"}, {"y1": 15.0, "y0": 0, "date": "2015-11-21"}, {"y1": 15.0, "y0": 0, "date": "2015-11-22"}, {"y1": 15.0, "y0": 0, "date": "2015-11-23"}, {"y1": 15.0, "y0": 0, "date": "2015-11-24"}, {"y1": 15.0, "y0": 0, "date": "2015-11-25"}, {"y1": 15.0, "y0": 0, "date": "2015-11-26"}, {"y1": 15.0, "y0": 0, "date": "2015-11-27"}, {"y1": 15.0, "y0": 0, "date": "2015-11-28"}, {"y1": 15.0, "y0": 0, "date": "2015-11-29"}, {"y1": 15.0, "y0": 0, "date": "2015-11-30"}]}, {"state": 1, "data": []}, {"state": 0, "data": []}], "dataset": [{"state": 180, "data": []}, {"state": 90, "data": [{"y1": 1, "y0": 0, "date": "2016-06-17"}]}, {"state": 30, "data": [{"y1": 1, "y0": 0, "date": "2011-10-01"}, {"y1": 1, "y0": 0, "date": "2011-10-02"}, {"y1": 1, "y0": 0, "date": "2011-10-03"}, {"y1": 1, "y0": 0, "date": "2011-10-04"}, {"y1": 1, "y0": 0, "date": "2011-10-05"}, {"y1": 1, "y0": 0, "date": "2011-10-06"}, {"y1": 1, "y0": 0, "date": "2011-10-07"}, {"y1": 1, "y0": 0, "date": "2011-10-08"}, {"y1": 1, "y0": 0, "date": "2011-10-09"}, {"y1": 1, "y0": 0, "date": "2011-10-10"}, {"y1": 1, "y0": 0, "date": "2011-10-11"}, {"y1": 1, "y0": 0, "date": "2011-10-12"}, {"y1": 1, "y0": 0, "date": "2011-10-13"}, {"y1": 1, "y0": 0, "date": "2011-10-14"}, {"y1": 1, "y0": 0, "date": "2011-10-15"}, {"y1": 1, "y0": 0, "date": "2011-10-16"}, {"y1": 1, "y0": 0, "date": "2011-10-17"}, {"y1": 1, "y0": 0, "date": "2011-10-18"}, {"y1": 1, "y0": 0, "date": "2011-10-19"}, {"y1": 1, "y0": 0, "date": "2011-10-20"}, {"y1": 1, "y0": 0, "date": "2011-10-21"}, {"y1": 1, "y0": 0, "date": "2011-10-22"}, {"y1": 1, "y0": 0, "date": "2011-10-23"}, {"y1": 1, "y0": 0, "date": "2011-10-24"}, {"y1": 1, "y0": 0, "date": "2011-10-25"}, {"y1": 1, "y0": 0, "date": "2011-10-26"}, {"y1": 1, "y0": 0, "date": "2011-10-27"}, {"y1": 1, "y0": 0, "date": "2011-10-28"}, {"y1": 1, "y0": 0, "date": "2011-10-29"}, {"y1": 1, "y0": 0, "date": "2011-10-30"}, {"y1": 1, "y0": 0, "date": "2011-10-31"}, {"y1": 1, "y0": 0, "date": "2011-11-01"}, {"y1": 1, "y0": 0, "date": "2011-11-02"}, {"y1": 1, "y0": 0, "date": "2011-11-03"}, {"y1": 1, "y0": 0, "date": "2011-11-04"}, {"y1": 1, "y0": 0, "date": "2011-11-05"}, {"y1": 1, "y0": 0, "date": "2011-11-06"}, {"y1": 1, "y0": 0, "date": "2011-11-07"}, {"y1": 1, "y0": 0, "date": "2011-11-08"}, {"y1": 1, "y0": 0, "date": "2011-11-09"}, {"y1": 1, "y0": 0, "date": "2011-11-10"}, {"y1": 1, "y0": 0, "date": "2011-11-11"}, {"y1": 1, "y0": 0, "date": "2011-11-12"}, {"y1": 1, "y0": 0, "date": "2011-11-13"}, {"y1": 1, "y0": 0, "date": "2011-11-14"}, {"y1": 1, "y0": 0, "date": "2011-11-15"}, {"y1": 1, "y0": 0, "date": "2011-11-16"}, {"y1": 1, "y0": 0, "date": "2011-11-17"}, {"y1": 1, "y0": 0, "date": "2011-11-18"}, {"y1": 1, "y0": 0, "date": "2011-11-19"}, {"y1": 1, "y0": 0, "date": "2011-11-20"}, {"y1": 1, "y0": 0, "date": "2011-11-21"}, {"y1": 1, "y0": 0, "date": "2011-11-22"}, {"y1": 1, "y0": 0, "date": "2011-11-23"}, {"y1": 1, "y0": 0, "date": "2011-11-24"}, {"y1": 1, "y0": 0, "date": "2011-11-25"}, {"y1": 1, "y0": 0, "date": "2011-11-26"}, {"y1": 1, "y0": 0, "date": "2011-11-27"}, {"y1": 1, "y0": 0, "date": "2011-11-28"}, {"y1": 1, "y0": 0, "date": "2011-11-29"}, {"y1": 1, "y0": 0, "date": "2011-11-30"}, {"y1": 1, "y0": 0, "date": "2012-03-01"}, {"y1": 1, "y0": 0, "date": "2012-03-02"}, {"y1": 1, "y0": 0, "date": "2012-03-03"}, {"y1": 1, "y0": 0, "date": "2012-03-04"}, {"y1": 1, "y0": 0, "date": "2012-03-05"}, {"y1": 1, "y0": 0, "date": "2012-03-06"}, {"y1": 1, "y0": 0, "date": "2012-03-07"}, {"y1": 1, "y0": 0, "date": "2012-03-08"}, {"y1": 1, "y0": 0, "date": "2012-03-09"}, {"y1": 1, "y0": 0, "date": "2012-03-10"}, {"y1": 1, "y0": 0, "date": "2012-03-11"}, {"y1": 1, "y0": 0, "date": "2012-03-12"}, {"y1": 1, "y0": 0, "date": "2012-03-13"}, {"y1": 1, "y0": 0, "date": "2012-03-14"}, {"y1": 1, "y0": 0, "date": "2012-03-15"}, {"y1": 1, "y0": 0, "date": "2012-03-16"}, {"y1": 1, "y0": 0, "date": "2012-03-17"}, {"y1": 1, "y0": 0, "date": "2012-03-18"}, {"y1": 1, "y0": 0, "date": "2012-03-19"}, {"y1": 1, "y0": 0, "date": "2012-03-20"}, {"y1": 1, "y0": 0, "date": "2012-03-21"}, {"y1": 1, "y0": 0, "date": "2012-03-22"}, {"y1": 1, "y0": 0, "date": "2012-03-23"}, {"y1": 1, "y0": 0, "date": "2012-03-24"}, {"y1": 1, "y0": 0, "date": "2012-03-25"}, {"y1": 1, "y0": 0, "date": "2012-03-26"}, {"y1": 1, "y0": 0, "date": "2012-03-27"}, {"y1": 1, "y0": 0, "date": "2012-03-28"}, {"y1": 1, "y0": 0, "date": "2012-03-29"}, {"y1": 1, "y0": 0, "date": "2012-03-30"}, {"y1": 1, "y0": 0, "date": "2012-03-31"}, {"y1": 1, "y0": 0, "date": "2012-04-01"}, {"y1": 1, "y0": 0, "date": "2012-04-02"}, {"y1": 1, "y0": 0, "date": "2012-04-03"}, {"y1": 1, "y0": 0, "date": "2012-04-04"}, {"y1": 1, "y0": 0, "date": "2012-04-05"}, {"y1": 1, "y0": 0, "date": "2012-04-06"}, {"y1": 1, "y0": 0, "date": "2012-04-07"}, {"y1": 1, "y0": 0, "date": "2012-04-08"}, {"y1": 1, "y0": 0, "date": "2012-04-09"}, {"y1": 1, "y0": 0, "date": "2012-04-10"}, {"y1": 1, "y0": 0, "date": "2012-04-11"}, {"y1": 1, "y0": 0, "date": "2012-04-12"}, {"y1": 1, "y0": 0, "date": "2012-04-13"}, {"y1": 1, "y0": 0, "date": "2012-04-14"}, {"y1": 1, "y0": 0, "date": "2012-04-15"}, {"y1": 1, "y0": 0, "date": "2012-04-16"}, {"y1": 1, "y0": 0, "date": "2012-04-17"}, {"y1": 1, "y0": 0, "date": "2012-04-18"}, {"y1": 1, "y0": 0, "date": "2012-04-19"}, {"y1": 1, "y0": 0, "date": "2012-04-20"}, {"y1": 1, "y0": 0, "date": "2012-04-21"}, {"y1": 1, "y0": 0, "date": "2012-04-22"}, {"y1": 1, "y0": 0, "date": "2012-04-23"}, {"y1": 1, "y0": 0, "date": "2012-04-24"}, {"y1": 1, "y0": 0, "date": "2012-04-25"}, {"y1": 1, "y0": 0, "date": "2012-04-26"}, {"y1": 1, "y0": 0, "date": "2012-04-27"}, {"y1": 1, "y0": 0, "date": "2012-04-28"}, {"y1": 1, "y0": 0, "date": "2012-04-29"}, {"y1": 1, "y0": 0, "date": "2012-04-30"}, {"y1": 1, "y0": 0, "date": "2013-08-01"}, {"y1": 1, "y0": 0, "date": "2013-08-02"}, {"y1": 1, "y0": 0, "date": "2013-08-03"}, {"y1": 1, "y0": 0, "date": "2013-08-04"}, {"y1": 1, "y0": 0, "date": "2013-08-05"}, {"y1": 1, "y0": 0, "date": "2013-08-06"}, {"y1": 1, "y0": 0, "date": "2013-08-07"}, {"y1": 1, "y0": 0, "date": "2013-08-08"}, {"y1": 1, "y0": 0, "date": "2013-08-09"}, {"y1": 1, "y0": 0, "date": "2013-08-10"}, {"y1": 1, "y0": 0, "date": "2013-08-11"}, {"y1": 1, "y0": 0, "date": "2013-08-12"}, {"y1": 1, "y0": 0, "date": "2013-08-13"}, {"y1": 1, "y0": 0, "date": "2013-08-14"}, {"y1": 1, "y0": 0, "date": "2013-08-15"}, {"y1": 1, "y0": 0, "date": "2013-08-16"}, {"y1": 1, "y0": 0, "date": "2013-08-17"}, {"y1": 1, "y0": 0, "date": "2013-08-18"}, {"y1": 1, "y0": 0, "date": "2013-08-19"}, {"y1": 1, "y0": 0, "date": "2013-08-20"}, {"y1": 1, "y0": 0, "date": "2013-08-21"}, {"y1": 1, "y0": 0, "date": "2013-08-22"}, {"y1": 1, "y0": 0, "date": "2013-08-23"}, {"y1": 1, "y0": 0, "date": "2013-08-24"}, {"y1": 1, "y0": 0, "date": "2013-08-25"}, {"y1": 1, "y0": 0, "date": "2013-08-26"}, {"y1": 1, "y0": 0, "date": "2013-08-27"}, {"y1": 1, "y0": 0, "date": "2013-08-28"}, {"y1": 1, "y0": 0, "date": "2013-08-29"}, {"y1": 1, "y0": 0, "date": "2013-08-30"}, {"y1": 1, "y0": 0, "date": "2013-08-31"}, {"y1": 1, "y0": 0, "date": "2014-01-01"}, {"y1": 1, "y0": 0, "date": "2014-01-02"}, {"y1": 1, "y0": 0, "date": "2014-01-03"}, {"y1": 1, "y0": 0, "date": "2014-01-04"}, {"y1": 1, "y0": 0, "date": "2014-01-05"}, {"y1": 1, "y0": 0, "date": "2014-01-06"}, {"y1": 1, "y0": 0, "date": "2014-01-07"}, {"y1": 1, "y0": 0, "date": "2014-01-08"}, {"y1": 1, "y0": 0, "date": "2014-01-09"}, {"y1": 1, "y0": 0, "date": "2014-01-10"}, {"y1": 1, "y0": 0, "date": "2014-01-11"}, {"y1": 1, "y0": 0, "date": "2014-01-12"}, {"y1": 1, "y0": 0, "date": "2014-01-13"}, {"y1": 1, "y0": 0, "date": "2014-01-14"}, {"y1": 1, "y0": 0, "date": "2014-01-15"}, {"y1": 1, "y0": 0, "date": "2014-01-16"}, {"y1": 1, "y0": 0, "date": "2014-01-17"}, {"y1": 1, "y0": 0, "date": "2014-01-18"}, {"y1": 1, "y0": 0, "date": "2014-01-19"}, {"y1": 1, "y0": 0, "date": "2014-01-20"}, {"y1": 1, "y0": 0, "date": "2014-01-21"}, {"y1": 1, "y0": 0, "date": "2014-01-22"}, {"y1": 1, "y0": 0, "date": "2014-01-23"}, {"y1": 1, "y0": 0, "date": "2014-01-24"}, {"y1": 1, "y0": 0, "date": "2014-01-25"}, {"y1": 1, "y0": 0, "date": "2014-01-26"}, {"y1": 1, "y0": 0, "date": "2014-01-27"}, {"y1": 1, "y0": 0, "date": "2014-01-28"}, {"y1": 1, "y0": 0, "date": "2014-01-29"}, {"y1": 1, "y0": 0, "date": "2014-01-30"}, {"y1": 1, "y0": 0, "date": "2014-01-31"}, {"y1": 1, "y0": 0, "date": "2014-02-01"}, {"y1": 1, "y0": 0, "date": "2014-02-02"}, {"y1": 1, "y0": 0, "date": "2014-02-03"}, {"y1": 1, "y0": 0, "date": "2014-02-04"}, {"y1": 1, "y0": 0, "date": "2014-02-05"}, {"y1": 1, "y0": 0, "date": "2014-02-06"}, {"y1": 1, "y0": 0, "date": "2014-02-07"}, {"y1": 1, "y0": 0, "date": "2014-02-08"}, {"y1": 1, "y0": 0, "date": "2014-02-09"}, {"y1": 1, "y0": 0, "date": "2014-02-10"}, {"y1": 1, "y0": 0, "date": "2014-02-11"}, {"y1": 1, "y0": 0, "date": "2014-02-12"}, {"y1": 1, "y0": 0, "date": "2014-02-13"}, {"y1": 1, "y0": 0, "date": "2014-02-14"}, {"y1": 1, "y0": 0, "date": "2014-02-15"}, {"y1": 1, "y0": 0, "date": "2014-02-16"}, {"y1": 1, "y0": 0, "date": "2014-02-17"}, {"y1": 1, "y0": 0, "date": "2014-02-18"}, {"y1": 1, "y0": 0, "date": "2014-02-19"}, {"y1": 1, "y0": 0, "date": "2014-02-20"}, {"y1": 1, "y0": 0, "date": "2014-02-21"}, {"y1": 1, "y0": 0, "date": "2014-02-22"}, {"y1": 1, "y0": 0, "date": "2014-02-23"}, {"y1": 1, "y0": 0, "date": "2014-02-24"}, {"y1": 1, "y0": 0, "date": "2014-02-25"}, {"y1": 1, "y0": 0, "date": "2014-02-26"}, {"y1": 1, "y0": 0, "date": "2014-02-27"}, {"y1": 1, "y0": 0, "date": "2014-02-28"}, {"y1": 1, "y0": 0, "date": "2014-03-01"}, {"y1": 1, "y0": 0, "date": "2014-03-02"}, {"y1": 1, "y0": 0, "date": "2014-03-03"}, {"y1": 1, "y0": 0, "date": "2014-03-04"}, {"y1": 1, "y0": 0, "date": "2014-03-05"}, {"y1": 1, "y0": 0, "date": "2014-03-06"}, {"y1": 1, "y0": 0, "date": "2014-03-07"}, {"y1": 1, "y0": 0, "date": "2014-03-08"}, {"y1": 1, "y0": 0, "date": "2014-03-09"}, {"y1": 1, "y0": 0, "date": "2014-03-10"}, {"y1": 1, "y0": 0, "date": "2014-03-11"}, {"y1": 1, "y0": 0, "date": "2014-03-12"}, {"y1": 1, "y0": 0, "date": "2014-03-13"}, {"y1": 1, "y0": 0, "date": "2014-03-14"}, {"y1": 1, "y0": 0, "date": "2014-03-15"}, {"y1": 1, "y0": 0, "date": "2014-03-16"}, {"y1": 1, "y0": 0, "date": "2014-03-17"}, {"y1": 1, "y0": 0, "date": "2014-03-18"}, {"y1": 1, "y0": 0, "date": "2014-03-19"}, {"y1": 1, "y0": 0, "date": "2014-03-20"}, {"y1": 1, "y0": 0, "date": "2014-03-21"}, {"y1": 1, "y0": 0, "date": "2014-03-22"}, {"y1": 1, "y0": 0, "date": "2014-03-23"}, {"y1": 1, "y0": 0, "date": "2014-03-24"}, {"y1": 1, "y0": 0, "date": "2014-03-25"}, {"y1": 1, "y0": 0, "date": "2014-03-26"}, {"y1": 1, "y0": 0, "date": "2014-03-27"}, {"y1": 1, "y0": 0, "date": "2014-03-28"}, {"y1": 1, "y0": 0, "date": "2014-03-29"}, {"y1": 1, "y0": 0, "date": "2014-03-30"}, {"y1": 1, "y0": 0, "date": "2014-03-31"}, {"y1": 1, "y0": 0, "date": "2014-04-01"}, {"y1": 1, "y0": 0, "date": "2014-04-02"}, {"y1": 1, "y0": 0, "date": "2014-04-03"}, {"y1": 1, "y0": 0, "date": "2014-04-04"}, {"y1": 1, "y0": 0, "date": "2014-04-05"}, {"y1": 1, "y0": 0, "date": "2014-04-06"}, {"y1": 1, "y0": 0, "date": "2014-04-07"}, {"y1": 1, "y0": 0, "date": "2014-04-08"}, {"y1": 1, "y0": 0, "date": "2014-04-09"}, {"y1": 1, "y0": 0, "date": "2014-04-10"}, {"y1": 1, "y0": 0, "date": "2014-04-11"}, {"y1": 1, "y0": 0, "date": "2014-04-12"}, {"y1": 1, "y0": 0, "date": "2014-04-13"}, {"y1": 1, "y0": 0, "date": "2014-04-14"}, {"y1": 1, "y0": 0, "date": "2014-04-15"}, {"y1": 1, "y0": 0, "date": "2014-04-16"}, {"y1": 1, "y0": 0, "date": "2014-04-17"}, {"y1": 1, "y0": 0, "date": "2014-04-18"}, {"y1": 1, "y0": 0, "date": "2014-04-19"}, {"y1": 1, "y0": 0, "date": "2014-04-20"}, {"y1": 1, "y0": 0, "date": "2014-04-21"}, {"y1": 1, "y0": 0, "date": "2014-04-22"}, {"y1": 1, "y0": 0, "date": "2014-04-23"}, {"y1": 1, "y0": 0, "date": "2014-04-24"}, {"y1": 1, "y0": 0, "date": "2014-04-25"}, {"y1": 1, "y0": 0, "date": "2014-04-26"}, {"y1": 1, "y0": 0, "date": "2014-04-27"}, {"y1": 1, "y0": 0, "date": "2014-04-28"}, {"y1": 1, "y0": 0, "date": "2014-04-29"}, {"y1": 1, "y0": 0, "date": "2014-04-30"}, {"y1": 1, "y0": 0, "date": "2014-10-01"}, {"y1": 1, "y0": 0, "date": "2014-10-02"}, {"y1": 1, "y0": 0, "date": "2014-10-03"}, {"y1": 1, "y0": 0, "date": "2014-10-04"}, {"y1": 1, "y0": 0, "date": "2014-10-05"}, {"y1": 1, "y0": 0, "date": "2014-10-06"}, {"y1": 1, "y0": 0, "date": "2014-10-07"}, {"y1": 1, "y0": 0, "date": "2014-10-08"}, {"y1": 1, "y0": 0, "date": "2014-10-09"}, {"y1": 1, "y0": 0, "date": "2014-10-10"}, {"y1": 1, "y0": 0, "date": "2014-10-11"}, {"y1": 1, "y0": 0, "date": "2014-10-12"}, {"y1": 1, "y0": 0, "date": "2014-10-13"}, {"y1": 1, "y0": 0, "date": "2014-10-14"}, {"y1": 1, "y0": 0, "date": "2014-10-15"}, {"y1": 1, "y0": 0, "date": "2014-10-16"}, {"y1": 1, "y0": 0, "date": "2014-10-17"}, {"y1": 1, "y0": 0, "date": "2014-10-18"}, {"y1": 1, "y0": 0, "date": "2014-10-19"}, {"y1": 1, "y0": 0, "date": "2014-10-20"}, {"y1": 1, "y0": 0, "date": "2014-10-21"}, {"y1": 1, "y0": 0, "date": "2014-10-22"}, {"y1": 1, "y0": 0, "date": "2014-10-23"}, {"y1": 1, "y0": 0, "date": "2014-10-24"}, {"y1": 1, "y0": 0, "date": "2014-10-25"}, {"y1": 1, "y0": 0, "date": "2014-10-26"}, {"y1": 1, "y0": 0, "date": "2014-10-27"}, {"y1": 1, "y0": 0, "date": "2014-10-28"}, {"y1": 1, "y0": 0, "date": "2014-10-29"}, {"y1": 1, "y0": 0, "date": "2014-10-30"}, {"y1": 1, "y0": 0, "date": "2014-10-31"}, {"y1": 1, "y0": 0, "date": "2014-11-01"}, {"y1": 1, "y0": 0, "date": "2014-11-02"}, {"y1": 1, "y0": 0, "date": "2014-11-03"}, {"y1": 1, "y0": 0, "date": "2014-11-04"}, {"y1": 1, "y0": 0, "date": "2014-11-05"}, {"y1": 1, "y0": 0, "date": "2014-11-06"}, {"y1": 1, "y0": 0, "date": "2014-11-07"}, {"y1": 1, "y0": 0, "date": "2014-11-08"}, {"y1": 1, "y0": 0, "date": "2014-11-09"}, {"y1": 1, "y0": 0, "date": "2014-11-10"}, {"y1": 1, "y0": 0, "date": "2014-11-11"}, {"y1": 1, "y0": 0, "date": "2014-11-12"}, {"y1": 1, "y0": 0, "date": "2014-11-13"}, {"y1": 1, "y0": 0, "date": "2014-11-14"}, {"y1": 1, "y0": 0, "date": "2014-11-15"}, {"y1": 1, "y0": 0, "date": "2014-11-16"}, {"y1": 1, "y0": 0, "date": "2014-11-17"}, {"y1": 1, "y0": 0, "date": "2014-11-18"}, {"y1": 1, "y0": 0, "date": "2014-11-19"}, {"y1": 1, "y0": 0, "date": "2014-11-20"}, {"y1": 1, "y0": 0, "date": "2014-11-21"}, {"y1": 1, "y0": 0, "date": "2014-11-22"}, {"y1": 1, "y0": 0, "date": "2014-11-23"}, {"y1": 1, "y0": 0, "date": "2014-11-24"}, {"y1": 1, "y0": 0, "date": "2014-11-25"}, {"y1": 1, "y0": 0, "date": "2014-11-26"}, {"y1": 1, "y0": 0, "date": "2014-11-27"}, {"y1": 1, "y0": 0, "date": "2014-11-28"}, {"y1": 1, "y0": 0, "date": "2014-11-29"}, {"y1": 1, "y0": 0, "date": "2014-11-30"}, {"y1": 1, "y0": 0, "date": "2014-12-01"}, {"y1": 1, "y0": 0, "date": "2014-12-02"}, {"y1": 1, "y0": 0, "date": "2014-12-03"}, {"y1": 1, "y0": 0, "date": "2014-12-04"}, {"y1": 1, "y0": 0, "date": "2014-12-05"}, {"y1": 1, "y0": 0, "date": "2014-12-06"}, {"y1": 1, "y0": 0, "date": "2014-12-07"}, {"y1": 1, "y0": 0, "date": "2014-12-08"}, {"y1": 1, "y0": 0, "date": "2014-12-09"}, {"y1": 1, "y0": 0, "date": "2014-12-10"}, {"y1": 1, "y0": 0, "date": "2014-12-11"}, {"y1": 1, "y0": 0, "date": "2014-12-12"}, {"y1": 1, "y0": 0, "date": "2014-12-13"}, {"y1": 1, "y0": 0, "date": "2014-12-14"}, {"y1": 1, "y0": 0, "date": "2014-12-15"}, {"y1": 1, "y0": 0, "date": "2014-12-16"}, {"y1": 1, "y0": 0, "date": "2014-12-17"}, {"y1": 1, "y0": 0, "date": "2014-12-18"}, {"y1": 1, "y0": 0, "date": "2014-12-19"}, {"y1": 1, "y0": 0, "date": "2014-12-20"}, {"y1": 1, "y0": 0, "date": "2014-12-21"}, {"y1": 1, "y0": 0, "date": "2014-12-22"}, {"y1": 1, "y0": 0, "date": "2014-12-23"}, {"y1": 1, "y0": 0, "date": "2014-12-24"}, {"y1": 1, "y0": 0, "date": "2014-12-25"}, {"y1": 1, "y0": 0, "date": "2014-12-26"}, {"y1": 1, "y0": 0, "date": "2014-12-27"}, {"y1": 1, "y0": 0, "date": "2014-12-28"}, {"y1": 1, "y0": 0, "date": "2014-12-29"}, {"y1": 1, "y0": 0, "date": "2014-12-30"}, {"y1": 1, "y0": 0, "date": "2014-12-31"}, {"y1": 1, "y0": 0, "date": "2015-01-01"}, {"y1": 1, "y0": 0, "date": "2015-01-02"}, {"y1": 1, "y0": 0, "date": "2015-01-03"}, {"y1": 1, "y0": 0, "date": "2015-01-04"}, {"y1": 1, "y0": 0, "date": "2015-01-05"}, {"y1": 1, "y0": 0, "date": "2015-01-06"}, {"y1": 1, "y0": 0, "date": "2015-01-07"}, {"y1": 1, "y0": 0, "date": "2015-01-08"}, {"y1": 1, "y0": 0, "date": "2015-01-09"}, {"y1": 1, "y0": 0, "date": "2015-01-10"}, {"y1": 1, "y0": 0, "date": "2015-01-11"}, {"y1": 1, "y0": 0, "date": "2015-01-12"}, {"y1": 1, "y0": 0, "date": "2015-01-13"}, {"y1": 1, "y0": 0, "date": "2015-01-14"}, {"y1": 1, "y0": 0, "date": "2015-01-15"}, {"y1": 1, "y0": 0, "date": "2015-01-16"}, {"y1": 1, "y0": 0, "date": "2015-01-17"}, {"y1": 1, "y0": 0, "date": "2015-01-18"}, {"y1": 1, "y0": 0, "date": "2015-01-19"}, {"y1": 1, "y0": 0, "date": "2015-01-20"}, {"y1": 1, "y0": 0, "date": "2015-01-21"}, {"y1": 1, "y0": 0, "date": "2015-01-22"}, {"y1": 1, "y0": 0, "date": "2015-01-23"}, {"y1": 1, "y0": 0, "date": "2015-01-24"}, {"y1": 1, "y0": 0, "date": "2015-01-25"}, {"y1": 1, "y0": 0, "date": "2015-01-26"}, {"y1": 1, "y0": 0, "date": "2015-01-27"}, {"y1": 1, "y0": 0, "date": "2015-01-28"}, {"y1": 1, "y0": 0, "date": "2015-01-29"}, {"y1": 1, "y0": 0, "date": "2015-01-30"}, {"y1": 1, "y0": 0, "date": "2015-01-31"}, {"y1": 1, "y0": 0, "date": "2015-03-01"}, {"y1": 1, "y0": 0, "date": "2015-03-02"}, {"y1": 1, "y0": 0, "date": "2015-03-03"}, {"y1": 1, "y0": 0, "date": "2015-03-04"}, {"y1": 1, "y0": 0, "date": "2015-03-05"}, {"y1": 1, "y0": 0, "date": "2015-03-06"}, {"y1": 1, "y0": 0, "date": "2015-03-07"}, {"y1": 1, "y0": 0, "date": "2015-03-08"}, {"y1": 1, "y0": 0, "date": "2015-03-09"}, {"y1": 1, "y0": 0, "date": "2015-03-10"}, {"y1": 1, "y0": 0, "date": "2015-03-11"}, {"y1": 1, "y0": 0, "date": "2015-03-12"}, {"y1": 1, "y0": 0, "date": "2015-03-13"}, {"y1": 1, "y0": 0, "date": "2015-03-14"}, {"y1": 1, "y0": 0, "date": "2015-03-15"}, {"y1": 1, "y0": 0, "date": "2015-03-16"}, {"y1": 1, "y0": 0, "date": "2015-03-17"}, {"y1": 1, "y0": 0, "date": "2015-03-18"}, {"y1": 1, "y0": 0, "date": "2015-03-19"}, {"y1": 1, "y0": 0, "date": "2015-03-20"}, {"y1": 1, "y0": 0, "date": "2015-03-21"}, {"y1": 1, "y0": 0, "date": "2015-03-22"}, {"y1": 1, "y0": 0, "date": "2015-03-23"}, {"y1": 1, "y0": 0, "date": "2015-03-24"}, {"y1": 1, "y0": 0, "date": "2015-03-25"}, {"y1": 1, "y0": 0, "date": "2015-03-26"}, {"y1": 1, "y0": 0, "date": "2015-03-27"}, {"y1": 1, "y0": 0, "date": "2015-03-28"}, {"y1": 1, "y0": 0, "date": "2015-03-29"}, {"y1": 1, "y0": 0, "date": "2015-03-30"}, {"y1": 1, "y0": 0, "date": "2015-03-31"}, {"y1": 1, "y0": 0, "date": "2015-04-01"}, {"y1": 1, "y0": 0, "date": "2015-04-02"}, {"y1": 1, "y0": 0, "date": "2015-04-03"}, {"y1": 1, "y0": 0, "date": "2015-04-04"}, {"y1": 1, "y0": 0, "date": "2015-04-05"}, {"y1": 1, "y0": 0, "date": "2015-04-06"}, {"y1": 1, "y0": 0, "date": "2015-04-07"}, {"y1": 1, "y0": 0, "date": "2015-04-08"}, {"y1": 1, "y0": 0, "date": "2015-04-09"}, {"y1": 1, "y0": 0, "date": "2015-04-10"}, {"y1": 1, "y0": 0, "date": "2015-04-11"}, {"y1": 1, "y0": 0, "date": "2015-04-12"}, {"y1": 1, "y0": 0, "date": "2015-04-13"}, {"y1": 1, "y0": 0, "date": "2015-04-14"}, {"y1": 1, "y0": 0, "date": "2015-04-15"}, {"y1": 1, "y0": 0, "date": "2015-04-16"}, {"y1": 1, "y0": 0, "date": "2015-04-17"}, {"y1": 1, "y0": 0, "date": "2015-04-18"}, {"y1": 1, "y0": 0, "date": "2015-04-19"}, {"y1": 1, "y0": 0, "date": "2015-04-20"}, {"y1": 1, "y0": 0, "date": "2015-04-21"}, {"y1": 1, "y0": 0, "date": "2015-04-22"}, {"y1": 1, "y0": 0, "date": "2015-04-23"}, {"y1": 1, "y0": 0, "date": "2015-04-24"}, {"y1": 1, "y0": 0, "date": "2015-04-25"}, {"y1": 1, "y0": 0, "date": "2015-04-26"}, {"y1": 1, "y0": 0, "date": "2015-04-27"}, {"y1": 1, "y0": 0, "date": "2015-04-28"}, {"y1": 1, "y0": 0, "date": "2015-04-29"}, {"y1": 1, "y0": 0, "date": "2015-04-30"}, {"y1": 1, "y0": 0, "date": "2015-05-01"}, {"y1": 1, "y0": 0, "date": "2015-05-02"}, {"y1": 1, "y0": 0, "date": "2015-05-03"}, {"y1": 1, "y0": 0, "date": "2015-05-04"}, {"y1": 1, "y0": 0, "date": "2015-05-05"}, {"y1": 1, "y0": 0, "date": "2015-05-06"}, {"y1": 1, "y0": 0, "date": "2015-05-07"}, {"y1": 1, "y0": 0, "date": "2015-05-08"}, {"y1": 1, "y0": 0, "date": "2015-05-09"}, {"y1": 1, "y0": 0, "date": "2015-05-10"}, {"y1": 1, "y0": 0, "date": "2015-05-11"}, {"y1": 1, "y0": 0, "date": "2015-05-12"}, {"y1": 1, "y0": 0, "date": "2015-05-13"}, {"y1": 1, "y0": 0, "date": "2015-05-14"}, {"y1": 1, "y0": 0, "date": "2015-05-15"}, {"y1": 1, "y0": 0, "date": "2015-05-16"}, {"y1": 1, "y0": 0, "date": "2015-05-17"}, {"y1": 1, "y0": 0, "date": "2015-05-18"}, {"y1": 1, "y0": 0, "date": "2015-05-19"}, {"y1": 1, "y0": 0, "date": "2015-05-20"}, {"y1": 1, "y0": 0, "date": "2015-05-21"}, {"y1": 1, "y0": 0, "date": "2015-05-22"}, {"y1": 1, "y0": 0, "date": "2015-05-23"}, {"y1": 1, "y0": 0, "date": "2015-05-24"}, {"y1": 1, "y0": 0, "date": "2015-05-25"}, {"y1": 1, "y0": 0, "date": "2015-05-26"}, {"y1": 1, "y0": 0, "date": "2015-05-27"}, {"y1": 1, "y0": 0, "date": "2015-05-28"}, {"y1": 1, "y0": 0, "date": "2015-05-29"}, {"y1": 1, "y0": 0, "date": "2015-05-30"}, {"y1": 1, "y0": 0, "date": "2015-05-31"}, {"y1": 1, "y0": 0, "date": "2015-07-01"}, {"y1": 1, "y0": 0, "date": "2015-07-02"}, {"y1": 1, "y0": 0, "date": "2015-07-03"}, {"y1": 1, "y0": 0, "date": "2015-07-04"}, {"y1": 1, "y0": 0, "date": "2015-07-05"}, {"y1": 1, "y0": 0, "date": "2015-07-06"}, {"y1": 1, "y0": 0, "date": "2015-07-07"}, {"y1": 1, "y0": 0, "date": "2015-07-08"}, {"y1": 1, "y0": 0, "date": "2015-07-09"}, {"y1": 1, "y0": 0, "date": "2015-07-10"}, {"y1": 1, "y0": 0, "date": "2015-07-11"}, {"y1": 1, "y0": 0, "date": "2015-07-12"}, {"y1": 1, "y0": 0, "date": "2015-07-13"}, {"y1": 1, "y0": 0, "date": "2015-07-14"}, {"y1": 1, "y0": 0, "date": "2015-07-15"}, {"y1": 1, "y0": 0, "date": "2015-07-16"}, {"y1": 1, "y0": 0, "date": "2015-07-17"}, {"y1": 1, "y0": 0, "date": "2015-07-18"}, {"y1": 1, "y0": 0, "date": "2015-07-19"}, {"y1": 1, "y0": 0, "date": "2015-07-20"}, {"y1": 1, "y0": 0, "date": "2015-07-21"}, {"y1": 1, "y0": 0, "date": "2015-07-22"}, {"y1": 1, "y0": 0, "date": "2015-07-23"}, {"y1": 1, "y0": 0, "date": "2015-07-24"}, {"y1": 1, "y0": 0, "date": "2015-07-25"}, {"y1": 1, "y0": 0, "date": "2015-07-26"}, {"y1": 1, "y0": 0, "date": "2015-07-27"}, {"y1": 1, "y0": 0, "date": "2015-07-28"}, {"y1": 1, "y0": 0, "date": "2015-07-29"}, {"y1": 1, "y0": 0, "date": "2015-07-30"}, {"y1": 1, "y0": 0, "date": "2015-07-31"}, {"y1": 1, "y0": 0, "date": "2015-08-01"}, {"y1": 1, "y0": 0, "date": "2015-08-02"}, {"y1": 1, "y0": 0, "date": "2015-08-03"}, {"y1": 1, "y0": 0, "date": "2015-08-04"}, {"y1": 1, "y0": 0, "date": "2015-08-05"}, {"y1": 1, "y0": 0, "date": "2015-08-06"}, {"y1": 1, "y0": 0, "date": "2015-08-07"}, {"y1": 1, "y0": 0, "date": "2015-08-08"}, {"y1": 1, "y0": 0, "date": "2015-08-09"}, {"y1": 1, "y0": 0, "date": "2015-08-10"}, {"y1": 1, "y0": 0, "date": "2015-08-11"}, {"y1": 1, "y0": 0, "date": "2015-08-12"}, {"y1": 1, "y0": 0, "date": "2015-08-13"}, {"y1": 1, "y0": 0, "date": "2015-08-14"}, {"y1": 1, "y0": 0, "date": "2015-08-15"}, {"y1": 1, "y0": 0, "date": "2015-08-16"}, {"y1": 1, "y0": 0, "date": "2015-08-17"}, {"y1": 1, "y0": 0, "date": "2015-08-18"}, {"y1": 1, "y0": 0, "date": "2015-08-19"}, {"y1": 1, "y0": 0, "date": "2015-08-20"}, {"y1": 1, "y0": 0, "date": "2015-08-21"}, {"y1": 1, "y0": 0, "date": "2015-08-22"}, {"y1": 1, "y0": 0, "date": "2015-08-23"}, {"y1": 1, "y0": 0, "date": "2015-08-24"}, {"y1": 1, "y0": 0, "date": "2015-08-25"}, {"y1": 1, "y0": 0, "date": "2015-08-26"}, {"y1": 1, "y0": 0, "date": "2015-08-27"}, {"y1": 1, "y0": 0, "date": "2015-08-28"}, {"y1": 1, "y0": 0, "date": "2015-08-29"}, {"y1": 1, "y0": 0, "date": "2015-08-30"}, {"y1": 1, "y0": 0, "date": "2015-08-31"}, {"y1": 1, "y0": 0, "date": "2015-10-01"}, {"y1": 1, "y0": 0, "date": "2015-10-02"}, {"y1": 1, "y0": 0, "date": "2015-10-03"}, {"y1": 1, "y0": 0, "date": "2015-10-04"}, {"y1": 1, "y0": 0, "date": "2015-10-05"}, {"y1": 1, "y0": 0, "date": "2015-10-06"}, {"y1": 1, "y0": 0, "date": "2015-10-07"}, {"y1": 1, "y0": 0, "date": "2015-10-08"}, {"y1": 1, "y0": 0, "date": "2015-10-09"}, {"y1": 1, "y0": 0, "date": "2015-10-10"}, {"y1": 1, "y0": 0, "date": "2015-10-11"}, {"y1": 1, "y0": 0, "date": "2015-10-12"}, {"y1": 1, "y0": 0, "date": "2015-10-13"}, {"y1": 1, "y0": 0, "date": "2015-10-14"}, {"y1": 1, "y0": 0, "date": "2015-10-15"}, {"y1": 1, "y0": 0, "date": "2015-10-16"}, {"y1": 1, "y0": 0, "date": "2015-10-17"}, {"y1": 1, "y0": 0, "date": "2015-10-18"}, {"y1": 1, "y0": 0, "date": "2015-10-19"}, {"y1": 1, "y0": 0, "date": "2015-10-20"}, {"y1": 1, "y0": 0, "date": "2015-10-21"}, {"y1": 1, "y0": 0, "date": "2015-10-22"}, {"y1": 1, "y0": 0, "date": "2015-10-23"}, {"y1": 1, "y0": 0, "date": "2015-10-24"}, {"y1": 1, "y0": 0, "date": "2015-10-25"}, {"y1": 1, "y0": 0, "date": "2015-10-26"}, {"y1": 1, "y0": 0, "date": "2015-10-27"}, {"y1": 1, "y0": 0, "date": "2015-10-28"}, {"y1": 1, "y0": 0, "date": "2015-10-29"}, {"y1": 1, "y0": 0, "date": "2015-10-30"}, {"y1": 1, "y0": 0, "date": "2015-10-31"}, {"y1": 1, "y0": 0, "date": "2015-11-01"}, {"y1": 1, "y0": 0, "date": "2015-11-02"}, {"y1": 1, "y0": 0, "date": "2015-11-03"}, {"y1": 1, "y0": 0, "date": "2015-11-04"}, {"y1": 1, "y0": 0, "date": "2015-11-05"}, {"y1": 1, "y0": 0, "date": "2015-11-06"}, {"y1": 1, "y0": 0, "date": "2015-11-07"}, {"y1": 1, "y0": 0, "date": "2015-11-08"}, {"y1": 1, "y0": 0, "date": "2015-11-09"}, {"y1": 1, "y0": 0, "date": "2015-11-10"}, {"y1": 1, "y0": 0, "date": "2015-11-11"}, {"y1": 1, "y0": 0, "date": "2015-11-12"}, {"y1": 1, "y0": 0, "date": "2015-11-13"}, {"y1": 1, "y0": 0, "date": "2015-11-14"}, {"y1": 1, "y0": 0, "date": "2015-11-15"}, {"y1": 1, "y0": 0, "date": "2015-11-16"}, {"y1": 1, "y0": 0, "date": "2015-11-17"}, {"y1": 1, "y0": 0, "date": "2015-11-18"}, {"y1": 1, "y0": 0, "date": "2015-11-19"}, {"y1": 1, "y0": 0, "date": "2015-11-20"}, {"y1": 1, "y0": 0, "date": "2015-11-21"}, {"y1": 1, "y0": 0, "date": "2015-11-22"}, {"y1": 1, "y0": 0, "date": "2015-11-23"}, {"y1": 1, "y0": 0, "date": "2015-11-24"}, {"y1": 1, "y0": 0, "date": "2015-11-25"}, {"y1": 1, "y0": 0, "date": "2015-11-26"}, {"y1": 1, "y0": 0, "date": "2015-11-27"}, {"y1": 1, "y0": 0, "date": "2015-11-28"}, {"y1": 1, "y0": 0, "date": "2015-11-29"}, {"y1": 1, "y0": 0, "date": "2015-11-30"}]}, {"state": 1, "data": []}, {"state": 0, "data": []}]}}