{"startDate": "2010-09-30", "endDate": "2016-06-19", "data": {"rows": [{"state": 180, "data": []}, {"state": 90, "data": [{"y1": 37, "y0": 0, "date": "2016-06-17"}]}, {"state": 30, "data": [{"y1": 9, "y0": 0, "date": "2010-10-01"}, {"y1": 9, "y0": 0, "date": "2010-10-02"}, {"y1": 9, "y0": 0, "date": "2010-10-03"}, {"y1": 9, "y0": 0, "date": "2010-10-04"}, {"y1": 9, "y0": 0, "date": "2010-10-05"}, {"y1": 9, "y0": 0, "date": "2010-10-06"}, {"y1": 9, "y0": 0, "date": "2010-10-07"}, {"y1": 9, "y0": 0, "date": "2010-10-08"}, {"y1": 9, "y0": 0, "date": "2010-10-09"}, {"y1": 9, "y0": 0, "date": "2010-10-10"}, {"y1": 9, "y0": 0, "date": "2010-10-11"}, {"y1": 9, "y0": 0, "date": "2010-10-12"}, {"y1": 9, "y0": 0, "date": "2010-10-13"}, {"y1": 9, "y0": 0, "date": "2010-10-14"}, {"y1": 9, "y0": 0, "date": "2010-10-15"}, {"y1": 9, "y0": 0, "date": "2010-10-16"}, {"y1": 9, "y0": 0, "date": "2010-10-17"}, {"y1": 9, "y0": 0, "date": "2010-10-18"}, {"y1": 9, "y0": 0, "date": "2010-10-19"}, {"y1": 9, "y0": 0, "date": "2010-10-20"}, {"y1": 9, "y0": 0, "date": "2010-10-21"}, {"y1": 9, "y0": 0, "date": "2010-10-22"}, {"y1": 9, "y0": 0, "date": "2010-10-23"}, {"y1": 9, "y0": 0, "date": "2010-10-24"}, {"y1": 9, "y0": 0, "date": "2010-10-25"}, {"y1": 9, "y0": 0, "date": "2010-10-26"}, {"y1": 9, "y0": 0, "date": "2010-10-27"}, {"y1": 9, "y0": 0, "date": "2010-10-28"}, {"y1": 9, "y0": 0, "date": "2010-10-29"}, {"y1": 9, "y0": 0, "date": "2010-10-30"}, {"y1": 9, "y0": 0, "date": "2010-10-31"}, {"y1": 9, "y0": 0, "date": "2012-01-01"}, {"y1": 9, "y0": 0, "date": "2012-01-02"}, {"y1": 9, "y0": 0, "date": "2012-01-03"}, {"y1": 9, "y0": 0, "date": "2012-01-04"}, {"y1": 9, "y0": 0, "date": "2012-01-05"}, {"y1": 9, "y0": 0, "date": "2012-01-06"}, {"y1": 9, "y0": 0, "date": "2012-01-07"}, {"y1": 9, "y0": 0, "date": "2012-01-08"}, {"y1": 9, "y0": 0, "date": "2012-01-09"}, {"y1": 9, "y0": 0, "date": "2012-01-10"}, {"y1": 9, "y0": 0, "date": "2012-01-11"}, {"y1": 9, "y0": 0, "date": "2012-01-12"}, {"y1": 9, "y0": 0, "date": "2012-01-13"}, {"y1": 9, "y0": 0, "date": "2012-01-14"}, {"y1": 9, "y0": 0, "date": "2012-01-15"}, {"y1": 9, "y0": 0, "date": "2012-01-16"}, {"y1": 9, "y0": 0, "date": "2012-01-17"}, {"y1": 9, "y0": 0, "date": "2012-01-18"}, {"y1": 9, "y0": 0, "date": "2012-01-19"}, {"y1": 9, "y0": 0, "date": "2012-01-20"}, {"y1": 9, "y0": 0, "date": "2012-01-21"}, {"y1": 9, "y0": 0, "date": "2012-01-22"}, {"y1": 9, "y0": 0, "date": "2012-01-23"}, {"y1": 9, "y0": 0, "date": "2012-01-24"}, {"y1": 9, "y0": 0, "date": "2012-01-25"}, {"y1": 9, "y0": 0, "date": "2012-01-26"}, {"y1": 9, "y0": 0, "date": "2012-01-27"}, {"y1": 9, "y0": 0, "date": "2012-01-28"}, {"y1": 9, "y0": 0, "date": "2012-01-29"}, {"y1": 9, "y0": 0, "date": "2012-01-30"}, {"y1": 9, "y0": 0, "date": "2012-01-31"}, {"y1": 9, "y0": 0, "date": "2012-02-01"}, {"y1": 9, "y0": 0, "date": "2012-02-02"}, {"y1": 9, "y0": 0, "date": "2012-02-03"}, {"y1": 9, "y0": 0, "date": "2012-02-04"}, {"y1": 9, "y0": 0, "date": "2012-02-05"}, {"y1": 9, "y0": 0, "date": "2012-02-06"}, {"y1": 9, "y0": 0, "date": "2012-02-07"}, {"y1": 9, "y0": 0, "date": "2012-02-08"}, {"y1": 9, "y0": 0, "date": "2012-02-09"}, {"y1": 9, "y0": 0, "date": "2012-02-10"}, {"y1": 9, "y0": 0, "date": "2012-02-11"}, {"y1": 9, "y0": 0, "date": "2012-02-12"}, {"y1": 9, "y0": 0, "date": "2012-02-13"}, {"y1": 9, "y0": 0, "date": "2012-02-14"}, {"y1": 9, "y0": 0, "date": "2012-02-15"}, {"y1": 9, "y0": 0, "date": "2012-02-16"}, {"y1": 9, "y0": 0, "date": "2012-02-17"}, {"y1": 9, "y0": 0, "date": "2012-02-18"}, {"y1": 9, "y0": 0, "date": "2012-02-19"}, {"y1": 9, "y0": 0, "date": "2012-02-20"}, {"y1": 9, "y0": 0, "date": "2012-02-21"}, {"y1": 9, "y0": 0, "date": "2012-02-22"}, {"y1": 9, "y0": 0, "date": "2012-02-23"}, {"y1": 9, "y0": 0, "date": "2012-02-24"}, {"y1": 9, "y0": 0, "date": "2012-02-25"}, {"y1": 9, "y0": 0, "date": "2012-02-26"}, {"y1": 9, "y0": 0, "date": "2012-02-27"}, {"y1": 9, "y0": 0, "date": "2012-02-28"}, {"y1": 9, "y0": 0, "date": "2012-02-29"}, {"y1": 9, "y0": 0, "date": "2012-09-01"}, {"y1": 9, "y0": 0, "date": "2012-09-02"}, {"y1": 9, "y0": 0, "date": "2012-09-03"}, {"y1": 9, "y0": 0, "date": "2012-09-04"}, {"y1": 9, "y0": 0, "date": "2012-09-05"}, {"y1": 9, "y0": 0, "date": "2012-09-06"}, {"y1": 9, "y0": 0, "date": "2012-09-07"}, {"y1": 9, "y0": 0, "date": "2012-09-08"}, {"y1": 9, "y0": 0, "date": "2012-09-09"}, {"y1": 9, "y0": 0, "date": "2012-09-10"}, {"y1": 9, "y0": 0, "date": "2012-09-11"}, {"y1": 9, "y0": 0, "date": "2012-09-12"}, {"y1": 9, "y0": 0, "date": "2012-09-13"}, {"y1": 9, "y0": 0, "date": "2012-09-14"}, {"y1": 9, "y0": 0, "date": "2012-09-15"}, {"y1": 9, "y0": 0, "date": "2012-09-16"}, {"y1": 9, "y0": 0, "date": "2012-09-17"}, {"y1": 9, "y0": 0, "date": "2012-09-18"}, {"y1": 9, "y0": 0, "date": "2012-09-19"}, {"y1": 9, "y0": 0, "date": "2012-09-20"}, {"y1": 9, "y0": 0, "date": "2012-09-21"}, {"y1": 9, "y0": 0, "date": "2012-09-22"}, {"y1": 9, "y0": 0, "date": "2012-09-23"}, {"y1": 9, "y0": 0, "date": "2012-09-24"}, {"y1": 9, "y0": 0, "date": "2012-09-25"}, {"y1": 9, "y0": 0, "date": "2012-09-26"}, {"y1": 9, "y0": 0, "date": "2012-09-27"}, {"y1": 9, "y0": 0, "date": "2012-09-28"}, {"y1": 9, "y0": 0, "date": "2012-09-29"}, {"y1": 9, "y0": 0, "date": "2012-09-30"}, {"y1": 9, "y0": 0, "date": "2012-10-01"}, {"y1": 9, "y0": 0, "date": "2012-10-02"}, {"y1": 9, "y0": 0, "date": "2012-10-03"}, {"y1": 9, "y0": 0, "date": "2012-10-04"}, {"y1": 9, "y0": 0, "date": "2012-10-05"}, {"y1": 9, "y0": 0, "date": "2012-10-06"}, {"y1": 9, "y0": 0, "date": "2012-10-07"}, {"y1": 9, "y0": 0, "date": "2012-10-08"}, {"y1": 9, "y0": 0, "date": "2012-10-09"}, {"y1": 9, "y0": 0, "date": "2012-10-10"}, {"y1": 9, "y0": 0, "date": "2012-10-11"}, {"y1": 9, "y0": 0, "date": "2012-10-12"}, {"y1": 9, "y0": 0, "date": "2012-10-13"}, {"y1": 9, "y0": 0, "date": "2012-10-14"}, {"y1": 9, "y0": 0, "date": "2012-10-15"}, {"y1": 9, "y0": 0, "date": "2012-10-16"}, {"y1": 9, "y0": 0, "date": "2012-10-17"}, {"y1": 9, "y0": 0, "date": "2012-10-18"}, {"y1": 9, "y0": 0, "date": "2012-10-19"}, {"y1": 9, "y0": 0, "date": "2012-10-20"}, {"y1": 9, "y0": 0, "date": "2012-10-21"}, {"y1": 9, "y0": 0, "date": "2012-10-22"}, {"y1": 9, "y0": 0, "date": "2012-10-23"}, {"y1": 9, "y0": 0, "date": "2012-10-24"}, {"y1": 9, "y0": 0, "date": "2012-10-25"}, {"y1": 9, "y0": 0, "date": "2012-10-26"}, {"y1": 9, "y0": 0, "date": "2012-10-27"}, {"y1": 9, "y0": 0, "date": "2012-10-28"}, {"y1": 9, "y0": 0, "date": "2012-10-29"}, {"y1": 9, "y0": 0, "date": "2012-10-30"}, {"y1": 9, "y0": 0, "date": "2012-10-31"}, {"y1": 9, "y0": 0, "date": "2012-11-01"}, {"y1": 9, "y0": 0, "date": "2012-11-02"}, {"y1": 9, "y0": 0, "date": "2012-11-03"}, {"y1": 9, "y0": 0, "date": "2012-11-04"}, {"y1": 9, "y0": 0, "date": "2012-11-05"}, {"y1": 9, "y0": 0, "date": "2012-11-06"}, {"y1": 9, "y0": 0, "date": "2012-11-07"}, {"y1": 9, "y0": 0, "date": "2012-11-08"}, {"y1": 9, "y0": 0, "date": "2012-11-09"}, {"y1": 9, "y0": 0, "date": "2012-11-10"}, {"y1": 9, "y0": 0, "date": "2012-11-11"}, {"y1": 9, "y0": 0, "date": "2012-11-12"}, {"y1": 9, "y0": 0, "date": "2012-11-13"}, {"y1": 9, "y0": 0, "date": "2012-11-14"}, {"y1": 9, "y0": 0, "date": "2012-11-15"}, {"y1": 9, "y0": 0, "date": "2012-11-16"}, {"y1": 9, "y0": 0, "date": "2012-11-17"}, {"y1": 9, "y0": 0, "date": "2012-11-18"}, {"y1": 9, "y0": 0, "date": "2012-11-19"}, {"y1": 9, "y0": 0, "date": "2012-11-20"}, {"y1": 9, "y0": 0, "date": "2012-11-21"}, {"y1": 9, "y0": 0, "date": "2012-11-22"}, {"y1": 9, "y0": 0, "date": "2012-11-23"}, {"y1": 9, "y0": 0, "date": "2012-11-24"}, {"y1": 9, "y0": 0, "date": "2012-11-25"}, {"y1": 9, "y0": 0, "date": "2012-11-26"}, {"y1": 9, "y0": 0, "date": "2012-11-27"}, {"y1": 9, "y0": 0, "date": "2012-11-28"}, {"y1": 9, "y0": 0, "date": "2012-11-29"}, {"y1": 9, "y0": 0, "date": "2012-11-30"}, {"y1": 9, "y0": 0, "date": "2013-05-01"}, {"y1": 9, "y0": 0, "date": "2013-05-02"}, {"y1": 9, "y0": 0, "date": "2013-05-03"}, {"y1": 9, "y0": 0, "date": "2013-05-04"}, {"y1": 9, "y0": 0, "date": "2013-05-05"}, {"y1": 9, "y0": 0, "date": "2013-05-06"}, {"y1": 9, "y0": 0, "date": "2013-05-07"}, {"y1": 9, "y0": 0, "date": "2013-05-08"}, {"y1": 9, "y0": 0, "date": "2013-05-09"}, {"y1": 9, "y0": 0, "date": "2013-05-10"}, {"y1": 9, "y0": 0, "date": "2013-05-11"}, {"y1": 9, "y0": 0, "date": "2013-05-12"}, {"y1": 9, "y0": 0, "date": "2013-05-13"}, {"y1": 9, "y0": 0, "date": "2013-05-14"}, {"y1": 9, "y0": 0, "date": "2013-05-15"}, {"y1": 9, "y0": 0, "date": "2013-05-16"}, {"y1": 9, "y0": 0, "date": "2013-05-17"}, {"y1": 9, "y0": 0, "date": "2013-05-18"}, {"y1": 9, "y0": 0, "date": "2013-05-19"}, {"y1": 9, "y0": 0, "date": "2013-05-20"}, {"y1": 9, "y0": 0, "date": "2013-05-21"}, {"y1": 9, "y0": 0, "date": "2013-05-22"}, {"y1": 9, "y0": 0, "date": "2013-05-23"}, {"y1": 9, "y0": 0, "date": "2013-05-24"}, {"y1": 9, "y0": 0, "date": "2013-05-25"}, {"y1": 9, "y0": 0, "date": "2013-05-26"}, {"y1": 9, "y0": 0, "date": "2013-05-27"}, {"y1": 9, "y0": 0, "date": "2013-05-28"}, {"y1": 9, "y0": 0, "date": "2013-05-29"}, {"y1": 9, "y0": 0, "date": "2013-05-30"}, {"y1": 9, "y0": 0, "date": "2013-05-31"}, {"y1": 9, "y0": 0, "date": "2013-06-01"}, {"y1": 9, "y0": 0, "date": "2013-06-02"}, {"y1": 9, "y0": 0, "date": "2013-06-03"}, {"y1": 9, "y0": 0, "date": "2013-06-04"}, {"y1": 9, "y0": 0, "date": "2013-06-05"}, {"y1": 9, "y0": 0, "date": "2013-06-06"}, {"y1": 9, "y0": 0, "date": "2013-06-07"}, {"y1": 9, "y0": 0, "date": "2013-06-08"}, {"y1": 9, "y0": 0, "date": "2013-06-09"}, {"y1": 9, "y0": 0, "date": "2013-06-10"}, {"y1": 9, "y0": 0, "date": "2013-06-11"}, {"y1": 9, "y0": 0, "date": "2013-06-12"}, {"y1": 9, "y0": 0, "date": "2013-06-13"}, {"y1": 9, "y0": 0, "date": "2013-06-14"}, {"y1": 9, "y0": 0, "date": "2013-06-15"}, {"y1": 9, "y0": 0, "date": "2013-06-16"}, {"y1": 9, "y0": 0, "date": "2013-06-17"}, {"y1": 9, "y0": 0, "date": "2013-06-18"}, {"y1": 9, "y0": 0, "date": "2013-06-19"}, {"y1": 9, "y0": 0, "date": "2013-06-20"}, {"y1": 9, "y0": 0, "date": "2013-06-21"}, {"y1": 9, "y0": 0, "date": "2013-06-22"}, {"y1": 9, "y0": 0, "date": "2013-06-23"}, {"y1": 9, "y0": 0, "date": "2013-06-24"}, {"y1": 9, "y0": 0, "date": "2013-06-25"}, {"y1": 9, "y0": 0, "date": "2013-06-26"}, {"y1": 9, "y0": 0, "date": "2013-06-27"}, {"y1": 9, "y0": 0, "date": "2013-06-28"}, {"y1": 9, "y0": 0, "date": "2013-06-29"}, {"y1": 9, "y0": 0, "date": "2013-06-30"}, {"y1": 9, "y0": 0, "date": "2013-09-01"}, {"y1": 9, "y0": 0, "date": "2013-09-02"}, {"y1": 9, "y0": 0, "date": "2013-09-03"}, {"y1": 9, "y0": 0, "date": "2013-09-04"}, {"y1": 9, "y0": 0, "date": "2013-09-05"}, {"y1": 9, "y0": 0, "date": "2013-09-06"}, {"y1": 9, "y0": 0, "date": "2013-09-07"}, {"y1": 9, "y0": 0, "date": "2013-09-08"}, {"y1": 9, "y0": 0, "date": "2013-09-09"}, {"y1": 9, "y0": 0, "date": "2013-09-10"}, {"y1": 9, "y0": 0, "date": "2013-09-11"}, {"y1": 9, "y0": 0, "date": "2013-09-12"}, {"y1": 9, "y0": 0, "date": "2013-09-13"}, {"y1": 9, "y0": 0, "date": "2013-09-14"}, {"y1": 9, "y0": 0, "date": "2013-09-15"}, {"y1": 9, "y0": 0, "date": "2013-09-16"}, {"y1": 9, "y0": 0, "date": "2013-09-17"}, {"y1": 9, "y0": 0, "date": "2013-09-18"}, {"y1": 9, "y0": 0, "date": "2013-09-19"}, {"y1": 9, "y0": 0, "date": "2013-09-20"}, {"y1": 9, "y0": 0, "date": "2013-09-21"}, {"y1": 9, "y0": 0, "date": "2013-09-22"}, {"y1": 9, "y0": 0, "date": "2013-09-23"}, {"y1": 9, "y0": 0, "date": "2013-09-24"}, {"y1": 9, "y0": 0, "date": "2013-09-25"}, {"y1": 9, "y0": 0, "date": "2013-09-26"}, {"y1": 9, "y0": 0, "date": "2013-09-27"}, {"y1": 9, "y0": 0, "date": "2013-09-28"}, {"y1": 9, "y0": 0, "date": "2013-09-29"}, {"y1": 9, "y0": 0, "date": "2013-09-30"}, {"y1": 9, "y0": 0, "date": "2014-12-01"}, {"y1": 9, "y0": 0, "date": "2014-12-02"}, {"y1": 9, "y0": 0, "date": "2014-12-03"}, {"y1": 9, "y0": 0, "date": "2014-12-04"}, {"y1": 9, "y0": 0, "date": "2014-12-05"}, {"y1": 9, "y0": 0, "date": "2014-12-06"}, {"y1": 9, "y0": 0, "date": "2014-12-07"}, {"y1": 9, "y0": 0, "date": "2014-12-08"}, {"y1": 9, "y0": 0, "date": "2014-12-09"}, {"y1": 9, "y0": 0, "date": "2014-12-10"}, {"y1": 9, "y0": 0, "date": "2014-12-11"}, {"y1": 9, "y0": 0, "date": "2014-12-12"}, {"y1": 9, "y0": 0, "date": "2014-12-13"}, {"y1": 9, "y0": 0, "date": "2014-12-14"}, {"y1": 9, "y0": 0, "date": "2014-12-15"}, {"y1": 9, "y0": 0, "date": "2014-12-16"}, {"y1": 9, "y0": 0, "date": "2014-12-17"}, {"y1": 9, "y0": 0, "date": "2014-12-18"}, {"y1": 9, "y0": 0, "date": "2014-12-19"}, {"y1": 9, "y0": 0, "date": "2014-12-20"}, {"y1": 9, "y0": 0, "date": "2014-12-21"}, {"y1": 9, "y0": 0, "date": "2014-12-22"}, {"y1": 9, "y0": 0, "date": "2014-12-23"}, {"y1": 9, "y0": 0, "date": "2014-12-24"}, {"y1": 9, "y0": 0, "date": "2014-12-25"}, {"y1": 9, "y0": 0, "date": "2014-12-26"}, {"y1": 9, "y0": 0, "date": "2014-12-27"}, {"y1": 9, "y0": 0, "date": "2014-12-28"}, {"y1": 9, "y0": 0, "date": "2014-12-29"}, {"y1": 9, "y0": 0, "date": "2014-12-30"}, {"y1": 9, "y0": 0, "date": "2014-12-31"}, {"y1": 9, "y0": 0, "date": "2015-09-01"}, {"y1": 9, "y0": 0, "date": "2015-09-02"}, {"y1": 9, "y0": 0, "date": "2015-09-03"}, {"y1": 9, "y0": 0, "date": "2015-09-04"}, {"y1": 9, "y0": 0, "date": "2015-09-05"}, {"y1": 9, "y0": 0, "date": "2015-09-06"}, {"y1": 9, "y0": 0, "date": "2015-09-07"}, {"y1": 9, "y0": 0, "date": "2015-09-08"}, {"y1": 9, "y0": 0, "date": "2015-09-09"}, {"y1": 9, "y0": 0, "date": "2015-09-10"}, {"y1": 9, "y0": 0, "date": "2015-09-11"}, {"y1": 9, "y0": 0, "date": "2015-09-12"}, {"y1": 9, "y0": 0, "date": "2015-09-13"}, {"y1": 9, "y0": 0, "date": "2015-09-14"}, {"y1": 9, "y0": 0, "date": "2015-09-15"}, {"y1": 9, "y0": 0, "date": "2015-09-16"}, {"y1": 9, "y0": 0, "date": "2015-09-17"}, {"y1": 9, "y0": 0, "date": "2015-09-18"}, {"y1": 9, "y0": 0, "date": "2015-09-19"}, {"y1": 9, "y0": 0, "date": "2015-09-20"}, {"y1": 9, "y0": 0, "date": "2015-09-21"}, {"y1": 9, "y0": 0, "date": "2015-09-22"}, {"y1": 9, "y0": 0, "date": "2015-09-23"}, {"y1": 9, "y0": 0, "date": "2015-09-24"}, {"y1": 9, "y0": 0, "date": "2015-09-25"}, {"y1": 9, "y0": 0, "date": "2015-09-26"}, {"y1": 9, "y0": 0, "date": "2015-09-27"}, {"y1": 9, "y0": 0, "date": "2015-09-28"}, {"y1": 9, "y0": 0, "date": "2015-09-29"}, {"y1": 9, "y0": 0, "date": "2015-09-30"}, {"y1": 9, "y0": 0, "date": "2015-11-01"}, {"y1": 9, "y0": 0, "date": "2015-11-02"}, {"y1": 9, "y0": 0, "date": "2015-11-03"}, {"y1": 9, "y0": 0, "date": "2015-11-04"}, {"y1": 9, "y0": 0, "date": "2015-11-05"}, {"y1": 9, "y0": 0, "date": "2015-11-06"}, {"y1": 9, "y0": 0, "date": "2015-11-07"}, {"y1": 9, "y0": 0, "date": "2015-11-08"}, {"y1": 9, "y0": 0, "date": "2015-11-09"}, {"y1": 9, "y0": 0, "date": "2015-11-10"}, {"y1": 9, "y0": 0, "date": "2015-11-11"}, {"y1": 9, "y0": 0, "date": "2015-11-12"}, {"y1": 9, "y0": 0, "date": "2015-11-13"}, {"y1": 9, "y0": 0, "date": "2015-11-14"}, {"y1": 9, "y0": 0, "date": "2015-11-15"}, {"y1": 9, "y0": 0, "date": "2015-11-16"}, {"y1": 9, "y0": 0, "date": "2015-11-17"}, {"y1": 9, "y0": 0, "date": "2015-11-18"}, {"y1": 9, "y0": 0, "date": "2015-11-19"}, {"y1": 9, "y0": 0, "date": "2015-11-20"}, {"y1": 9, "y0": 0, "date": "2015-11-21"}, {"y1": 9, "y0": 0, "date": "2015-11-22"}, {"y1": 9, "y0": 0, "date": "2015-11-23"}, {"y1": 9, "y0": 0, "date": "2015-11-24"}, {"y1": 9, "y0": 0, "date": "2015-11-25"}, {"y1": 9, "y0": 0, "date": "2015-11-26"}, {"y1": 9, "y0": 0, "date": "2015-11-27"}, {"y1": 9, "y0": 0, "date": "2015-11-28"}, {"y1": 9, "y0": 0, "date": "2015-11-29"}, {"y1": 9, "y0": 0, "date": "2015-11-30"}]}, {"state": 1, "data": []}, {"state": 0, "data": []}], "filesize": [{"state": 180, "data": []}, {"state": 90, "data": [{"y1": 1.0, "y0": 0, "date": "2016-06-17"}]}, {"state": 30, "data": [{"y1": 7.0, "y0": 0, "date": "2010-10-01"}, {"y1": 7.0, "y0": 0, "date": "2010-10-02"}, {"y1": 7.0, "y0": 0, "date": "2010-10-03"}, {"y1": 7.0, "y0": 0, "date": "2010-10-04"}, {"y1": 7.0, "y0": 0, "date": "2010-10-05"}, {"y1": 7.0, "y0": 0, "date": "2010-10-06"}, {"y1": 7.0, "y0": 0, "date": "2010-10-07"}, {"y1": 7.0, "y0": 0, "date": "2010-10-08"}, {"y1": 7.0, "y0": 0, "date": "2010-10-09"}, {"y1": 7.0, "y0": 0, "date": "2010-10-10"}, {"y1": 7.0, "y0": 0, "date": "2010-10-11"}, {"y1": 7.0, "y0": 0, "date": "2010-10-12"}, {"y1": 7.0, "y0": 0, "date": "2010-10-13"}, {"y1": 7.0, "y0": 0, "date": "2010-10-14"}, {"y1": 7.0, "y0": 0, "date": "2010-10-15"}, {"y1": 7.0, "y0": 0, "date": "2010-10-16"}, {"y1": 7.0, "y0": 0, "date": "2010-10-17"}, {"y1": 7.0, "y0": 0, "date": "2010-10-18"}, {"y1": 7.0, "y0": 0, "date": "2010-10-19"}, {"y1": 7.0, "y0": 0, "date": "2010-10-20"}, {"y1": 7.0, "y0": 0, "date": "2010-10-21"}, {"y1": 7.0, "y0": 0, "date": "2010-10-22"}, {"y1": 7.0, "y0": 0, "date": "2010-10-23"}, {"y1": 7.0, "y0": 0, "date": "2010-10-24"}, {"y1": 7.0, "y0": 0, "date": "2010-10-25"}, {"y1": 7.0, "y0": 0, "date": "2010-10-26"}, {"y1": 7.0, "y0": 0, "date": "2010-10-27"}, {"y1": 7.0, "y0": 0, "date": "2010-10-28"}, {"y1": 7.0, "y0": 0, "date": "2010-10-29"}, {"y1": 7.0, "y0": 0, "date": "2010-10-30"}, {"y1": 7.0, "y0": 0, "date": "2010-10-31"}, {"y1": 7.0, "y0": 0, "date": "2012-01-01"}, {"y1": 7.0, "y0": 0, "date": "2012-01-02"}, {"y1": 7.0, "y0": 0, "date": "2012-01-03"}, {"y1": 7.0, "y0": 0, "date": "2012-01-04"}, {"y1": 7.0, "y0": 0, "date": "2012-01-05"}, {"y1": 7.0, "y0": 0, "date": "2012-01-06"}, {"y1": 7.0, "y0": 0, "date": "2012-01-07"}, {"y1": 7.0, "y0": 0, "date": "2012-01-08"}, {"y1": 7.0, "y0": 0, "date": "2012-01-09"}, {"y1": 7.0, "y0": 0, "date": "2012-01-10"}, {"y1": 7.0, "y0": 0, "date": "2012-01-11"}, {"y1": 7.0, "y0": 0, "date": "2012-01-12"}, {"y1": 7.0, "y0": 0, "date": "2012-01-13"}, {"y1": 7.0, "y0": 0, "date": "2012-01-14"}, {"y1": 7.0, "y0": 0, "date": "2012-01-15"}, {"y1": 7.0, "y0": 0, "date": "2012-01-16"}, {"y1": 7.0, "y0": 0, "date": "2012-01-17"}, {"y1": 7.0, "y0": 0, "date": "2012-01-18"}, {"y1": 7.0, "y0": 0, "date": "2012-01-19"}, {"y1": 7.0, "y0": 0, "date": "2012-01-20"}, {"y1": 7.0, "y0": 0, "date": "2012-01-21"}, {"y1": 7.0, "y0": 0, "date": "2012-01-22"}, {"y1": 7.0, "y0": 0, "date": "2012-01-23"}, {"y1": 7.0, "y0": 0, "date": "2012-01-24"}, {"y1": 7.0, "y0": 0, "date": "2012-01-25"}, {"y1": 7.0, "y0": 0, "date": "2012-01-26"}, {"y1": 7.0, "y0": 0, "date": "2012-01-27"}, {"y1": 7.0, "y0": 0, "date": "2012-01-28"}, {"y1": 7.0, "y0": 0, "date": "2012-01-29"}, {"y1": 7.0, "y0": 0, "date": "2012-01-30"}, {"y1": 7.0, "y0": 0, "date": "2012-01-31"}, {"y1": 7.0, "y0": 0, "date": "2012-02-01"}, {"y1": 7.0, "y0": 0, "date": "2012-02-02"}, {"y1": 7.0, "y0": 0, "date": "2012-02-03"}, {"y1": 7.0, "y0": 0, "date": "2012-02-04"}, {"y1": 7.0, "y0": 0, "date": "2012-02-05"}, {"y1": 7.0, "y0": 0, "date": "2012-02-06"}, {"y1": 7.0, "y0": 0, "date": "2012-02-07"}, {"y1": 7.0, "y0": 0, "date": "2012-02-08"}, {"y1": 7.0, "y0": 0, "date": "2012-02-09"}, {"y1": 7.0, "y0": 0, "date": "2012-02-10"}, {"y1": 7.0, "y0": 0, "date": "2012-02-11"}, {"y1": 7.0, "y0": 0, "date": "2012-02-12"}, {"y1": 7.0, "y0": 0, "date": "2012-02-13"}, {"y1": 7.0, "y0": 0, "date": "2012-02-14"}, {"y1": 7.0, "y0": 0, "date": "2012-02-15"}, {"y1": 7.0, "y0": 0, "date": "2012-02-16"}, {"y1": 7.0, "y0": 0, "date": "2012-02-17"}, {"y1": 7.0, "y0": 0, "date": "2012-02-18"}, {"y1": 7.0, "y0": 0, "date": "2012-02-19"}, {"y1": 7.0, "y0": 0, "date": "2012-02-20"}, {"y1": 7.0, "y0": 0, "date": "2012-02-21"}, {"y1": 7.0, "y0": 0, "date": "2012-02-22"}, {"y1": 7.0, "y0": 0, "date": "2012-02-23"}, {"y1": 7.0, "y0": 0, "date": "2012-02-24"}, {"y1": 7.0, "y0": 0, "date": "2012-02-25"}, {"y1": 7.0, "y0": 0, "date": "2012-02-26"}, {"y1": 7.0, "y0": 0, "date": "2012-02-27"}, {"y1": 7.0, "y0": 0, "date": "2012-02-28"}, {"y1": 7.0, "y0": 0, "date": "2012-02-29"}, {"y1": 7.0, "y0": 0, "date": "2012-09-01"}, {"y1": 7.0, "y0": 0, "date": "2012-09-02"}, {"y1": 7.0, "y0": 0, "date": "2012-09-03"}, {"y1": 7.0, "y0": 0, "date": "2012-09-04"}, {"y1": 7.0, "y0": 0, "date": "2012-09-05"}, {"y1": 7.0, "y0": 0, "date": "2012-09-06"}, {"y1": 7.0, "y0": 0, "date": "2012-09-07"}, {"y1": 7.0, "y0": 0, "date": "2012-09-08"}, {"y1": 7.0, "y0": 0, "date": "2012-09-09"}, {"y1": 7.0, "y0": 0, "date": "2012-09-10"}, {"y1": 7.0, "y0": 0, "date": "2012-09-11"}, {"y1": 7.0, "y0": 0, "date": "2012-09-12"}, {"y1": 7.0, "y0": 0, "date": "2012-09-13"}, {"y1": 7.0, "y0": 0, "date": "2012-09-14"}, {"y1": 7.0, "y0": 0, "date": "2012-09-15"}, {"y1": 7.0, "y0": 0, "date": "2012-09-16"}, {"y1": 7.0, "y0": 0, "date": "2012-09-17"}, {"y1": 7.0, "y0": 0, "date": "2012-09-18"}, {"y1": 7.0, "y0": 0, "date": "2012-09-19"}, {"y1": 7.0, "y0": 0, "date": "2012-09-20"}, {"y1": 7.0, "y0": 0, "date": "2012-09-21"}, {"y1": 7.0, "y0": 0, "date": "2012-09-22"}, {"y1": 7.0, "y0": 0, "date": "2012-09-23"}, {"y1": 7.0, "y0": 0, "date": "2012-09-24"}, {"y1": 7.0, "y0": 0, "date": "2012-09-25"}, {"y1": 7.0, "y0": 0, "date": "2012-09-26"}, {"y1": 7.0, "y0": 0, "date": "2012-09-27"}, {"y1": 7.0, "y0": 0, "date": "2012-09-28"}, {"y1": 7.0, "y0": 0, "date": "2012-09-29"}, {"y1": 7.0, "y0": 0, "date": "2012-09-30"}, {"y1": 7.0, "y0": 0, "date": "2012-10-01"}, {"y1": 7.0, "y0": 0, "date": "2012-10-02"}, {"y1": 7.0, "y0": 0, "date": "2012-10-03"}, {"y1": 7.0, "y0": 0, "date": "2012-10-04"}, {"y1": 7.0, "y0": 0, "date": "2012-10-05"}, {"y1": 7.0, "y0": 0, "date": "2012-10-06"}, {"y1": 7.0, "y0": 0, "date": "2012-10-07"}, {"y1": 7.0, "y0": 0, "date": "2012-10-08"}, {"y1": 7.0, "y0": 0, "date": "2012-10-09"}, {"y1": 7.0, "y0": 0, "date": "2012-10-10"}, {"y1": 7.0, "y0": 0, "date": "2012-10-11"}, {"y1": 7.0, "y0": 0, "date": "2012-10-12"}, {"y1": 7.0, "y0": 0, "date": "2012-10-13"}, {"y1": 7.0, "y0": 0, "date": "2012-10-14"}, {"y1": 7.0, "y0": 0, "date": "2012-10-15"}, {"y1": 7.0, "y0": 0, "date": "2012-10-16"}, {"y1": 7.0, "y0": 0, "date": "2012-10-17"}, {"y1": 7.0, "y0": 0, "date": "2012-10-18"}, {"y1": 7.0, "y0": 0, "date": "2012-10-19"}, {"y1": 7.0, "y0": 0, "date": "2012-10-20"}, {"y1": 7.0, "y0": 0, "date": "2012-10-21"}, {"y1": 7.0, "y0": 0, "date": "2012-10-22"}, {"y1": 7.0, "y0": 0, "date": "2012-10-23"}, {"y1": 7.0, "y0": 0, "date": "2012-10-24"}, {"y1": 7.0, "y0": 0, "date": "2012-10-25"}, {"y1": 7.0, "y0": 0, "date": "2012-10-26"}, {"y1": 7.0, "y0": 0, "date": "2012-10-27"}, {"y1": 7.0, "y0": 0, "date": "2012-10-28"}, {"y1": 7.0, "y0": 0, "date": "2012-10-29"}, {"y1": 7.0, "y0": 0, "date": "2012-10-30"}, {"y1": 7.0, "y0": 0, "date": "2012-10-31"}, {"y1": 7.0, "y0": 0, "date": "2012-11-01"}, {"y1": 7.0, "y0": 0, "date": "2012-11-02"}, {"y1": 7.0, "y0": 0, "date": "2012-11-03"}, {"y1": 7.0, "y0": 0, "date": "2012-11-04"}, {"y1": 7.0, "y0": 0, "date": "2012-11-05"}, {"y1": 7.0, "y0": 0, "date": "2012-11-06"}, {"y1": 7.0, "y0": 0, "date": "2012-11-07"}, {"y1": 7.0, "y0": 0, "date": "2012-11-08"}, {"y1": 7.0, "y0": 0, "date": "2012-11-09"}, {"y1": 7.0, "y0": 0, "date": "2012-11-10"}, {"y1": 7.0, "y0": 0, "date": "2012-11-11"}, {"y1": 7.0, "y0": 0, "date": "2012-11-12"}, {"y1": 7.0, "y0": 0, "date": "2012-11-13"}, {"y1": 7.0, "y0": 0, "date": "2012-11-14"}, {"y1": 7.0, "y0": 0, "date": "2012-11-15"}, {"y1": 7.0, "y0": 0, "date": "2012-11-16"}, {"y1": 7.0, "y0": 0, "date": "2012-11-17"}, {"y1": 7.0, "y0": 0, "date": "2012-11-18"}, {"y1": 7.0, "y0": 0, "date": "2012-11-19"}, {"y1": 7.0, "y0": 0, "date": "2012-11-20"}, {"y1": 7.0, "y0": 0, "date": "2012-11-21"}, {"y1": 7.0, "y0": 0, "date": "2012-11-22"}, {"y1": 7.0, "y0": 0, "date": "2012-11-23"}, {"y1": 7.0, "y0": 0, "date": "2012-11-24"}, {"y1": 7.0, "y0": 0, "date": "2012-11-25"}, {"y1": 7.0, "y0": 0, "date": "2012-11-26"}, {"y1": 7.0, "y0": 0, "date": "2012-11-27"}, {"y1": 7.0, "y0": 0, "date": "2012-11-28"}, {"y1": 7.0, "y0": 0, "date": "2012-11-29"}, {"y1": 7.0, "y0": 0, "date": "2012-11-30"}, {"y1": 7.0, "y0": 0, "date": "2013-05-01"}, {"y1": 7.0, "y0": 0, "date": "2013-05-02"}, {"y1": 7.0, "y0": 0, "date": "2013-05-03"}, {"y1": 7.0, "y0": 0, "date": "2013-05-04"}, {"y1": 7.0, "y0": 0, "date": "2013-05-05"}, {"y1": 7.0, "y0": 0, "date": "2013-05-06"}, {"y1": 7.0, "y0": 0, "date": "2013-05-07"}, {"y1": 7.0, "y0": 0, "date": "2013-05-08"}, {"y1": 7.0, "y0": 0, "date": "2013-05-09"}, {"y1": 7.0, "y0": 0, "date": "2013-05-10"}, {"y1": 7.0, "y0": 0, "date": "2013-05-11"}, {"y1": 7.0, "y0": 0, "date": "2013-05-12"}, {"y1": 7.0, "y0": 0, "date": "2013-05-13"}, {"y1": 7.0, "y0": 0, "date": "2013-05-14"}, {"y1": 7.0, "y0": 0, "date": "2013-05-15"}, {"y1": 7.0, "y0": 0, "date": "2013-05-16"}, {"y1": 7.0, "y0": 0, "date": "2013-05-17"}, {"y1": 7.0, "y0": 0, "date": "2013-05-18"}, {"y1": 7.0, "y0": 0, "date": "2013-05-19"}, {"y1": 7.0, "y0": 0, "date": "2013-05-20"}, {"y1": 7.0, "y0": 0, "date": "2013-05-21"}, {"y1": 7.0, "y0": 0, "date": "2013-05-22"}, {"y1": 7.0, "y0": 0, "date": "2013-05-23"}, {"y1": 7.0, "y0": 0, "date": "2013-05-24"}, {"y1": 7.0, "y0": 0, "date": "2013-05-25"}, {"y1": 7.0, "y0": 0, "date": "2013-05-26"}, {"y1": 7.0, "y0": 0, "date": "2013-05-27"}, {"y1": 7.0, "y0": 0, "date": "2013-05-28"}, {"y1": 7.0, "y0": 0, "date": "2013-05-29"}, {"y1": 7.0, "y0": 0, "date": "2013-05-30"}, {"y1": 7.0, "y0": 0, "date": "2013-05-31"}, {"y1": 7.0, "y0": 0, "date": "2013-06-01"}, {"y1": 7.0, "y0": 0, "date": "2013-06-02"}, {"y1": 7.0, "y0": 0, "date": "2013-06-03"}, {"y1": 7.0, "y0": 0, "date": "2013-06-04"}, {"y1": 7.0, "y0": 0, "date": "2013-06-05"}, {"y1": 7.0, "y0": 0, "date": "2013-06-06"}, {"y1": 7.0, "y0": 0, "date": "2013-06-07"}, {"y1": 7.0, "y0": 0, "date": "2013-06-08"}, {"y1": 7.0, "y0": 0, "date": "2013-06-09"}, {"y1": 7.0, "y0": 0, "date": "2013-06-10"}, {"y1": 7.0, "y0": 0, "date": "2013-06-11"}, {"y1": 7.0, "y0": 0, "date": "2013-06-12"}, {"y1": 7.0, "y0": 0, "date": "2013-06-13"}, {"y1": 7.0, "y0": 0, "date": "2013-06-14"}, {"y1": 7.0, "y0": 0, "date": "2013-06-15"}, {"y1": 7.0, "y0": 0, "date": "2013-06-16"}, {"y1": 7.0, "y0": 0, "date": "2013-06-17"}, {"y1": 7.0, "y0": 0, "date": "2013-06-18"}, {"y1": 7.0, "y0": 0, "date": "2013-06-19"}, {"y1": 7.0, "y0": 0, "date": "2013-06-20"}, {"y1": 7.0, "y0": 0, "date": "2013-06-21"}, {"y1": 7.0, "y0": 0, "date": "2013-06-22"}, {"y1": 7.0, "y0": 0, "date": "2013-06-23"}, {"y1": 7.0, "y0": 0, "date": "2013-06-24"}, {"y1": 7.0, "y0": 0, "date": "2013-06-25"}, {"y1": 7.0, "y0": 0, "date": "2013-06-26"}, {"y1": 7.0, "y0": 0, "date": "2013-06-27"}, {"y1": 7.0, "y0": 0, "date": "2013-06-28"}, {"y1": 7.0, "y0": 0, "date": "2013-06-29"}, {"y1": 7.0, "y0": 0, "date": "2013-06-30"}, {"y1": 7.0, "y0": 0, "date": "2013-09-01"}, {"y1": 7.0, "y0": 0, "date": "2013-09-02"}, {"y1": 7.0, "y0": 0, "date": "2013-09-03"}, {"y1": 7.0, "y0": 0, "date": "2013-09-04"}, {"y1": 7.0, "y0": 0, "date": "2013-09-05"}, {"y1": 7.0, "y0": 0, "date": "2013-09-06"}, {"y1": 7.0, "y0": 0, "date": "2013-09-07"}, {"y1": 7.0, "y0": 0, "date": "2013-09-08"}, {"y1": 7.0, "y0": 0, "date": "2013-09-09"}, {"y1": 7.0, "y0": 0, "date": "2013-09-10"}, {"y1": 7.0, "y0": 0, "date": "2013-09-11"}, {"y1": 7.0, "y0": 0, "date": "2013-09-12"}, {"y1": 7.0, "y0": 0, "date": "2013-09-13"}, {"y1": 7.0, "y0": 0, "date": "2013-09-14"}, {"y1": 7.0, "y0": 0, "date": "2013-09-15"}, {"y1": 7.0, "y0": 0, "date": "2013-09-16"}, {"y1": 7.0, "y0": 0, "date": "2013-09-17"}, {"y1": 7.0, "y0": 0, "date": "2013-09-18"}, {"y1": 7.0, "y0": 0, "date": "2013-09-19"}, {"y1": 7.0, "y0": 0, "date": "2013-09-20"}, {"y1": 7.0, "y0": 0, "date": "2013-09-21"}, {"y1": 7.0, "y0": 0, "date": "2013-09-22"}, {"y1": 7.0, "y0": 0, "date": "2013-09-23"}, {"y1": 7.0, "y0": 0, "date": "2013-09-24"}, {"y1": 7.0, "y0": 0, "date": "2013-09-25"}, {"y1": 7.0, "y0": 0, "date": "2013-09-26"}, {"y1": 7.0, "y0": 0, "date": "2013-09-27"}, {"y1": 7.0, "y0": 0, "date": "2013-09-28"}, {"y1": 7.0, "y0": 0, "date": "2013-09-29"}, {"y1": 7.0, "y0": 0, "date": "2013-09-30"}, {"y1": 7.0, "y0": 0, "date": "2014-12-01"}, {"y1": 7.0, "y0": 0, "date": "2014-12-02"}, {"y1": 7.0, "y0": 0, "date": "2014-12-03"}, {"y1": 7.0, "y0": 0, "date": "2014-12-04"}, {"y1": 7.0, "y0": 0, "date": "2014-12-05"}, {"y1": 7.0, "y0": 0, "date": "2014-12-06"}, {"y1": 7.0, "y0": 0, "date": "2014-12-07"}, {"y1": 7.0, "y0": 0, "date": "2014-12-08"}, {"y1": 7.0, "y0": 0, "date": "2014-12-09"}, {"y1": 7.0, "y0": 0, "date": "2014-12-10"}, {"y1": 7.0, "y0": 0, "date": "2014-12-11"}, {"y1": 7.0, "y0": 0, "date": "2014-12-12"}, {"y1": 7.0, "y0": 0, "date": "2014-12-13"}, {"y1": 7.0, "y0": 0, "date": "2014-12-14"}, {"y1": 7.0, "y0": 0, "date": "2014-12-15"}, {"y1": 7.0, "y0": 0, "date": "2014-12-16"}, {"y1": 7.0, "y0": 0, "date": "2014-12-17"}, {"y1": 7.0, "y0": 0, "date": "2014-12-18"}, {"y1": 7.0, "y0": 0, "date": "2014-12-19"}, {"y1": 7.0, "y0": 0, "date": "2014-12-20"}, {"y1": 7.0, "y0": 0, "date": "2014-12-21"}, {"y1": 7.0, "y0": 0, "date": "2014-12-22"}, {"y1": 7.0, "y0": 0, "date": "2014-12-23"}, {"y1": 7.0, "y0": 0, "date": "2014-12-24"}, {"y1": 7.0, "y0": 0, "date": "2014-12-25"}, {"y1": 7.0, "y0": 0, "date": "2014-12-26"}, {"y1": 7.0, "y0": 0, "date": "2014-12-27"}, {"y1": 7.0, "y0": 0, "date": "2014-12-28"}, {"y1": 7.0, "y0": 0, "date": "2014-12-29"}, {"y1": 7.0, "y0": 0, "date": "2014-12-30"}, {"y1": 7.0, "y0": 0, "date": "2014-12-31"}, {"y1": 7.0, "y0": 0, "date": "2015-09-01"}, {"y1": 7.0, "y0": 0, "date": "2015-09-02"}, {"y1": 7.0, "y0": 0, "date": "2015-09-03"}, {"y1": 7.0, "y0": 0, "date": "2015-09-04"}, {"y1": 7.0, "y0": 0, "date": "2015-09-05"}, {"y1": 7.0, "y0": 0, "date": "2015-09-06"}, {"y1": 7.0, "y0": 0, "date": "2015-09-07"}, {"y1": 7.0, "y0": 0, "date": "2015-09-08"}, {"y1": 7.0, "y0": 0, "date": "2015-09-09"}, {"y1": 7.0, "y0": 0, "date": "2015-09-10"}, {"y1": 7.0, "y0": 0, "date": "2015-09-11"}, {"y1": 7.0, "y0": 0, "date": "2015-09-12"}, {"y1": 7.0, "y0": 0, "date": "2015-09-13"}, {"y1": 7.0, "y0": 0, "date": "2015-09-14"}, {"y1": 7.0, "y0": 0, "date": "2015-09-15"}, {"y1": 7.0, "y0": 0, "date": "2015-09-16"}, {"y1": 7.0, "y0": 0, "date": "2015-09-17"}, {"y1": 7.0, "y0": 0, "date": "2015-09-18"}, {"y1": 7.0, "y0": 0, "date": "2015-09-19"}, {"y1": 7.0, "y0": 0, "date": "2015-09-20"}, {"y1": 7.0, "y0": 0, "date": "2015-09-21"}, {"y1": 7.0, "y0": 0, "date": "2015-09-22"}, {"y1": 7.0, "y0": 0, "date": "2015-09-23"}, {"y1": 7.0, "y0": 0, "date": "2015-09-24"}, {"y1": 7.0, "y0": 0, "date": "2015-09-25"}, {"y1": 7.0, "y0": 0, "date": "2015-09-26"}, {"y1": 7.0, "y0": 0, "date": "2015-09-27"}, {"y1": 7.0, "y0": 0, "date": "2015-09-28"}, {"y1": 7.0, "y0": 0, "date": "2015-09-29"}, {"y1": 7.0, "y0": 0, "date": "2015-09-30"}, {"y1": 7.0, "y0": 0, "date": "2015-11-01"}, {"y1": 7.0, "y0": 0, "date": "2015-11-02"}, {"y1": 7.0, "y0": 0, "date": "2015-11-03"}, {"y1": 7.0, "y0": 0, "date": "2015-11-04"}, {"y1": 7.0, "y0": 0, "date": "2015-11-05"}, {"y1": 7.0, "y0": 0, "date": "2015-11-06"}, {"y1": 7.0, "y0": 0, "date": "2015-11-07"}, {"y1": 7.0, "y0": 0, "date": "2015-11-08"}, {"y1": 7.0, "y0": 0, "date": "2015-11-09"}, {"y1": 7.0, "y0": 0, "date": "2015-11-10"}, {"y1": 7.0, "y0": 0, "date": "2015-11-11"}, {"y1": 7.0, "y0": 0, "date": "2015-11-12"}, {"y1": 7.0, "y0": 0, "date": "2015-11-13"}, {"y1": 7.0, "y0": 0, "date": "2015-11-14"}, {"y1": 7.0, "y0": 0, "date": "2015-11-15"}, {"y1": 7.0, "y0": 0, "date": "2015-11-16"}, {"y1": 7.0, "y0": 0, "date": "2015-11-17"}, {"y1": 7.0, "y0": 0, "date": "2015-11-18"}, {"y1": 7.0, "y0": 0, "date": "2015-11-19"}, {"y1": 7.0, "y0": 0, "date": "2015-11-20"}, {"y1": 7.0, "y0": 0, "date": "2015-11-21"}, {"y1": 7.0, "y0": 0, "date": "2015-11-22"}, {"y1": 7.0, "y0": 0, "date": "2015-11-23"}, {"y1": 7.0, "y0": 0, "date": "2015-11-24"}, {"y1": 7.0, "y0": 0, "date": "2015-11-25"}, {"y1": 7.0, "y0": 0, "date": "2015-11-26"}, {"y1": 7.0, "y0": 0, "date": "2015-11-27"}, {"y1": 7.0, "y0": 0, "date": "2015-11-28"}, {"y1": 7.0, "y0": 0, "date": "2015-11-29"}, {"y1": 7.0, "y0": 0, "date": "2015-11-30"}]}, {"state": 1, "data": []}, {"state": 0, "data": []}], "dataset": [{"state": 180, "data": []}, {"state": 90, "data": [{"y1": 1, "y0": 0, "date": "2016-06-17"}]}, {"state": 30, "data": [{"y1": 1, "y0": 0, "date": "2010-10-01"}, {"y1": 1, "y0": 0, "date": "2010-10-02"}, {"y1": 1, "y0": 0, "date": "2010-10-03"}, {"y1": 1, "y0": 0, "date": "2010-10-04"}, {"y1": 1, "y0": 0, "date": "2010-10-05"}, {"y1": 1, "y0": 0, "date": "2010-10-06"}, {"y1": 1, "y0": 0, "date": "2010-10-07"}, {"y1": 1, "y0": 0, "date": "2010-10-08"}, {"y1": 1, "y0": 0, "date": "2010-10-09"}, {"y1": 1, "y0": 0, "date": "2010-10-10"}, {"y1": 1, "y0": 0, "date": "2010-10-11"}, {"y1": 1, "y0": 0, "date": "2010-10-12"}, {"y1": 1, "y0": 0, "date": "2010-10-13"}, {"y1": 1, "y0": 0, "date": "2010-10-14"}, {"y1": 1, "y0": 0, "date": "2010-10-15"}, {"y1": 1, "y0": 0, "date": "2010-10-16"}, {"y1": 1, "y0": 0, "date": "2010-10-17"}, {"y1": 1, "y0": 0, "date": "2010-10-18"}, {"y1": 1, "y0": 0, "date": "2010-10-19"}, {"y1": 1, "y0": 0, "date": "2010-10-20"}, {"y1": 1, "y0": 0, "date": "2010-10-21"}, {"y1": 1, "y0": 0, "date": "2010-10-22"}, {"y1": 1, "y0": 0, "date": "2010-10-23"}, {"y1": 1, "y0": 0, "date": "2010-10-24"}, {"y1": 1, "y0": 0, "date": "2010-10-25"}, {"y1": 1, "y0": 0, "date": "2010-10-26"}, {"y1": 1, "y0": 0, "date": "2010-10-27"}, {"y1": 1, "y0": 0, "date": "2010-10-28"}, {"y1": 1, "y0": 0, "date": "2010-10-29"}, {"y1": 1, "y0": 0, "date": "2010-10-30"}, {"y1": 1, "y0": 0, "date": "2010-10-31"}, {"y1": 1, "y0": 0, "date": "2012-01-01"}, {"y1": 1, "y0": 0, "date": "2012-01-02"}, {"y1": 1, "y0": 0, "date": "2012-01-03"}, {"y1": 1, "y0": 0, "date": "2012-01-04"}, {"y1": 1, "y0": 0, "date": "2012-01-05"}, {"y1": 1, "y0": 0, "date": "2012-01-06"}, {"y1": 1, "y0": 0, "date": "2012-01-07"}, {"y1": 1, "y0": 0, "date": "2012-01-08"}, {"y1": 1, "y0": 0, "date": "2012-01-09"}, {"y1": 1, "y0": 0, "date": "2012-01-10"}, {"y1": 1, "y0": 0, "date": "2012-01-11"}, {"y1": 1, "y0": 0, "date": "2012-01-12"}, {"y1": 1, "y0": 0, "date": "2012-01-13"}, {"y1": 1, "y0": 0, "date": "2012-01-14"}, {"y1": 1, "y0": 0, "date": "2012-01-15"}, {"y1": 1, "y0": 0, "date": "2012-01-16"}, {"y1": 1, "y0": 0, "date": "2012-01-17"}, {"y1": 1, "y0": 0, "date": "2012-01-18"}, {"y1": 1, "y0": 0, "date": "2012-01-19"}, {"y1": 1, "y0": 0, "date": "2012-01-20"}, {"y1": 1, "y0": 0, "date": "2012-01-21"}, {"y1": 1, "y0": 0, "date": "2012-01-22"}, {"y1": 1, "y0": 0, "date": "2012-01-23"}, {"y1": 1, "y0": 0, "date": "2012-01-24"}, {"y1": 1, "y0": 0, "date": "2012-01-25"}, {"y1": 1, "y0": 0, "date": "2012-01-26"}, {"y1": 1, "y0": 0, "date": "2012-01-27"}, {"y1": 1, "y0": 0, "date": "2012-01-28"}, {"y1": 1, "y0": 0, "date": "2012-01-29"}, {"y1": 1, "y0": 0, "date": "2012-01-30"}, {"y1": 1, "y0": 0, "date": "2012-01-31"}, {"y1": 1, "y0": 0, "date": "2012-02-01"}, {"y1": 1, "y0": 0, "date": "2012-02-02"}, {"y1": 1, "y0": 0, "date": "2012-02-03"}, {"y1": 1, "y0": 0, "date": "2012-02-04"}, {"y1": 1, "y0": 0, "date": "2012-02-05"}, {"y1": 1, "y0": 0, "date": "2012-02-06"}, {"y1": 1, "y0": 0, "date": "2012-02-07"}, {"y1": 1, "y0": 0, "date": "2012-02-08"}, {"y1": 1, "y0": 0, "date": "2012-02-09"}, {"y1": 1, "y0": 0, "date": "2012-02-10"}, {"y1": 1, "y0": 0, "date": "2012-02-11"}, {"y1": 1, "y0": 0, "date": "2012-02-12"}, {"y1": 1, "y0": 0, "date": "2012-02-13"}, {"y1": 1, "y0": 0, "date": "2012-02-14"}, {"y1": 1, "y0": 0, "date": "2012-02-15"}, {"y1": 1, "y0": 0, "date": "2012-02-16"}, {"y1": 1, "y0": 0, "date": "2012-02-17"}, {"y1": 1, "y0": 0, "date": "2012-02-18"}, {"y1": 1, "y0": 0, "date": "2012-02-19"}, {"y1": 1, "y0": 0, "date": "2012-02-20"}, {"y1": 1, "y0": 0, "date": "2012-02-21"}, {"y1": 1, "y0": 0, "date": "2012-02-22"}, {"y1": 1, "y0": 0, "date": "2012-02-23"}, {"y1": 1, "y0": 0, "date": "2012-02-24"}, {"y1": 1, "y0": 0, "date": "2012-02-25"}, {"y1": 1, "y0": 0, "date": "2012-02-26"}, {"y1": 1, "y0": 0, "date": "2012-02-27"}, {"y1": 1, "y0": 0, "date": "2012-02-28"}, {"y1": 1, "y0": 0, "date": "2012-02-29"}, {"y1": 1, "y0": 0, "date": "2012-09-01"}, {"y1": 1, "y0": 0, "date": "2012-09-02"}, {"y1": 1, "y0": 0, "date": "2012-09-03"}, {"y1": 1, "y0": 0, "date": "2012-09-04"}, {"y1": 1, "y0": 0, "date": "2012-09-05"}, {"y1": 1, "y0": 0, "date": "2012-09-06"}, {"y1": 1, "y0": 0, "date": "2012-09-07"}, {"y1": 1, "y0": 0, "date": "2012-09-08"}, {"y1": 1, "y0": 0, "date": "2012-09-09"}, {"y1": 1, "y0": 0, "date": "2012-09-10"}, {"y1": 1, "y0": 0, "date": "2012-09-11"}, {"y1": 1, "y0": 0, "date": "2012-09-12"}, {"y1": 1, "y0": 0, "date": "2012-09-13"}, {"y1": 1, "y0": 0, "date": "2012-09-14"}, {"y1": 1, "y0": 0, "date": "2012-09-15"}, {"y1": 1, "y0": 0, "date": "2012-09-16"}, {"y1": 1, "y0": 0, "date": "2012-09-17"}, {"y1": 1, "y0": 0, "date": "2012-09-18"}, {"y1": 1, "y0": 0, "date": "2012-09-19"}, {"y1": 1, "y0": 0, "date": "2012-09-20"}, {"y1": 1, "y0": 0, "date": "2012-09-21"}, {"y1": 1, "y0": 0, "date": "2012-09-22"}, {"y1": 1, "y0": 0, "date": "2012-09-23"}, {"y1": 1, "y0": 0, "date": "2012-09-24"}, {"y1": 1, "y0": 0, "date": "2012-09-25"}, {"y1": 1, "y0": 0, "date": "2012-09-26"}, {"y1": 1, "y0": 0, "date": "2012-09-27"}, {"y1": 1, "y0": 0, "date": "2012-09-28"}, {"y1": 1, "y0": 0, "date": "2012-09-29"}, {"y1": 1, "y0": 0, "date": "2012-09-30"}, {"y1": 1, "y0": 0, "date": "2012-10-01"}, {"y1": 1, "y0": 0, "date": "2012-10-02"}, {"y1": 1, "y0": 0, "date": "2012-10-03"}, {"y1": 1, "y0": 0, "date": "2012-10-04"}, {"y1": 1, "y0": 0, "date": "2012-10-05"}, {"y1": 1, "y0": 0, "date": "2012-10-06"}, {"y1": 1, "y0": 0, "date": "2012-10-07"}, {"y1": 1, "y0": 0, "date": "2012-10-08"}, {"y1": 1, "y0": 0, "date": "2012-10-09"}, {"y1": 1, "y0": 0, "date": "2012-10-10"}, {"y1": 1, "y0": 0, "date": "2012-10-11"}, {"y1": 1, "y0": 0, "date": "2012-10-12"}, {"y1": 1, "y0": 0, "date": "2012-10-13"}, {"y1": 1, "y0": 0, "date": "2012-10-14"}, {"y1": 1, "y0": 0, "date": "2012-10-15"}, {"y1": 1, "y0": 0, "date": "2012-10-16"}, {"y1": 1, "y0": 0, "date": "2012-10-17"}, {"y1": 1, "y0": 0, "date": "2012-10-18"}, {"y1": 1, "y0": 0, "date": "2012-10-19"}, {"y1": 1, "y0": 0, "date": "2012-10-20"}, {"y1": 1, "y0": 0, "date": "2012-10-21"}, {"y1": 1, "y0": 0, "date": "2012-10-22"}, {"y1": 1, "y0": 0, "date": "2012-10-23"}, {"y1": 1, "y0": 0, "date": "2012-10-24"}, {"y1": 1, "y0": 0, "date": "2012-10-25"}, {"y1": 1, "y0": 0, "date": "2012-10-26"}, {"y1": 1, "y0": 0, "date": "2012-10-27"}, {"y1": 1, "y0": 0, "date": "2012-10-28"}, {"y1": 1, "y0": 0, "date": "2012-10-29"}, {"y1": 1, "y0": 0, "date": "2012-10-30"}, {"y1": 1, "y0": 0, "date": "2012-10-31"}, {"y1": 1, "y0": 0, "date": "2012-11-01"}, {"y1": 1, "y0": 0, "date": "2012-11-02"}, {"y1": 1, "y0": 0, "date": "2012-11-03"}, {"y1": 1, "y0": 0, "date": "2012-11-04"}, {"y1": 1, "y0": 0, "date": "2012-11-05"}, {"y1": 1, "y0": 0, "date": "2012-11-06"}, {"y1": 1, "y0": 0, "date": "2012-11-07"}, {"y1": 1, "y0": 0, "date": "2012-11-08"}, {"y1": 1, "y0": 0, "date": "2012-11-09"}, {"y1": 1, "y0": 0, "date": "2012-11-10"}, {"y1": 1, "y0": 0, "date": "2012-11-11"}, {"y1": 1, "y0": 0, "date": "2012-11-12"}, {"y1": 1, "y0": 0, "date": "2012-11-13"}, {"y1": 1, "y0": 0, "date": "2012-11-14"}, {"y1": 1, "y0": 0, "date": "2012-11-15"}, {"y1": 1, "y0": 0, "date": "2012-11-16"}, {"y1": 1, "y0": 0, "date": "2012-11-17"}, {"y1": 1, "y0": 0, "date": "2012-11-18"}, {"y1": 1, "y0": 0, "date": "2012-11-19"}, {"y1": 1, "y0": 0, "date": "2012-11-20"}, {"y1": 1, "y0": 0, "date": "2012-11-21"}, {"y1": 1, "y0": 0, "date": "2012-11-22"}, {"y1": 1, "y0": 0, "date": "2012-11-23"}, {"y1": 1, "y0": 0, "date": "2012-11-24"}, {"y1": 1, "y0": 0, "date": "2012-11-25"}, {"y1": 1, "y0": 0, "date": "2012-11-26"}, {"y1": 1, "y0": 0, "date": "2012-11-27"}, {"y1": 1, "y0": 0, "date": "2012-11-28"}, {"y1": 1, "y0": 0, "date": "2012-11-29"}, {"y1": 1, "y0": 0, "date": "2012-11-30"}, {"y1": 1, "y0": 0, "date": "2013-05-01"}, {"y1": 1, "y0": 0, "date": "2013-05-02"}, {"y1": 1, "y0": 0, "date": "2013-05-03"}, {"y1": 1, "y0": 0, "date": "2013-05-04"}, {"y1": 1, "y0": 0, "date": "2013-05-05"}, {"y1": 1, "y0": 0, "date": "2013-05-06"}, {"y1": 1, "y0": 0, "date": "2013-05-07"}, {"y1": 1, "y0": 0, "date": "2013-05-08"}, {"y1": 1, "y0": 0, "date": "2013-05-09"}, {"y1": 1, "y0": 0, "date": "2013-05-10"}, {"y1": 1, "y0": 0, "date": "2013-05-11"}, {"y1": 1, "y0": 0, "date": "2013-05-12"}, {"y1": 1, "y0": 0, "date": "2013-05-13"}, {"y1": 1, "y0": 0, "date": "2013-05-14"}, {"y1": 1, "y0": 0, "date": "2013-05-15"}, {"y1": 1, "y0": 0, "date": "2013-05-16"}, {"y1": 1, "y0": 0, "date": "2013-05-17"}, {"y1": 1, "y0": 0, "date": "2013-05-18"}, {"y1": 1, "y0": 0, "date": "2013-05-19"}, {"y1": 1, "y0": 0, "date": "2013-05-20"}, {"y1": 1, "y0": 0, "date": "2013-05-21"}, {"y1": 1, "y0": 0, "date": "2013-05-22"}, {"y1": 1, "y0": 0, "date": "2013-05-23"}, {"y1": 1, "y0": 0, "date": "2013-05-24"}, {"y1": 1, "y0": 0, "date": "2013-05-25"}, {"y1": 1, "y0": 0, "date": "2013-05-26"}, {"y1": 1, "y0": 0, "date": "2013-05-27"}, {"y1": 1, "y0": 0, "date": "2013-05-28"}, {"y1": 1, "y0": 0, "date": "2013-05-29"}, {"y1": 1, "y0": 0, "date": "2013-05-30"}, {"y1": 1, "y0": 0, "date": "2013-05-31"}, {"y1": 1, "y0": 0, "date": "2013-06-01"}, {"y1": 1, "y0": 0, "date": "2013-06-02"}, {"y1": 1, "y0": 0, "date": "2013-06-03"}, {"y1": 1, "y0": 0, "date": "2013-06-04"}, {"y1": 1, "y0": 0, "date": "2013-06-05"}, {"y1": 1, "y0": 0, "date": "2013-06-06"}, {"y1": 1, "y0": 0, "date": "2013-06-07"}, {"y1": 1, "y0": 0, "date": "2013-06-08"}, {"y1": 1, "y0": 0, "date": "2013-06-09"}, {"y1": 1, "y0": 0, "date": "2013-06-10"}, {"y1": 1, "y0": 0, "date": "2013-06-11"}, {"y1": 1, "y0": 0, "date": "2013-06-12"}, {"y1": 1, "y0": 0, "date": "2013-06-13"}, {"y1": 1, "y0": 0, "date": "2013-06-14"}, {"y1": 1, "y0": 0, "date": "2013-06-15"}, {"y1": 1, "y0": 0, "date": "2013-06-16"}, {"y1": 1, "y0": 0, "date": "2013-06-17"}, {"y1": 1, "y0": 0, "date": "2013-06-18"}, {"y1": 1, "y0": 0, "date": "2013-06-19"}, {"y1": 1, "y0": 0, "date": "2013-06-20"}, {"y1": 1, "y0": 0, "date": "2013-06-21"}, {"y1": 1, "y0": 0, "date": "2013-06-22"}, {"y1": 1, "y0": 0, "date": "2013-06-23"}, {"y1": 1, "y0": 0, "date": "2013-06-24"}, {"y1": 1, "y0": 0, "date": "2013-06-25"}, {"y1": 1, "y0": 0, "date": "2013-06-26"}, {"y1": 1, "y0": 0, "date": "2013-06-27"}, {"y1": 1, "y0": 0, "date": "2013-06-28"}, {"y1": 1, "y0": 0, "date": "2013-06-29"}, {"y1": 1, "y0": 0, "date": "2013-06-30"}, {"y1": 1, "y0": 0, "date": "2013-09-01"}, {"y1": 1, "y0": 0, "date": "2013-09-02"}, {"y1": 1, "y0": 0, "date": "2013-09-03"}, {"y1": 1, "y0": 0, "date": "2013-09-04"}, {"y1": 1, "y0": 0, "date": "2013-09-05"}, {"y1": 1, "y0": 0, "date": "2013-09-06"}, {"y1": 1, "y0": 0, "date": "2013-09-07"}, {"y1": 1, "y0": 0, "date": "2013-09-08"}, {"y1": 1, "y0": 0, "date": "2013-09-09"}, {"y1": 1, "y0": 0, "date": "2013-09-10"}, {"y1": 1, "y0": 0, "date": "2013-09-11"}, {"y1": 1, "y0": 0, "date": "2013-09-12"}, {"y1": 1, "y0": 0, "date": "2013-09-13"}, {"y1": 1, "y0": 0, "date": "2013-09-14"}, {"y1": 1, "y0": 0, "date": "2013-09-15"}, {"y1": 1, "y0": 0, "date": "2013-09-16"}, {"y1": 1, "y0": 0, "date": "2013-09-17"}, {"y1": 1, "y0": 0, "date": "2013-09-18"}, {"y1": 1, "y0": 0, "date": "2013-09-19"}, {"y1": 1, "y0": 0, "date": "2013-09-20"}, {"y1": 1, "y0": 0, "date": "2013-09-21"}, {"y1": 1, "y0": 0, "date": "2013-09-22"}, {"y1": 1, "y0": 0, "date": "2013-09-23"}, {"y1": 1, "y0": 0, "date": "2013-09-24"}, {"y1": 1, "y0": 0, "date": "2013-09-25"}, {"y1": 1, "y0": 0, "date": "2013-09-26"}, {"y1": 1, "y0": 0, "date": "2013-09-27"}, {"y1": 1, "y0": 0, "date": "2013-09-28"}, {"y1": 1, "y0": 0, "date": "2013-09-29"}, {"y1": 1, "y0": 0, "date": "2013-09-30"}, {"y1": 1, "y0": 0, "date": "2014-12-01"}, {"y1": 1, "y0": 0, "date": "2014-12-02"}, {"y1": 1, "y0": 0, "date": "2014-12-03"}, {"y1": 1, "y0": 0, "date": "2014-12-04"}, {"y1": 1, "y0": 0, "date": "2014-12-05"}, {"y1": 1, "y0": 0, "date": "2014-12-06"}, {"y1": 1, "y0": 0, "date": "2014-12-07"}, {"y1": 1, "y0": 0, "date": "2014-12-08"}, {"y1": 1, "y0": 0, "date": "2014-12-09"}, {"y1": 1, "y0": 0, "date": "2014-12-10"}, {"y1": 1, "y0": 0, "date": "2014-12-11"}, {"y1": 1, "y0": 0, "date": "2014-12-12"}, {"y1": 1, "y0": 0, "date": "2014-12-13"}, {"y1": 1, "y0": 0, "date": "2014-12-14"}, {"y1": 1, "y0": 0, "date": "2014-12-15"}, {"y1": 1, "y0": 0, "date": "2014-12-16"}, {"y1": 1, "y0": 0, "date": "2014-12-17"}, {"y1": 1, "y0": 0, "date": "2014-12-18"}, {"y1": 1, "y0": 0, "date": "2014-12-19"}, {"y1": 1, "y0": 0, "date": "2014-12-20"}, {"y1": 1, "y0": 0, "date": "2014-12-21"}, {"y1": 1, "y0": 0, "date": "2014-12-22"}, {"y1": 1, "y0": 0, "date": "2014-12-23"}, {"y1": 1, "y0": 0, "date": "2014-12-24"}, {"y1": 1, "y0": 0, "date": "2014-12-25"}, {"y1": 1, "y0": 0, "date": "2014-12-26"}, {"y1": 1, "y0": 0, "date": "2014-12-27"}, {"y1": 1, "y0": 0, "date": "2014-12-28"}, {"y1": 1, "y0": 0, "date": "2014-12-29"}, {"y1": 1, "y0": 0, "date": "2014-12-30"}, {"y1": 1, "y0": 0, "date": "2014-12-31"}, {"y1": 1, "y0": 0, "date": "2015-09-01"}, {"y1": 1, "y0": 0, "date": "2015-09-02"}, {"y1": 1, "y0": 0, "date": "2015-09-03"}, {"y1": 1, "y0": 0, "date": "2015-09-04"}, {"y1": 1, "y0": 0, "date": "2015-09-05"}, {"y1": 1, "y0": 0, "date": "2015-09-06"}, {"y1": 1, "y0": 0, "date": "2015-09-07"}, {"y1": 1, "y0": 0, "date": "2015-09-08"}, {"y1": 1, "y0": 0, "date": "2015-09-09"}, {"y1": 1, "y0": 0, "date": "2015-09-10"}, {"y1": 1, "y0": 0, "date": "2015-09-11"}, {"y1": 1, "y0": 0, "date": "2015-09-12"}, {"y1": 1, "y0": 0, "date": "2015-09-13"}, {"y1": 1, "y0": 0, "date": "2015-09-14"}, {"y1": 1, "y0": 0, "date": "2015-09-15"}, {"y1": 1, "y0": 0, "date": "2015-09-16"}, {"y1": 1, "y0": 0, "date": "2015-09-17"}, {"y1": 1, "y0": 0, "date": "2015-09-18"}, {"y1": 1, "y0": 0, "date": "2015-09-19"}, {"y1": 1, "y0": 0, "date": "2015-09-20"}, {"y1": 1, "y0": 0, "date": "2015-09-21"}, {"y1": 1, "y0": 0, "date": "2015-09-22"}, {"y1": 1, "y0": 0, "date": "2015-09-23"}, {"y1": 1, "y0": 0, "date": "2015-09-24"}, {"y1": 1, "y0": 0, "date": "2015-09-25"}, {"y1": 1, "y0": 0, "date": "2015-09-26"}, {"y1": 1, "y0": 0, "date": "2015-09-27"}, {"y1": 1, "y0": 0, "date": "2015-09-28"}, {"y1": 1, "y0": 0, "date": "2015-09-29"}, {"y1": 1, "y0": 0, "date": "2015-09-30"}, {"y1": 1, "y0": 0, "date": "2015-11-01"}, {"y1": 1, "y0": 0, "date": "2015-11-02"}, {"y1": 1, "y0": 0, "date": "2015-11-03"}, {"y1": 1, "y0": 0, "date": "2015-11-04"}, {"y1": 1, "y0": 0, "date": "2015-11-05"}, {"y1": 1, "y0": 0, "date": "2015-11-06"}, {"y1": 1, "y0": 0, "date": "2015-11-07"}, {"y1": 1, "y0": 0, "date": "2015-11-08"}, {"y1": 1, "y0": 0, "date": "2015-11-09"}, {"y1": 1, "y0": 0, "date": "2015-11-10"}, {"y1": 1, "y0": 0, "date": "2015-11-11"}, {"y1": 1, "y0": 0, "date": "2015-11-12"}, {"y1": 1, "y0": 0, "date": "2015-11-13"}, {"y1": 1, "y0": 0, "date": "2015-11-14"}, {"y1": 1, "y0": 0, "date": "2015-11-15"}, {"y1": 1, "y0": 0, "date": "2015-11-16"}, {"y1": 1, "y0": 0, "date": "2015-11-17"}, {"y1": 1, "y0": 0, "date": "2015-11-18"}, {"y1": 1, "y0": 0, "date": "2015-11-19"}, {"y1": 1, "y0": 0, "date": "2015-11-20"}, {"y1": 1, "y0": 0, "date": "2015-11-21"}, {"y1": 1, "y0": 0, "date": "2015-11-22"}, {"y1": 1, "y0": 0, "date": "2015-11-23"}, {"y1": 1, "y0": 0, "date": "2015-11-24"}, {"y1": 1, "y0": 0, "date": "2015-11-25"}, {"y1": 1, "y0": 0, "date": "2015-11-26"}, {"y1": 1, "y0": 0, "date": "2015-11-27"}, {"y1": 1, "y0": 0, "date": "2015-11-28"}, {"y1": 1, "y0": 0, "date": "2015-11-29"}, {"y1": 1, "y0": 0, "date": "2015-11-30"}]}, {"state": 1, "data": []}, {"state": 0, "data": []}]}}