{"startDate": "2013-12-31", "endDate": "2016-08-18", "data": {"rows": [{"state": 180, "data": []}, {"state": 90, "data": [{"y1": 37, "y0": 0, "date": "2016-06-17"}, {"y1": 245, "y0": 0, "date": "2016-08-16"}]}, {"state": 30, "data": [{"y1": 1, "y0": 0, "date": "2014-12-31"}, {"y1": 1, "y0": 0, "date": "2015-01-01"}, {"y1": 1, "y0": 0, "date": "2015-01-02"}, {"y1": 1, "y0": 0, "date": "2015-01-03"}, {"y1": 3, "y0": 0, "date": "2015-01-04"}, {"y1": 3, "y0": 0, "date": "2015-01-05"}, {"y1": 3, "y0": 0, "date": "2015-01-06"}, {"y1": 3, "y0": 0, "date": "2015-01-07"}, {"y1": 3, "y0": 0, "date": "2015-01-08"}, {"y1": 3, "y0": 0, "date": "2015-01-09"}, {"y1": 3, "y0": 0, "date": "2015-01-10"}, {"y1": 3, "y0": 0, "date": "2015-01-11"}, {"y1": 3, "y0": 0, "date": "2015-01-12"}, {"y1": 3, "y0": 0, "date": "2015-01-13"}, {"y1": 3, "y0": 0, "date": "2015-01-14"}, {"y1": 3, "y0": 0, "date": "2015-01-15"}, {"y1": 3, "y0": 0, "date": "2015-01-16"}, {"y1": 3, "y0": 0, "date": "2015-01-17"}, {"y1": 3, "y0": 0, "date": "2015-01-18"}, {"y1": 3, "y0": 0, "date": "2015-01-19"}, {"y1": 3, "y0": 0, "date": "2015-01-20"}, {"y1": 3, "y0": 0, "date": "2015-01-21"}, {"y1": 3, "y0": 0, "date": "2015-01-22"}, {"y1": 3, "y0": 0, "date": "2015-01-23"}, {"y1": 3, "y0": 0, "date": "2015-01-24"}, {"y1": 3, "y0": 0, "date": "2015-01-25"}, {"y1": 3, "y0": 0, "date": "2015-01-26"}, {"y1": 3, "y0": 0, "date": "2015-01-27"}, {"y1": 3, "y0": 0, "date": "2015-01-28"}, {"y1": 3, "y0": 0, "date": "2015-01-29"}, {"y1": 3, "y0": 0, "date": "2015-01-30"}, {"y1": 2, "y0": 0, "date": "2015-01-31"}, {"y1": 2, "y0": 0, "date": "2015-02-01"}, {"y1": 2, "y0": 0, "date": "2015-02-02"}, {"y1": 2, "y0": 0, "date": "2015-02-03"}, {"y1": 2, "y0": 0, "date": "2015-03-01"}, {"y1": 2, "y0": 0, "date": "2015-03-02"}, {"y1": 2, "y0": 0, "date": "2015-03-03"}, {"y1": 2, "y0": 0, "date": "2015-03-04"}, {"y1": 2, "y0": 0, "date": "2015-03-05"}, {"y1": 2, "y0": 0, "date": "2015-03-06"}, {"y1": 2, "y0": 0, "date": "2015-03-07"}, {"y1": 2, "y0": 0, "date": "2015-03-08"}, {"y1": 2, "y0": 0, "date": "2015-03-09"}, {"y1": 2, "y0": 0, "date": "2015-03-10"}, {"y1": 2, "y0": 0, "date": "2015-03-11"}, {"y1": 2, "y0": 0, "date": "2015-03-12"}, {"y1": 2, "y0": 0, "date": "2015-03-13"}, {"y1": 2, "y0": 0, "date": "2015-03-14"}, {"y1": 2, "y0": 0, "date": "2015-03-15"}, {"y1": 2, "y0": 0, "date": "2015-03-16"}, {"y1": 2, "y0": 0, "date": "2015-03-17"}, {"y1": 2, "y0": 0, "date": "2015-03-18"}, {"y1": 2, "y0": 0, "date": "2015-03-19"}, {"y1": 2, "y0": 0, "date": "2015-03-20"}, {"y1": 2, "y0": 0, "date": "2015-03-21"}, {"y1": 2, "y0": 0, "date": "2015-03-22"}, {"y1": 2, "y0": 0, "date": "2015-03-23"}, {"y1": 2, "y0": 0, "date": "2015-03-24"}, {"y1": 2, "y0": 0, "date": "2015-03-25"}, {"y1": 2, "y0": 0, "date": "2015-03-26"}, {"y1": 2, "y0": 0, "date": "2015-03-27"}, {"y1": 2, "y0": 0, "date": "2015-03-28"}, {"y1": 2, "y0": 0, "date": "2015-03-29"}, {"y1": 2, "y0": 0, "date": "2015-03-30"}, {"y1": 2, "y0": 0, "date": "2015-03-31"}, {"y1": 1, "y0": 0, "date": "2015-04-01"}, {"y1": 1, "y0": 0, "date": "2015-04-02"}, {"y1": 1, "y0": 0, "date": "2015-04-03"}, {"y1": 1, "y0": 0, "date": "2015-04-04"}, {"y1": 1, "y0": 0, "date": "2015-04-05"}, {"y1": 1, "y0": 0, "date": "2015-04-06"}, {"y1": 1, "y0": 0, "date": "2015-04-07"}, {"y1": 1, "y0": 0, "date": "2015-04-08"}, {"y1": 1, "y0": 0, "date": "2015-04-09"}, {"y1": 1, "y0": 0, "date": "2015-04-10"}, {"y1": 1, "y0": 0, "date": "2015-04-11"}, {"y1": 1, "y0": 0, "date": "2015-04-12"}, {"y1": 1, "y0": 0, "date": "2015-04-13"}, {"y1": 1, "y0": 0, "date": "2015-04-14"}, {"y1": 1, "y0": 0, "date": "2015-04-15"}, {"y1": 1, "y0": 0, "date": "2015-04-16"}, {"y1": 1, "y0": 0, "date": "2015-04-17"}, {"y1": 1, "y0": 0, "date": "2015-04-18"}, {"y1": 1, "y0": 0, "date": "2015-04-19"}, {"y1": 1, "y0": 0, "date": "2015-04-20"}, {"y1": 1, "y0": 0, "date": "2015-04-21"}, {"y1": 1, "y0": 0, "date": "2015-04-22"}, {"y1": 1, "y0": 0, "date": "2015-04-23"}, {"y1": 1, "y0": 0, "date": "2015-04-24"}, {"y1": 1, "y0": 0, "date": "2015-04-25"}, {"y1": 1, "y0": 0, "date": "2015-04-26"}, {"y1": 1, "y0": 0, "date": "2015-04-27"}, {"y1": 1, "y0": 0, "date": "2015-04-28"}, {"y1": 1, "y0": 0, "date": "2015-04-29"}, {"y1": 1, "y0": 0, "date": "2015-04-30"}, {"y1": 2, "y0": 0, "date": "2015-07-01"}, {"y1": 2, "y0": 0, "date": "2015-07-02"}, {"y1": 2, "y0": 0, "date": "2015-07-03"}, {"y1": 2, "y0": 0, "date": "2015-07-04"}, {"y1": 2, "y0": 0, "date": "2015-07-05"}, {"y1": 2, "y0": 0, "date": "2015-07-06"}, {"y1": 2, "y0": 0, "date": "2015-07-07"}, {"y1": 2, "y0": 0, "date": "2015-07-08"}, {"y1": 2, "y0": 0, "date": "2015-07-09"}, {"y1": 2, "y0": 0, "date": "2015-07-10"}, {"y1": 2, "y0": 0, "date": "2015-07-11"}, {"y1": 2, "y0": 0, "date": "2015-07-12"}, {"y1": 2, "y0": 0, "date": "2015-07-13"}, {"y1": 2, "y0": 0, "date": "2015-07-14"}, {"y1": 2, "y0": 0, "date": "2015-07-15"}, {"y1": 2, "y0": 0, "date": "2015-07-16"}, {"y1": 2, "y0": 0, "date": "2015-07-17"}, {"y1": 2, "y0": 0, "date": "2015-07-18"}, {"y1": 2, "y0": 0, "date": "2015-07-19"}, {"y1": 2, "y0": 0, "date": "2015-07-20"}, {"y1": 2, "y0": 0, "date": "2015-07-21"}, {"y1": 2, "y0": 0, "date": "2015-07-22"}, {"y1": 2, "y0": 0, "date": "2015-07-23"}, {"y1": 2, "y0": 0, "date": "2015-07-24"}, {"y1": 2, "y0": 0, "date": "2015-07-25"}, {"y1": 2, "y0": 0, "date": "2015-07-26"}, {"y1": 2, "y0": 0, "date": "2015-07-27"}, {"y1": 2, "y0": 0, "date": "2015-07-28"}, {"y1": 2, "y0": 0, "date": "2015-07-29"}, {"y1": 2, "y0": 0, "date": "2015-07-30"}, {"y1": 2, "y0": 0, "date": "2015-07-31"}, {"y1": 12, "y0": 0, "date": "2016-01-01"}, {"y1": 16, "y0": 0, "date": "2016-01-02"}, {"y1": 17, "y0": 0, "date": "2016-01-03"}, {"y1": 17, "y0": 0, "date": "2016-01-04"}, {"y1": 17, "y0": 0, "date": "2016-01-05"}, {"y1": 17, "y0": 0, "date": "2016-01-06"}, {"y1": 17, "y0": 0, "date": "2016-01-07"}, {"y1": 17, "y0": 0, "date": "2016-01-08"}, {"y1": 17, "y0": 0, "date": "2016-01-09"}, {"y1": 17, "y0": 0, "date": "2016-01-10"}, {"y1": 17, "y0": 0, "date": "2016-01-11"}, {"y1": 17, "y0": 0, "date": "2016-01-12"}, {"y1": 17, "y0": 0, "date": "2016-01-13"}, {"y1": 17, "y0": 0, "date": "2016-01-14"}, {"y1": 17, "y0": 0, "date": "2016-01-15"}, {"y1": 17, "y0": 0, "date": "2016-01-16"}, {"y1": 17, "y0": 0, "date": "2016-01-17"}, {"y1": 17, "y0": 0, "date": "2016-01-18"}, {"y1": 17, "y0": 0, "date": "2016-01-19"}, {"y1": 17, "y0": 0, "date": "2016-01-20"}, {"y1": 17, "y0": 0, "date": "2016-01-21"}, {"y1": 17, "y0": 0, "date": "2016-01-22"}, {"y1": 17, "y0": 0, "date": "2016-01-23"}, {"y1": 17, "y0": 0, "date": "2016-01-24"}, {"y1": 17, "y0": 0, "date": "2016-01-25"}, {"y1": 17, "y0": 0, "date": "2016-01-26"}, {"y1": 17, "y0": 0, "date": "2016-01-27"}, {"y1": 17, "y0": 0, "date": "2016-01-28"}, {"y1": 17, "y0": 0, "date": "2016-01-29"}, {"y1": 17, "y0": 0, "date": "2016-01-30"}, {"y1": 17, "y0": 0, "date": "2016-01-31"}, {"y1": 43, "y0": 0, "date": "2016-02-01"}, {"y1": 39, "y0": 0, "date": "2016-02-02"}, {"y1": 38, "y0": 0, "date": "2016-02-03"}, {"y1": 38, "y0": 0, "date": "2016-02-04"}, {"y1": 38, "y0": 0, "date": "2016-02-05"}, {"y1": 38, "y0": 0, "date": "2016-02-06"}, {"y1": 38, "y0": 0, "date": "2016-02-07"}, {"y1": 38, "y0": 0, "date": "2016-02-08"}, {"y1": 38, "y0": 0, "date": "2016-02-09"}, {"y1": 38, "y0": 0, "date": "2016-02-10"}, {"y1": 38, "y0": 0, "date": "2016-02-11"}, {"y1": 38, "y0": 0, "date": "2016-02-12"}, {"y1": 38, "y0": 0, "date": "2016-02-13"}, {"y1": 38, "y0": 0, "date": "2016-02-14"}, {"y1": 38, "y0": 0, "date": "2016-02-15"}, {"y1": 38, "y0": 0, "date": "2016-02-16"}, {"y1": 38, "y0": 0, "date": "2016-02-17"}, {"y1": 38, "y0": 0, "date": "2016-02-18"}, {"y1": 38, "y0": 0, "date": "2016-02-19"}, {"y1": 38, "y0": 0, "date": "2016-02-20"}, {"y1": 38, "y0": 0, "date": "2016-02-21"}, {"y1": 38, "y0": 0, "date": "2016-02-22"}, {"y1": 38, "y0": 0, "date": "2016-02-23"}, {"y1": 38, "y0": 0, "date": "2016-02-24"}, {"y1": 38, "y0": 0, "date": "2016-02-25"}, {"y1": 38, "y0": 0, "date": "2016-02-26"}, {"y1": 38, "y0": 0, "date": "2016-02-27"}, {"y1": 38, "y0": 0, "date": "2016-02-28"}, {"y1": 38, "y0": 0, "date": "2016-02-29"}, {"y1": 7, "y0": 0, "date": "2016-03-01"}, {"y1": 7, "y0": 0, "date": "2016-03-02"}, {"y1": 7, "y0": 0, "date": "2016-03-03"}, {"y1": 7, "y0": 0, "date": "2016-03-04"}, {"y1": 7, "y0": 0, "date": "2016-03-05"}, {"y1": 7, "y0": 0, "date": "2016-03-06"}, {"y1": 7, "y0": 0, "date": "2016-03-07"}, {"y1": 7, "y0": 0, "date": "2016-03-08"}, {"y1": 7, "y0": 0, "date": "2016-03-09"}, {"y1": 7, "y0": 0, "date": "2016-03-10"}, {"y1": 7, "y0": 0, "date": "2016-03-11"}, {"y1": 7, "y0": 0, "date": "2016-03-12"}, {"y1": 7, "y0": 0, "date": "2016-03-13"}, {"y1": 7, "y0": 0, "date": "2016-03-14"}, {"y1": 7, "y0": 0, "date": "2016-03-15"}, {"y1": 7, "y0": 0, "date": "2016-03-16"}, {"y1": 7, "y0": 0, "date": "2016-03-17"}, {"y1": 7, "y0": 0, "date": "2016-03-18"}, {"y1": 7, "y0": 0, "date": "2016-03-19"}, {"y1": 7, "y0": 0, "date": "2016-03-20"}, {"y1": 7, "y0": 0, "date": "2016-03-21"}, {"y1": 7, "y0": 0, "date": "2016-03-22"}, {"y1": 7, "y0": 0, "date": "2016-03-23"}, {"y1": 7, "y0": 0, "date": "2016-03-24"}, {"y1": 7, "y0": 0, "date": "2016-03-25"}, {"y1": 7, "y0": 0, "date": "2016-03-26"}, {"y1": 7, "y0": 0, "date": "2016-03-27"}, {"y1": 7, "y0": 0, "date": "2016-03-28"}, {"y1": 7, "y0": 0, "date": "2016-03-29"}, {"y1": 7, "y0": 0, "date": "2016-03-30"}, {"y1": 7, "y0": 0, "date": "2016-03-31"}, {"y1": 21, "y0": 0, "date": "2016-04-01"}, {"y1": 21, "y0": 0, "date": "2016-04-02"}, {"y1": 21, "y0": 0, "date": "2016-04-03"}, {"y1": 21, "y0": 0, "date": "2016-04-04"}, {"y1": 21, "y0": 0, "date": "2016-04-05"}, {"y1": 21, "y0": 0, "date": "2016-04-06"}, {"y1": 21, "y0": 0, "date": "2016-04-07"}, {"y1": 21, "y0": 0, "date": "2016-04-08"}, {"y1": 21, "y0": 0, "date": "2016-04-09"}, {"y1": 21, "y0": 0, "date": "2016-04-10"}, {"y1": 21, "y0": 0, "date": "2016-04-11"}, {"y1": 21, "y0": 0, "date": "2016-04-12"}, {"y1": 21, "y0": 0, "date": "2016-04-13"}, {"y1": 21, "y0": 0, "date": "2016-04-14"}, {"y1": 21, "y0": 0, "date": "2016-04-15"}, {"y1": 21, "y0": 0, "date": "2016-04-16"}, {"y1": 21, "y0": 0, "date": "2016-04-17"}, {"y1": 21, "y0": 0, "date": "2016-04-18"}, {"y1": 21, "y0": 0, "date": "2016-04-19"}, {"y1": 21, "y0": 0, "date": "2016-04-20"}, {"y1": 21, "y0": 0, "date": "2016-04-21"}, {"y1": 21, "y0": 0, "date": "2016-04-22"}, {"y1": 21, "y0": 0, "date": "2016-04-23"}, {"y1": 21, "y0": 0, "date": "2016-04-24"}, {"y1": 21, "y0": 0, "date": "2016-04-25"}, {"y1": 21, "y0": 0, "date": "2016-04-26"}, {"y1": 21, "y0": 0, "date": "2016-04-27"}, {"y1": 21, "y0": 0, "date": "2016-04-28"}, {"y1": 21, "y0": 0, "date": "2016-04-29"}, {"y1": 21, "y0": 0, "date": "2016-04-30"}, {"y1": 53, "y0": 0, "date": "2016-05-01"}, {"y1": 53, "y0": 0, "date": "2016-05-02"}, {"y1": 53, "y0": 0, "date": "2016-05-03"}, {"y1": 53, "y0": 0, "date": "2016-05-04"}, {"y1": 53, "y0": 0, "date": "2016-05-05"}, {"y1": 53, "y0": 0, "date": "2016-05-06"}, {"y1": 53, "y0": 0, "date": "2016-05-07"}, {"y1": 53, "y0": 0, "date": "2016-05-08"}, {"y1": 53, "y0": 0, "date": "2016-05-09"}, {"y1": 53, "y0": 0, "date": "2016-05-10"}, {"y1": 53, "y0": 0, "date": "2016-05-11"}, {"y1": 53, "y0": 0, "date": "2016-05-12"}, {"y1": 53, "y0": 0, "date": "2016-05-13"}, {"y1": 53, "y0": 0, "date": "2016-05-14"}, {"y1": 53, "y0": 0, "date": "2016-05-15"}, {"y1": 53, "y0": 0, "date": "2016-05-16"}, {"y1": 53, "y0": 0, "date": "2016-05-17"}, {"y1": 53, "y0": 0, "date": "2016-05-18"}, {"y1": 53, "y0": 0, "date": "2016-05-19"}, {"y1": 53, "y0": 0, "date": "2016-05-20"}, {"y1": 53, "y0": 0, "date": "2016-05-21"}, {"y1": 53, "y0": 0, "date": "2016-05-22"}, {"y1": 57, "y0": 0, "date": "2016-05-23"}, {"y1": 57, "y0": 0, "date": "2016-05-24"}, {"y1": 57, "y0": 0, "date": "2016-05-25"}, {"y1": 57, "y0": 0, "date": "2016-05-26"}, {"y1": 57, "y0": 0, "date": "2016-05-27"}, {"y1": 57, "y0": 0, "date": "2016-05-28"}, {"y1": 57, "y0": 0, "date": "2016-05-29"}, {"y1": 57, "y0": 0, "date": "2016-05-30"}, {"y1": 57, "y0": 0, "date": "2016-05-31"}, {"y1": 28, "y0": 0, "date": "2016-06-01"}, {"y1": 28, "y0": 0, "date": "2016-06-02"}, {"y1": 28, "y0": 0, "date": "2016-06-03"}, {"y1": 28, "y0": 0, "date": "2016-06-04"}, {"y1": 28, "y0": 0, "date": "2016-06-05"}, {"y1": 28, "y0": 0, "date": "2016-06-06"}, {"y1": 28, "y0": 0, "date": "2016-06-07"}, {"y1": 28, "y0": 0, "date": "2016-06-08"}, {"y1": 28, "y0": 0, "date": "2016-06-09"}, {"y1": 28, "y0": 0, "date": "2016-06-10"}, {"y1": 28, "y0": 0, "date": "2016-06-11"}, {"y1": 28, "y0": 0, "date": "2016-06-12"}, {"y1": 28, "y0": 0, "date": "2016-06-13"}, {"y1": 28, "y0": 0, "date": "2016-06-14"}, {"y1": 28, "y0": 0, "date": "2016-06-15"}, {"y1": 28, "y0": 0, "date": "2016-06-16"}, {"y1": 65, "y0": 37, "date": "2016-06-17"}, {"y1": 28, "y0": 0, "date": "2016-06-18"}, {"y1": 28, "y0": 0, "date": "2016-06-19"}, {"y1": 28, "y0": 0, "date": "2016-06-20"}, {"y1": 28, "y0": 0, "date": "2016-06-21"}, {"y1": 28, "y0": 0, "date": "2016-06-22"}, {"y1": 24, "y0": 0, "date": "2016-06-23"}, {"y1": 24, "y0": 0, "date": "2016-06-24"}, {"y1": 24, "y0": 0, "date": "2016-06-25"}, {"y1": 24, "y0": 0, "date": "2016-06-26"}, {"y1": 24, "y0": 0, "date": "2016-06-27"}, {"y1": 24, "y0": 0, "date": "2016-06-28"}, {"y1": 24, "y0": 0, "date": "2016-06-29"}, {"y1": 24, "y0": 0, "date": "2016-06-30"}]}, {"state": 1, "data": [{"y1": 4, "y0": 0, "date": "2014-01-01"}, {"y1": 4, "y0": 1, "date": "2015-04-01"}, {"y1": 14, "y0": 12, "date": "2016-01-01"}, {"y1": 18, "y0": 17, "date": "2016-01-03"}, {"y1": 26, "y0": 17, "date": "2016-01-04"}, {"y1": 45, "y0": 43, "date": "2016-02-01"}, {"y1": 22, "y0": 21, "date": "2016-04-15"}, {"y1": 61, "y0": 53, "date": "2016-05-01"}]}, {"state": 0, "data": []}], "filesize": [{"state": 180, "data": []}, {"state": 90, "data": [{"y1": 1.0, "y0": 0, "date": "2016-06-17"}, {"y1": 82.0, "y0": 0, "date": "2016-08-16"}]}, {"state": 30, "data": [{"y1": 41.0, "y0": 0, "date": "2014-12-31"}, {"y1": 41.0, "y0": 0, "date": "2015-01-01"}, {"y1": 41.0, "y0": 0, "date": "2015-01-02"}, {"y1": 41.0, "y0": 0, "date": "2015-01-03"}, {"y1": 82.0, "y0": 0, "date": "2015-01-04"}, {"y1": 82.0, "y0": 0, "date": "2015-01-05"}, {"y1": 82.0, "y0": 0, "date": "2015-01-06"}, {"y1": 82.0, "y0": 0, "date": "2015-01-07"}, {"y1": 82.0, "y0": 0, "date": "2015-01-08"}, {"y1": 82.0, "y0": 0, "date": "2015-01-09"}, {"y1": 82.0, "y0": 0, "date": "2015-01-10"}, {"y1": 82.0, "y0": 0, "date": "2015-01-11"}, {"y1": 82.0, "y0": 0, "date": "2015-01-12"}, {"y1": 82.0, "y0": 0, "date": "2015-01-13"}, {"y1": 82.0, "y0": 0, "date": "2015-01-14"}, {"y1": 82.0, "y0": 0, "date": "2015-01-15"}, {"y1": 82.0, "y0": 0, "date": "2015-01-16"}, {"y1": 82.0, "y0": 0, "date": "2015-01-17"}, {"y1": 82.0, "y0": 0, "date": "2015-01-18"}, {"y1": 82.0, "y0": 0, "date": "2015-01-19"}, {"y1": 82.0, "y0": 0, "date": "2015-01-20"}, {"y1": 82.0, "y0": 0, "date": "2015-01-21"}, {"y1": 82.0, "y0": 0, "date": "2015-01-22"}, {"y1": 82.0, "y0": 0, "date": "2015-01-23"}, {"y1": 82.0, "y0": 0, "date": "2015-01-24"}, {"y1": 82.0, "y0": 0, "date": "2015-01-25"}, {"y1": 82.0, "y0": 0, "date": "2015-01-26"}, {"y1": 82.0, "y0": 0, "date": "2015-01-27"}, {"y1": 82.0, "y0": 0, "date": "2015-01-28"}, {"y1": 82.0, "y0": 0, "date": "2015-01-29"}, {"y1": 82.0, "y0": 0, "date": "2015-01-30"}, {"y1": 41.0, "y0": 0, "date": "2015-01-31"}, {"y1": 41.0, "y0": 0, "date": "2015-02-01"}, {"y1": 41.0, "y0": 0, "date": "2015-02-02"}, {"y1": 41.0, "y0": 0, "date": "2015-02-03"}, {"y1": 41.0, "y0": 0, "date": "2015-03-01"}, {"y1": 41.0, "y0": 0, "date": "2015-03-02"}, {"y1": 41.0, "y0": 0, "date": "2015-03-03"}, {"y1": 41.0, "y0": 0, "date": "2015-03-04"}, {"y1": 41.0, "y0": 0, "date": "2015-03-05"}, {"y1": 41.0, "y0": 0, "date": "2015-03-06"}, {"y1": 41.0, "y0": 0, "date": "2015-03-07"}, {"y1": 41.0, "y0": 0, "date": "2015-03-08"}, {"y1": 41.0, "y0": 0, "date": "2015-03-09"}, {"y1": 41.0, "y0": 0, "date": "2015-03-10"}, {"y1": 41.0, "y0": 0, "date": "2015-03-11"}, {"y1": 41.0, "y0": 0, "date": "2015-03-12"}, {"y1": 41.0, "y0": 0, "date": "2015-03-13"}, {"y1": 41.0, "y0": 0, "date": "2015-03-14"}, {"y1": 41.0, "y0": 0, "date": "2015-03-15"}, {"y1": 41.0, "y0": 0, "date": "2015-03-16"}, {"y1": 41.0, "y0": 0, "date": "2015-03-17"}, {"y1": 41.0, "y0": 0, "date": "2015-03-18"}, {"y1": 41.0, "y0": 0, "date": "2015-03-19"}, {"y1": 41.0, "y0": 0, "date": "2015-03-20"}, {"y1": 41.0, "y0": 0, "date": "2015-03-21"}, {"y1": 41.0, "y0": 0, "date": "2015-03-22"}, {"y1": 41.0, "y0": 0, "date": "2015-03-23"}, {"y1": 41.0, "y0": 0, "date": "2015-03-24"}, {"y1": 41.0, "y0": 0, "date": "2015-03-25"}, {"y1": 41.0, "y0": 0, "date": "2015-03-26"}, {"y1": 41.0, "y0": 0, "date": "2015-03-27"}, {"y1": 41.0, "y0": 0, "date": "2015-03-28"}, {"y1": 41.0, "y0": 0, "date": "2015-03-29"}, {"y1": 41.0, "y0": 0, "date": "2015-03-30"}, {"y1": 41.0, "y0": 0, "date": "2015-03-31"}, {"y1": 41.0, "y0": 0, "date": "2015-04-01"}, {"y1": 41.0, "y0": 0, "date": "2015-04-02"}, {"y1": 41.0, "y0": 0, "date": "2015-04-03"}, {"y1": 41.0, "y0": 0, "date": "2015-04-04"}, {"y1": 41.0, "y0": 0, "date": "2015-04-05"}, {"y1": 41.0, "y0": 0, "date": "2015-04-06"}, {"y1": 41.0, "y0": 0, "date": "2015-04-07"}, {"y1": 41.0, "y0": 0, "date": "2015-04-08"}, {"y1": 41.0, "y0": 0, "date": "2015-04-09"}, {"y1": 41.0, "y0": 0, "date": "2015-04-10"}, {"y1": 41.0, "y0": 0, "date": "2015-04-11"}, {"y1": 41.0, "y0": 0, "date": "2015-04-12"}, {"y1": 41.0, "y0": 0, "date": "2015-04-13"}, {"y1": 41.0, "y0": 0, "date": "2015-04-14"}, {"y1": 41.0, "y0": 0, "date": "2015-04-15"}, {"y1": 41.0, "y0": 0, "date": "2015-04-16"}, {"y1": 41.0, "y0": 0, "date": "2015-04-17"}, {"y1": 41.0, "y0": 0, "date": "2015-04-18"}, {"y1": 41.0, "y0": 0, "date": "2015-04-19"}, {"y1": 41.0, "y0": 0, "date": "2015-04-20"}, {"y1": 41.0, "y0": 0, "date": "2015-04-21"}, {"y1": 41.0, "y0": 0, "date": "2015-04-22"}, {"y1": 41.0, "y0": 0, "date": "2015-04-23"}, {"y1": 41.0, "y0": 0, "date": "2015-04-24"}, {"y1": 41.0, "y0": 0, "date": "2015-04-25"}, {"y1": 41.0, "y0": 0, "date": "2015-04-26"}, {"y1": 41.0, "y0": 0, "date": "2015-04-27"}, {"y1": 41.0, "y0": 0, "date": "2015-04-28"}, {"y1": 41.0, "y0": 0, "date": "2015-04-29"}, {"y1": 41.0, "y0": 0, "date": "2015-04-30"}, {"y1": 41.0, "y0": 0, "date": "2015-07-01"}, {"y1": 41.0, "y0": 0, "date": "2015-07-02"}, {"y1": 41.0, "y0": 0, "date": "2015-07-03"}, {"y1": 41.0, "y0": 0, "date": "2015-07-04"}, {"y1": 41.0, "y0": 0, "date": "2015-07-05"}, {"y1": 41.0, "y0": 0, "date": "2015-07-06"}, {"y1": 41.0, "y0": 0, "date": "2015-07-07"}, {"y1": 41.0, "y0": 0, "date": "2015-07-08"}, {"y1": 41.0, "y0": 0, "date": "2015-07-09"}, {"y1": 41.0, "y0": 0, "date": "2015-07-10"}, {"y1": 41.0, "y0": 0, "date": "2015-07-11"}, {"y1": 41.0, "y0": 0, "date": "2015-07-12"}, {"y1": 41.0, "y0": 0, "date": "2015-07-13"}, {"y1": 41.0, "y0": 0, "date": "2015-07-14"}, {"y1": 41.0, "y0": 0, "date": "2015-07-15"}, {"y1": 41.0, "y0": 0, "date": "2015-07-16"}, {"y1": 41.0, "y0": 0, "date": "2015-07-17"}, {"y1": 41.0, "y0": 0, "date": "2015-07-18"}, {"y1": 41.0, "y0": 0, "date": "2015-07-19"}, {"y1": 41.0, "y0": 0, "date": "2015-07-20"}, {"y1": 41.0, "y0": 0, "date": "2015-07-21"}, {"y1": 41.0, "y0": 0, "date": "2015-07-22"}, {"y1": 41.0, "y0": 0, "date": "2015-07-23"}, {"y1": 41.0, "y0": 0, "date": "2015-07-24"}, {"y1": 41.0, "y0": 0, "date": "2015-07-25"}, {"y1": 41.0, "y0": 0, "date": "2015-07-26"}, {"y1": 41.0, "y0": 0, "date": "2015-07-27"}, {"y1": 41.0, "y0": 0, "date": "2015-07-28"}, {"y1": 41.0, "y0": 0, "date": "2015-07-29"}, {"y1": 41.0, "y0": 0, "date": "2015-07-30"}, {"y1": 41.0, "y0": 0, "date": "2015-07-31"}, {"y1": 82.0, "y0": 0, "date": "2016-01-01"}, {"y1": 123.0, "y0": 0, "date": "2016-01-02"}, {"y1": 164.0, "y0": 0, "date": "2016-01-03"}, {"y1": 164.0, "y0": 0, "date": "2016-01-04"}, {"y1": 164.0, "y0": 0, "date": "2016-01-05"}, {"y1": 164.0, "y0": 0, "date": "2016-01-06"}, {"y1": 164.0, "y0": 0, "date": "2016-01-07"}, {"y1": 164.0, "y0": 0, "date": "2016-01-08"}, {"y1": 164.0, "y0": 0, "date": "2016-01-09"}, {"y1": 164.0, "y0": 0, "date": "2016-01-10"}, {"y1": 164.0, "y0": 0, "date": "2016-01-11"}, {"y1": 164.0, "y0": 0, "date": "2016-01-12"}, {"y1": 164.0, "y0": 0, "date": "2016-01-13"}, {"y1": 164.0, "y0": 0, "date": "2016-01-14"}, {"y1": 164.0, "y0": 0, "date": "2016-01-15"}, {"y1": 164.0, "y0": 0, "date": "2016-01-16"}, {"y1": 164.0, "y0": 0, "date": "2016-01-17"}, {"y1": 164.0, "y0": 0, "date": "2016-01-18"}, {"y1": 164.0, "y0": 0, "date": "2016-01-19"}, {"y1": 164.0, "y0": 0, "date": "2016-01-20"}, {"y1": 164.0, "y0": 0, "date": "2016-01-21"}, {"y1": 164.0, "y0": 0, "date": "2016-01-22"}, {"y1": 164.0, "y0": 0, "date": "2016-01-23"}, {"y1": 164.0, "y0": 0, "date": "2016-01-24"}, {"y1": 164.0, "y0": 0, "date": "2016-01-25"}, {"y1": 164.0, "y0": 0, "date": "2016-01-26"}, {"y1": 164.0, "y0": 0, "date": "2016-01-27"}, {"y1": 164.0, "y0": 0, "date": "2016-01-28"}, {"y1": 164.0, "y0": 0, "date": "2016-01-29"}, {"y1": 164.0, "y0": 0, "date": "2016-01-30"}, {"y1": 164.0, "y0": 0, "date": "2016-01-31"}, {"y1": 164.0, "y0": 0, "date": "2016-02-01"}, {"y1": 123.0, "y0": 0, "date": "2016-02-02"}, {"y1": 82.0, "y0": 0, "date": "2016-02-03"}, {"y1": 82.0, "y0": 0, "date": "2016-02-04"}, {"y1": 82.0, "y0": 0, "date": "2016-02-05"}, {"y1": 82.0, "y0": 0, "date": "2016-02-06"}, {"y1": 82.0, "y0": 0, "date": "2016-02-07"}, {"y1": 82.0, "y0": 0, "date": "2016-02-08"}, {"y1": 82.0, "y0": 0, "date": "2016-02-09"}, {"y1": 82.0, "y0": 0, "date": "2016-02-10"}, {"y1": 82.0, "y0": 0, "date": "2016-02-11"}, {"y1": 82.0, "y0": 0, "date": "2016-02-12"}, {"y1": 82.0, "y0": 0, "date": "2016-02-13"}, {"y1": 82.0, "y0": 0, "date": "2016-02-14"}, {"y1": 82.0, "y0": 0, "date": "2016-02-15"}, {"y1": 82.0, "y0": 0, "date": "2016-02-16"}, {"y1": 82.0, "y0": 0, "date": "2016-02-17"}, {"y1": 82.0, "y0": 0, "date": "2016-02-18"}, {"y1": 82.0, "y0": 0, "date": "2016-02-19"}, {"y1": 82.0, "y0": 0, "date": "2016-02-20"}, {"y1": 82.0, "y0": 0, "date": "2016-02-21"}, {"y1": 82.0, "y0": 0, "date": "2016-02-22"}, {"y1": 82.0, "y0": 0, "date": "2016-02-23"}, {"y1": 82.0, "y0": 0, "date": "2016-02-24"}, {"y1": 82.0, "y0": 0, "date": "2016-02-25"}, {"y1": 82.0, "y0": 0, "date": "2016-02-26"}, {"y1": 82.0, "y0": 0, "date": "2016-02-27"}, {"y1": 82.0, "y0": 0, "date": "2016-02-28"}, {"y1": 82.0, "y0": 0, "date": "2016-02-29"}, {"y1": 82.0, "y0": 0, "date": "2016-03-01"}, {"y1": 82.0, "y0": 0, "date": "2016-03-02"}, {"y1": 82.0, "y0": 0, "date": "2016-03-03"}, {"y1": 82.0, "y0": 0, "date": "2016-03-04"}, {"y1": 82.0, "y0": 0, "date": "2016-03-05"}, {"y1": 82.0, "y0": 0, "date": "2016-03-06"}, {"y1": 82.0, "y0": 0, "date": "2016-03-07"}, {"y1": 82.0, "y0": 0, "date": "2016-03-08"}, {"y1": 82.0, "y0": 0, "date": "2016-03-09"}, {"y1": 82.0, "y0": 0, "date": "2016-03-10"}, {"y1": 82.0, "y0": 0, "date": "2016-03-11"}, {"y1": 82.0, "y0": 0, "date": "2016-03-12"}, {"y1": 82.0, "y0": 0, "date": "2016-03-13"}, {"y1": 82.0, "y0": 0, "date": "2016-03-14"}, {"y1": 82.0, "y0": 0, "date": "2016-03-15"}, {"y1": 82.0, "y0": 0, "date": "2016-03-16"}, {"y1": 82.0, "y0": 0, "date": "2016-03-17"}, {"y1": 82.0, "y0": 0, "date": "2016-03-18"}, {"y1": 82.0, "y0": 0, "date": "2016-03-19"}, {"y1": 82.0, "y0": 0, "date": "2016-03-20"}, {"y1": 82.0, "y0": 0, "date": "2016-03-21"}, {"y1": 82.0, "y0": 0, "date": "2016-03-22"}, {"y1": 82.0, "y0": 0, "date": "2016-03-23"}, {"y1": 82.0, "y0": 0, "date": "2016-03-24"}, {"y1": 82.0, "y0": 0, "date": "2016-03-25"}, {"y1": 82.0, "y0": 0, "date": "2016-03-26"}, {"y1": 82.0, "y0": 0, "date": "2016-03-27"}, {"y1": 82.0, "y0": 0, "date": "2016-03-28"}, {"y1": 82.0, "y0": 0, "date": "2016-03-29"}, {"y1": 82.0, "y0": 0, "date": "2016-03-30"}, {"y1": 82.0, "y0": 0, "date": "2016-03-31"}, {"y1": 82.0, "y0": 0, "date": "2016-04-01"}, {"y1": 82.0, "y0": 0, "date": "2016-04-02"}, {"y1": 82.0, "y0": 0, "date": "2016-04-03"}, {"y1": 82.0, "y0": 0, "date": "2016-04-04"}, {"y1": 82.0, "y0": 0, "date": "2016-04-05"}, {"y1": 82.0, "y0": 0, "date": "2016-04-06"}, {"y1": 82.0, "y0": 0, "date": "2016-04-07"}, {"y1": 82.0, "y0": 0, "date": "2016-04-08"}, {"y1": 82.0, "y0": 0, "date": "2016-04-09"}, {"y1": 82.0, "y0": 0, "date": "2016-04-10"}, {"y1": 82.0, "y0": 0, "date": "2016-04-11"}, {"y1": 82.0, "y0": 0, "date": "2016-04-12"}, {"y1": 82.0, "y0": 0, "date": "2016-04-13"}, {"y1": 82.0, "y0": 0, "date": "2016-04-14"}, {"y1": 82.0, "y0": 0, "date": "2016-04-15"}, {"y1": 82.0, "y0": 0, "date": "2016-04-16"}, {"y1": 82.0, "y0": 0, "date": "2016-04-17"}, {"y1": 82.0, "y0": 0, "date": "2016-04-18"}, {"y1": 82.0, "y0": 0, "date": "2016-04-19"}, {"y1": 82.0, "y0": 0, "date": "2016-04-20"}, {"y1": 82.0, "y0": 0, "date": "2016-04-21"}, {"y1": 82.0, "y0": 0, "date": "2016-04-22"}, {"y1": 82.0, "y0": 0, "date": "2016-04-23"}, {"y1": 82.0, "y0": 0, "date": "2016-04-24"}, {"y1": 82.0, "y0": 0, "date": "2016-04-25"}, {"y1": 82.0, "y0": 0, "date": "2016-04-26"}, {"y1": 82.0, "y0": 0, "date": "2016-04-27"}, {"y1": 82.0, "y0": 0, "date": "2016-04-28"}, {"y1": 82.0, "y0": 0, "date": "2016-04-29"}, {"y1": 82.0, "y0": 0, "date": "2016-04-30"}, {"y1": 123.0, "y0": 0, "date": "2016-05-01"}, {"y1": 123.0, "y0": 0, "date": "2016-05-02"}, {"y1": 123.0, "y0": 0, "date": "2016-05-03"}, {"y1": 123.0, "y0": 0, "date": "2016-05-04"}, {"y1": 123.0, "y0": 0, "date": "2016-05-05"}, {"y1": 123.0, "y0": 0, "date": "2016-05-06"}, {"y1": 123.0, "y0": 0, "date": "2016-05-07"}, {"y1": 123.0, "y0": 0, "date": "2016-05-08"}, {"y1": 123.0, "y0": 0, "date": "2016-05-09"}, {"y1": 123.0, "y0": 0, "date": "2016-05-10"}, {"y1": 123.0, "y0": 0, "date": "2016-05-11"}, {"y1": 123.0, "y0": 0, "date": "2016-05-12"}, {"y1": 123.0, "y0": 0, "date": "2016-05-13"}, {"y1": 123.0, "y0": 0, "date": "2016-05-14"}, {"y1": 123.0, "y0": 0, "date": "2016-05-15"}, {"y1": 123.0, "y0": 0, "date": "2016-05-16"}, {"y1": 123.0, "y0": 0, "date": "2016-05-17"}, {"y1": 123.0, "y0": 0, "date": "2016-05-18"}, {"y1": 123.0, "y0": 0, "date": "2016-05-19"}, {"y1": 123.0, "y0": 0, "date": "2016-05-20"}, {"y1": 123.0, "y0": 0, "date": "2016-05-21"}, {"y1": 123.0, "y0": 0, "date": "2016-05-22"}, {"y1": 164.0, "y0": 0, "date": "2016-05-23"}, {"y1": 164.0, "y0": 0, "date": "2016-05-24"}, {"y1": 164.0, "y0": 0, "date": "2016-05-25"}, {"y1": 164.0, "y0": 0, "date": "2016-05-26"}, {"y1": 164.0, "y0": 0, "date": "2016-05-27"}, {"y1": 164.0, "y0": 0, "date": "2016-05-28"}, {"y1": 164.0, "y0": 0, "date": "2016-05-29"}, {"y1": 164.0, "y0": 0, "date": "2016-05-30"}, {"y1": 164.0, "y0": 0, "date": "2016-05-31"}, {"y1": 123.0, "y0": 0, "date": "2016-06-01"}, {"y1": 123.0, "y0": 0, "date": "2016-06-02"}, {"y1": 123.0, "y0": 0, "date": "2016-06-03"}, {"y1": 123.0, "y0": 0, "date": "2016-06-04"}, {"y1": 123.0, "y0": 0, "date": "2016-06-05"}, {"y1": 123.0, "y0": 0, "date": "2016-06-06"}, {"y1": 123.0, "y0": 0, "date": "2016-06-07"}, {"y1": 123.0, "y0": 0, "date": "2016-06-08"}, {"y1": 123.0, "y0": 0, "date": "2016-06-09"}, {"y1": 123.0, "y0": 0, "date": "2016-06-10"}, {"y1": 123.0, "y0": 0, "date": "2016-06-11"}, {"y1": 123.0, "y0": 0, "date": "2016-06-12"}, {"y1": 123.0, "y0": 0, "date": "2016-06-13"}, {"y1": 123.0, "y0": 0, "date": "2016-06-14"}, {"y1": 123.0, "y0": 0, "date": "2016-06-15"}, {"y1": 123.0, "y0": 0, "date": "2016-06-16"}, {"y1": 124.0, "y0": 1.0, "date": "2016-06-17"}, {"y1": 123.0, "y0": 0, "date": "2016-06-18"}, {"y1": 123.0, "y0": 0, "date": "2016-06-19"}, {"y1": 123.0, "y0": 0, "date": "2016-06-20"}, {"y1": 123.0, "y0": 0, "date": "2016-06-21"}, {"y1": 123.0, "y0": 0, "date": "2016-06-22"}, {"y1": 82.0, "y0": 0, "date": "2016-06-23"}, {"y1": 82.0, "y0": 0, "date": "2016-06-24"}, {"y1": 82.0, "y0": 0, "date": "2016-06-25"}, {"y1": 82.0, "y0": 0, "date": "2016-06-26"}, {"y1": 82.0, "y0": 0, "date": "2016-06-27"}, {"y1": 82.0, "y0": 0, "date": "2016-06-28"}, {"y1": 82.0, "y0": 0, "date": "2016-06-29"}, {"y1": 82.0, "y0": 0, "date": "2016-06-30"}]}, {"state": 1, "data": [{"y1": 41.0, "y0": 0, "date": "2014-01-01"}, {"y1": 82.0, "y0": 41.0, "date": "2015-04-01"}, {"y1": 123.0, "y0": 82.0, "date": "2016-01-01"}, {"y1": 205.0, "y0": 164.0, "date": "2016-01-03"}, {"y1": 205.0, "y0": 164.0, "date": "2016-01-04"}, {"y1": 205.0, "y0": 164.0, "date": "2016-02-01"}, {"y1": 123.0, "y0": 82.0, "date": "2016-04-15"}, {"y1": 164.0, "y0": 123.0, "date": "2016-05-01"}]}, {"state": 0, "data": []}], "dataset": [{"state": 180, "data": []}, {"state": 90, "data": [{"y1": 1, "y0": 0, "date": "2016-06-17"}, {"y1": 2, "y0": 0, "date": "2016-08-16"}]}, {"state": 30, "data": [{"y1": 1, "y0": 0, "date": "2014-12-31"}, {"y1": 1, "y0": 0, "date": "2015-01-01"}, {"y1": 1, "y0": 0, "date": "2015-01-02"}, {"y1": 1, "y0": 0, "date": "2015-01-03"}, {"y1": 2, "y0": 0, "date": "2015-01-04"}, {"y1": 2, "y0": 0, "date": "2015-01-05"}, {"y1": 2, "y0": 0, "date": "2015-01-06"}, {"y1": 2, "y0": 0, "date": "2015-01-07"}, {"y1": 2, "y0": 0, "date": "2015-01-08"}, {"y1": 2, "y0": 0, "date": "2015-01-09"}, {"y1": 2, "y0": 0, "date": "2015-01-10"}, {"y1": 2, "y0": 0, "date": "2015-01-11"}, {"y1": 2, "y0": 0, "date": "2015-01-12"}, {"y1": 2, "y0": 0, "date": "2015-01-13"}, {"y1": 2, "y0": 0, "date": "2015-01-14"}, {"y1": 2, "y0": 0, "date": "2015-01-15"}, {"y1": 2, "y0": 0, "date": "2015-01-16"}, {"y1": 2, "y0": 0, "date": "2015-01-17"}, {"y1": 2, "y0": 0, "date": "2015-01-18"}, {"y1": 2, "y0": 0, "date": "2015-01-19"}, {"y1": 2, "y0": 0, "date": "2015-01-20"}, {"y1": 2, "y0": 0, "date": "2015-01-21"}, {"y1": 2, "y0": 0, "date": "2015-01-22"}, {"y1": 2, "y0": 0, "date": "2015-01-23"}, {"y1": 2, "y0": 0, "date": "2015-01-24"}, {"y1": 2, "y0": 0, "date": "2015-01-25"}, {"y1": 2, "y0": 0, "date": "2015-01-26"}, {"y1": 2, "y0": 0, "date": "2015-01-27"}, {"y1": 2, "y0": 0, "date": "2015-01-28"}, {"y1": 2, "y0": 0, "date": "2015-01-29"}, {"y1": 2, "y0": 0, "date": "2015-01-30"}, {"y1": 1, "y0": 0, "date": "2015-01-31"}, {"y1": 1, "y0": 0, "date": "2015-02-01"}, {"y1": 1, "y0": 0, "date": "2015-02-02"}, {"y1": 1, "y0": 0, "date": "2015-02-03"}, {"y1": 1, "y0": 0, "date": "2015-03-01"}, {"y1": 1, "y0": 0, "date": "2015-03-02"}, {"y1": 1, "y0": 0, "date": "2015-03-03"}, {"y1": 1, "y0": 0, "date": "2015-03-04"}, {"y1": 1, "y0": 0, "date": "2015-03-05"}, {"y1": 1, "y0": 0, "date": "2015-03-06"}, {"y1": 1, "y0": 0, "date": "2015-03-07"}, {"y1": 1, "y0": 0, "date": "2015-03-08"}, {"y1": 1, "y0": 0, "date": "2015-03-09"}, {"y1": 1, "y0": 0, "date": "2015-03-10"}, {"y1": 1, "y0": 0, "date": "2015-03-11"}, {"y1": 1, "y0": 0, "date": "2015-03-12"}, {"y1": 1, "y0": 0, "date": "2015-03-13"}, {"y1": 1, "y0": 0, "date": "2015-03-14"}, {"y1": 1, "y0": 0, "date": "2015-03-15"}, {"y1": 1, "y0": 0, "date": "2015-03-16"}, {"y1": 1, "y0": 0, "date": "2015-03-17"}, {"y1": 1, "y0": 0, "date": "2015-03-18"}, {"y1": 1, "y0": 0, "date": "2015-03-19"}, {"y1": 1, "y0": 0, "date": "2015-03-20"}, {"y1": 1, "y0": 0, "date": "2015-03-21"}, {"y1": 1, "y0": 0, "date": "2015-03-22"}, {"y1": 1, "y0": 0, "date": "2015-03-23"}, {"y1": 1, "y0": 0, "date": "2015-03-24"}, {"y1": 1, "y0": 0, "date": "2015-03-25"}, {"y1": 1, "y0": 0, "date": "2015-03-26"}, {"y1": 1, "y0": 0, "date": "2015-03-27"}, {"y1": 1, "y0": 0, "date": "2015-03-28"}, {"y1": 1, "y0": 0, "date": "2015-03-29"}, {"y1": 1, "y0": 0, "date": "2015-03-30"}, {"y1": 1, "y0": 0, "date": "2015-03-31"}, {"y1": 1, "y0": 0, "date": "2015-04-01"}, {"y1": 1, "y0": 0, "date": "2015-04-02"}, {"y1": 1, "y0": 0, "date": "2015-04-03"}, {"y1": 1, "y0": 0, "date": "2015-04-04"}, {"y1": 1, "y0": 0, "date": "2015-04-05"}, {"y1": 1, "y0": 0, "date": "2015-04-06"}, {"y1": 1, "y0": 0, "date": "2015-04-07"}, {"y1": 1, "y0": 0, "date": "2015-04-08"}, {"y1": 1, "y0": 0, "date": "2015-04-09"}, {"y1": 1, "y0": 0, "date": "2015-04-10"}, {"y1": 1, "y0": 0, "date": "2015-04-11"}, {"y1": 1, "y0": 0, "date": "2015-04-12"}, {"y1": 1, "y0": 0, "date": "2015-04-13"}, {"y1": 1, "y0": 0, "date": "2015-04-14"}, {"y1": 1, "y0": 0, "date": "2015-04-15"}, {"y1": 1, "y0": 0, "date": "2015-04-16"}, {"y1": 1, "y0": 0, "date": "2015-04-17"}, {"y1": 1, "y0": 0, "date": "2015-04-18"}, {"y1": 1, "y0": 0, "date": "2015-04-19"}, {"y1": 1, "y0": 0, "date": "2015-04-20"}, {"y1": 1, "y0": 0, "date": "2015-04-21"}, {"y1": 1, "y0": 0, "date": "2015-04-22"}, {"y1": 1, "y0": 0, "date": "2015-04-23"}, {"y1": 1, "y0": 0, "date": "2015-04-24"}, {"y1": 1, "y0": 0, "date": "2015-04-25"}, {"y1": 1, "y0": 0, "date": "2015-04-26"}, {"y1": 1, "y0": 0, "date": "2015-04-27"}, {"y1": 1, "y0": 0, "date": "2015-04-28"}, {"y1": 1, "y0": 0, "date": "2015-04-29"}, {"y1": 1, "y0": 0, "date": "2015-04-30"}, {"y1": 1, "y0": 0, "date": "2015-07-01"}, {"y1": 1, "y0": 0, "date": "2015-07-02"}, {"y1": 1, "y0": 0, "date": "2015-07-03"}, {"y1": 1, "y0": 0, "date": "2015-07-04"}, {"y1": 1, "y0": 0, "date": "2015-07-05"}, {"y1": 1, "y0": 0, "date": "2015-07-06"}, {"y1": 1, "y0": 0, "date": "2015-07-07"}, {"y1": 1, "y0": 0, "date": "2015-07-08"}, {"y1": 1, "y0": 0, "date": "2015-07-09"}, {"y1": 1, "y0": 0, "date": "2015-07-10"}, {"y1": 1, "y0": 0, "date": "2015-07-11"}, {"y1": 1, "y0": 0, "date": "2015-07-12"}, {"y1": 1, "y0": 0, "date": "2015-07-13"}, {"y1": 1, "y0": 0, "date": "2015-07-14"}, {"y1": 1, "y0": 0, "date": "2015-07-15"}, {"y1": 1, "y0": 0, "date": "2015-07-16"}, {"y1": 1, "y0": 0, "date": "2015-07-17"}, {"y1": 1, "y0": 0, "date": "2015-07-18"}, {"y1": 1, "y0": 0, "date": "2015-07-19"}, {"y1": 1, "y0": 0, "date": "2015-07-20"}, {"y1": 1, "y0": 0, "date": "2015-07-21"}, {"y1": 1, "y0": 0, "date": "2015-07-22"}, {"y1": 1, "y0": 0, "date": "2015-07-23"}, {"y1": 1, "y0": 0, "date": "2015-07-24"}, {"y1": 1, "y0": 0, "date": "2015-07-25"}, {"y1": 1, "y0": 0, "date": "2015-07-26"}, {"y1": 1, "y0": 0, "date": "2015-07-27"}, {"y1": 1, "y0": 0, "date": "2015-07-28"}, {"y1": 1, "y0": 0, "date": "2015-07-29"}, {"y1": 1, "y0": 0, "date": "2015-07-30"}, {"y1": 1, "y0": 0, "date": "2015-07-31"}, {"y1": 2, "y0": 0, "date": "2016-01-01"}, {"y1": 3, "y0": 0, "date": "2016-01-02"}, {"y1": 4, "y0": 0, "date": "2016-01-03"}, {"y1": 4, "y0": 0, "date": "2016-01-04"}, {"y1": 4, "y0": 0, "date": "2016-01-05"}, {"y1": 4, "y0": 0, "date": "2016-01-06"}, {"y1": 4, "y0": 0, "date": "2016-01-07"}, {"y1": 4, "y0": 0, "date": "2016-01-08"}, {"y1": 4, "y0": 0, "date": "2016-01-09"}, {"y1": 4, "y0": 0, "date": "2016-01-10"}, {"y1": 4, "y0": 0, "date": "2016-01-11"}, {"y1": 4, "y0": 0, "date": "2016-01-12"}, {"y1": 4, "y0": 0, "date": "2016-01-13"}, {"y1": 4, "y0": 0, "date": "2016-01-14"}, {"y1": 4, "y0": 0, "date": "2016-01-15"}, {"y1": 4, "y0": 0, "date": "2016-01-16"}, {"y1": 4, "y0": 0, "date": "2016-01-17"}, {"y1": 4, "y0": 0, "date": "2016-01-18"}, {"y1": 4, "y0": 0, "date": "2016-01-19"}, {"y1": 4, "y0": 0, "date": "2016-01-20"}, {"y1": 4, "y0": 0, "date": "2016-01-21"}, {"y1": 4, "y0": 0, "date": "2016-01-22"}, {"y1": 4, "y0": 0, "date": "2016-01-23"}, {"y1": 4, "y0": 0, "date": "2016-01-24"}, {"y1": 4, "y0": 0, "date": "2016-01-25"}, {"y1": 4, "y0": 0, "date": "2016-01-26"}, {"y1": 4, "y0": 0, "date": "2016-01-27"}, {"y1": 4, "y0": 0, "date": "2016-01-28"}, {"y1": 4, "y0": 0, "date": "2016-01-29"}, {"y1": 4, "y0": 0, "date": "2016-01-30"}, {"y1": 4, "y0": 0, "date": "2016-01-31"}, {"y1": 4, "y0": 0, "date": "2016-02-01"}, {"y1": 3, "y0": 0, "date": "2016-02-02"}, {"y1": 2, "y0": 0, "date": "2016-02-03"}, {"y1": 2, "y0": 0, "date": "2016-02-04"}, {"y1": 2, "y0": 0, "date": "2016-02-05"}, {"y1": 2, "y0": 0, "date": "2016-02-06"}, {"y1": 2, "y0": 0, "date": "2016-02-07"}, {"y1": 2, "y0": 0, "date": "2016-02-08"}, {"y1": 2, "y0": 0, "date": "2016-02-09"}, {"y1": 2, "y0": 0, "date": "2016-02-10"}, {"y1": 2, "y0": 0, "date": "2016-02-11"}, {"y1": 2, "y0": 0, "date": "2016-02-12"}, {"y1": 2, "y0": 0, "date": "2016-02-13"}, {"y1": 2, "y0": 0, "date": "2016-02-14"}, {"y1": 2, "y0": 0, "date": "2016-02-15"}, {"y1": 2, "y0": 0, "date": "2016-02-16"}, {"y1": 2, "y0": 0, "date": "2016-02-17"}, {"y1": 2, "y0": 0, "date": "2016-02-18"}, {"y1": 2, "y0": 0, "date": "2016-02-19"}, {"y1": 2, "y0": 0, "date": "2016-02-20"}, {"y1": 2, "y0": 0, "date": "2016-02-21"}, {"y1": 2, "y0": 0, "date": "2016-02-22"}, {"y1": 2, "y0": 0, "date": "2016-02-23"}, {"y1": 2, "y0": 0, "date": "2016-02-24"}, {"y1": 2, "y0": 0, "date": "2016-02-25"}, {"y1": 2, "y0": 0, "date": "2016-02-26"}, {"y1": 2, "y0": 0, "date": "2016-02-27"}, {"y1": 2, "y0": 0, "date": "2016-02-28"}, {"y1": 2, "y0": 0, "date": "2016-02-29"}, {"y1": 2, "y0": 0, "date": "2016-03-01"}, {"y1": 2, "y0": 0, "date": "2016-03-02"}, {"y1": 2, "y0": 0, "date": "2016-03-03"}, {"y1": 2, "y0": 0, "date": "2016-03-04"}, {"y1": 2, "y0": 0, "date": "2016-03-05"}, {"y1": 2, "y0": 0, "date": "2016-03-06"}, {"y1": 2, "y0": 0, "date": "2016-03-07"}, {"y1": 2, "y0": 0, "date": "2016-03-08"}, {"y1": 2, "y0": 0, "date": "2016-03-09"}, {"y1": 2, "y0": 0, "date": "2016-03-10"}, {"y1": 2, "y0": 0, "date": "2016-03-11"}, {"y1": 2, "y0": 0, "date": "2016-03-12"}, {"y1": 2, "y0": 0, "date": "2016-03-13"}, {"y1": 2, "y0": 0, "date": "2016-03-14"}, {"y1": 2, "y0": 0, "date": "2016-03-15"}, {"y1": 2, "y0": 0, "date": "2016-03-16"}, {"y1": 2, "y0": 0, "date": "2016-03-17"}, {"y1": 2, "y0": 0, "date": "2016-03-18"}, {"y1": 2, "y0": 0, "date": "2016-03-19"}, {"y1": 2, "y0": 0, "date": "2016-03-20"}, {"y1": 2, "y0": 0, "date": "2016-03-21"}, {"y1": 2, "y0": 0, "date": "2016-03-22"}, {"y1": 2, "y0": 0, "date": "2016-03-23"}, {"y1": 2, "y0": 0, "date": "2016-03-24"}, {"y1": 2, "y0": 0, "date": "2016-03-25"}, {"y1": 2, "y0": 0, "date": "2016-03-26"}, {"y1": 2, "y0": 0, "date": "2016-03-27"}, {"y1": 2, "y0": 0, "date": "2016-03-28"}, {"y1": 2, "y0": 0, "date": "2016-03-29"}, {"y1": 2, "y0": 0, "date": "2016-03-30"}, {"y1": 2, "y0": 0, "date": "2016-03-31"}, {"y1": 2, "y0": 0, "date": "2016-04-01"}, {"y1": 2, "y0": 0, "date": "2016-04-02"}, {"y1": 2, "y0": 0, "date": "2016-04-03"}, {"y1": 2, "y0": 0, "date": "2016-04-04"}, {"y1": 2, "y0": 0, "date": "2016-04-05"}, {"y1": 2, "y0": 0, "date": "2016-04-06"}, {"y1": 2, "y0": 0, "date": "2016-04-07"}, {"y1": 2, "y0": 0, "date": "2016-04-08"}, {"y1": 2, "y0": 0, "date": "2016-04-09"}, {"y1": 2, "y0": 0, "date": "2016-04-10"}, {"y1": 2, "y0": 0, "date": "2016-04-11"}, {"y1": 2, "y0": 0, "date": "2016-04-12"}, {"y1": 2, "y0": 0, "date": "2016-04-13"}, {"y1": 2, "y0": 0, "date": "2016-04-14"}, {"y1": 2, "y0": 0, "date": "2016-04-15"}, {"y1": 2, "y0": 0, "date": "2016-04-16"}, {"y1": 2, "y0": 0, "date": "2016-04-17"}, {"y1": 2, "y0": 0, "date": "2016-04-18"}, {"y1": 2, "y0": 0, "date": "2016-04-19"}, {"y1": 2, "y0": 0, "date": "2016-04-20"}, {"y1": 2, "y0": 0, "date": "2016-04-21"}, {"y1": 2, "y0": 0, "date": "2016-04-22"}, {"y1": 2, "y0": 0, "date": "2016-04-23"}, {"y1": 2, "y0": 0, "date": "2016-04-24"}, {"y1": 2, "y0": 0, "date": "2016-04-25"}, {"y1": 2, "y0": 0, "date": "2016-04-26"}, {"y1": 2, "y0": 0, "date": "2016-04-27"}, {"y1": 2, "y0": 0, "date": "2016-04-28"}, {"y1": 2, "y0": 0, "date": "2016-04-29"}, {"y1": 2, "y0": 0, "date": "2016-04-30"}, {"y1": 3, "y0": 0, "date": "2016-05-01"}, {"y1": 3, "y0": 0, "date": "2016-05-02"}, {"y1": 3, "y0": 0, "date": "2016-05-03"}, {"y1": 3, "y0": 0, "date": "2016-05-04"}, {"y1": 3, "y0": 0, "date": "2016-05-05"}, {"y1": 3, "y0": 0, "date": "2016-05-06"}, {"y1": 3, "y0": 0, "date": "2016-05-07"}, {"y1": 3, "y0": 0, "date": "2016-05-08"}, {"y1": 3, "y0": 0, "date": "2016-05-09"}, {"y1": 3, "y0": 0, "date": "2016-05-10"}, {"y1": 3, "y0": 0, "date": "2016-05-11"}, {"y1": 3, "y0": 0, "date": "2016-05-12"}, {"y1": 3, "y0": 0, "date": "2016-05-13"}, {"y1": 3, "y0": 0, "date": "2016-05-14"}, {"y1": 3, "y0": 0, "date": "2016-05-15"}, {"y1": 3, "y0": 0, "date": "2016-05-16"}, {"y1": 3, "y0": 0, "date": "2016-05-17"}, {"y1": 3, "y0": 0, "date": "2016-05-18"}, {"y1": 3, "y0": 0, "date": "2016-05-19"}, {"y1": 3, "y0": 0, "date": "2016-05-20"}, {"y1": 3, "y0": 0, "date": "2016-05-21"}, {"y1": 3, "y0": 0, "date": "2016-05-22"}, {"y1": 4, "y0": 0, "date": "2016-05-23"}, {"y1": 4, "y0": 0, "date": "2016-05-24"}, {"y1": 4, "y0": 0, "date": "2016-05-25"}, {"y1": 4, "y0": 0, "date": "2016-05-26"}, {"y1": 4, "y0": 0, "date": "2016-05-27"}, {"y1": 4, "y0": 0, "date": "2016-05-28"}, {"y1": 4, "y0": 0, "date": "2016-05-29"}, {"y1": 4, "y0": 0, "date": "2016-05-30"}, {"y1": 4, "y0": 0, "date": "2016-05-31"}, {"y1": 3, "y0": 0, "date": "2016-06-01"}, {"y1": 3, "y0": 0, "date": "2016-06-02"}, {"y1": 3, "y0": 0, "date": "2016-06-03"}, {"y1": 3, "y0": 0, "date": "2016-06-04"}, {"y1": 3, "y0": 0, "date": "2016-06-05"}, {"y1": 3, "y0": 0, "date": "2016-06-06"}, {"y1": 3, "y0": 0, "date": "2016-06-07"}, {"y1": 3, "y0": 0, "date": "2016-06-08"}, {"y1": 3, "y0": 0, "date": "2016-06-09"}, {"y1": 3, "y0": 0, "date": "2016-06-10"}, {"y1": 3, "y0": 0, "date": "2016-06-11"}, {"y1": 3, "y0": 0, "date": "2016-06-12"}, {"y1": 3, "y0": 0, "date": "2016-06-13"}, {"y1": 3, "y0": 0, "date": "2016-06-14"}, {"y1": 3, "y0": 0, "date": "2016-06-15"}, {"y1": 3, "y0": 0, "date": "2016-06-16"}, {"y1": 4, "y0": 1, "date": "2016-06-17"}, {"y1": 3, "y0": 0, "date": "2016-06-18"}, {"y1": 3, "y0": 0, "date": "2016-06-19"}, {"y1": 3, "y0": 0, "date": "2016-06-20"}, {"y1": 3, "y0": 0, "date": "2016-06-21"}, {"y1": 3, "y0": 0, "date": "2016-06-22"}, {"y1": 2, "y0": 0, "date": "2016-06-23"}, {"y1": 2, "y0": 0, "date": "2016-06-24"}, {"y1": 2, "y0": 0, "date": "2016-06-25"}, {"y1": 2, "y0": 0, "date": "2016-06-26"}, {"y1": 2, "y0": 0, "date": "2016-06-27"}, {"y1": 2, "y0": 0, "date": "2016-06-28"}, {"y1": 2, "y0": 0, "date": "2016-06-29"}, {"y1": 2, "y0": 0, "date": "2016-06-30"}]}, {"state": 1, "data": [{"y1": 1, "y0": 0, "date": "2014-01-01"}, {"y1": 2, "y0": 1, "date": "2015-04-01"}, {"y1": 3, "y0": 2, "date": "2016-01-01"}, {"y1": 5, "y0": 4, "date": "2016-01-03"}, {"y1": 5, "y0": 4, "date": "2016-01-04"}, {"y1": 5, "y0": 4, "date": "2016-02-01"}, {"y1": 3, "y0": 2, "date": "2016-04-15"}, {"y1": 4, "y0": 3, "date": "2016-05-01"}]}, {"state": 0, "data": []}]}}