{"startDate": "2015-09-30", "endDate": "2016-12-17", "data": {"rows": [{"state": 180, "data": []}, {"state": 90, "data": []}, {"state": 30, "data": []}, {"state": 1, "data": [{"y1": 4, "y0": 0, "date": "2015-10-01"}, {"y1": 2, "y0": 0, "date": "2015-10-03"}, {"y1": 6, "y0": 0, "date": "2015-10-04"}, {"y1": 2, "y0": 0, "date": "2015-10-05"}, {"y1": 2, "y0": 0, "date": "2015-10-06"}, {"y1": 4, "y0": 0, "date": "2015-10-07"}, {"y1": 2, "y0": 0, "date": "2015-10-08"}, {"y1": 2, "y0": 0, "date": "2015-10-09"}, {"y1": 8, "y0": 0, "date": "2015-10-10"}, {"y1": 10, "y0": 0, "date": "2015-10-11"}, {"y1": 2, "y0": 0, "date": "2015-10-12"}, {"y1": 2, "y0": 0, "date": "2015-10-13"}, {"y1": 6, "y0": 0, "date": "2015-10-14"}, {"y1": 6, "y0": 0, "date": "2015-10-15"}, {"y1": 8, "y0": 0, "date": "2015-10-16"}, {"y1": 2, "y0": 0, "date": "2015-10-17"}, {"y1": 6, "y0": 0, "date": "2015-10-18"}, {"y1": 6, "y0": 0, "date": "2015-10-19"}, {"y1": 2, "y0": 0, "date": "2015-10-20"}, {"y1": 6, "y0": 0, "date": "2015-10-21"}, {"y1": 14, "y0": 0, "date": "2015-10-23"}, {"y1": 2, "y0": 0, "date": "2015-10-24"}, {"y1": 4, "y0": 0, "date": "2015-10-25"}, {"y1": 4, "y0": 0, "date": "2015-10-27"}, {"y1": 2, "y0": 0, "date": "2015-10-28"}, {"y1": 6, "y0": 0, "date": "2015-10-29"}, {"y1": 2, "y0": 0, "date": "2015-10-30"}, {"y1": 2, "y0": 0, "date": "2015-10-31"}, {"y1": 6, "y0": 0, "date": "2015-11-01"}, {"y1": 8, "y0": 0, "date": "2015-11-02"}, {"y1": 12, "y0": 0, "date": "2015-11-04"}, {"y1": 8, "y0": 0, "date": "2015-11-05"}, {"y1": 6, "y0": 0, "date": "2015-11-06"}, {"y1": 2, "y0": 0, "date": "2015-11-07"}, {"y1": 10, "y0": 0, "date": "2015-11-08"}, {"y1": 8, "y0": 0, "date": "2015-11-09"}, {"y1": 10, "y0": 0, "date": "2015-11-10"}, {"y1": 14, "y0": 0, "date": "2015-11-11"}, {"y1": 14, "y0": 0, "date": "2015-11-12"}, {"y1": 10, "y0": 0, "date": "2015-11-13"}, {"y1": 14, "y0": 0, "date": "2015-11-14"}, {"y1": 4, "y0": 0, "date": "2015-11-15"}, {"y1": 6, "y0": 0, "date": "2015-11-16"}, {"y1": 12, "y0": 0, "date": "2015-11-17"}, {"y1": 18, "y0": 0, "date": "2015-11-18"}, {"y1": 10, "y0": 0, "date": "2015-11-19"}, {"y1": 8, "y0": 0, "date": "2015-11-20"}, {"y1": 6, "y0": 0, "date": "2015-11-21"}, {"y1": 14, "y0": 0, "date": "2015-11-22"}, {"y1": 4, "y0": 0, "date": "2015-11-23"}, {"y1": 14, "y0": 0, "date": "2015-11-26"}, {"y1": 32, "y0": 0, "date": "2015-11-27"}, {"y1": 12, "y0": 0, "date": "2015-11-28"}, {"y1": 10, "y0": 0, "date": "2015-11-29"}, {"y1": 10, "y0": 0, "date": "2015-11-30"}, {"y1": 16, "y0": 0, "date": "2015-12-01"}, {"y1": 4, "y0": 0, "date": "2015-12-02"}, {"y1": 16, "y0": 0, "date": "2015-12-03"}, {"y1": 6, "y0": 0, "date": "2015-12-04"}, {"y1": 6, "y0": 0, "date": "2015-12-05"}, {"y1": 4, "y0": 0, "date": "2015-12-06"}, {"y1": 10, "y0": 0, "date": "2015-12-08"}, {"y1": 4, "y0": 0, "date": "2015-12-09"}, {"y1": 2, "y0": 0, "date": "2015-12-10"}, {"y1": 2, "y0": 0, "date": "2015-12-11"}, {"y1": 4, "y0": 0, "date": "2015-12-12"}, {"y1": 10, "y0": 0, "date": "2015-12-13"}, {"y1": 18, "y0": 0, "date": "2015-12-14"}, {"y1": 4, "y0": 0, "date": "2015-12-15"}, {"y1": 2, "y0": 0, "date": "2015-12-16"}, {"y1": 2, "y0": 0, "date": "2015-12-18"}, {"y1": 2, "y0": 0, "date": "2015-12-19"}, {"y1": 4, "y0": 0, "date": "2015-12-20"}, {"y1": 4, "y0": 0, "date": "2015-12-21"}, {"y1": 2, "y0": 0, "date": "2015-12-23"}, {"y1": 1, "y0": 0, "date": "2016-01-19"}, {"y1": 1, "y0": 0, "date": "2016-11-17"}, {"y1": 1, "y0": 0, "date": "2016-12-15"}]}, {"state": 0, "data": [{"y1": 66, "y0": 0, "date": "2016-01-22"}]}], "filesize": [{"state": 180, "data": []}, {"state": 90, "data": []}, {"state": 30, "data": []}, {"state": 1, "data": [{"y1": 61.0, "y0": 0, "date": "2015-10-01"}, {"y1": 61.0, "y0": 0, "date": "2015-10-03"}, {"y1": 61.0, "y0": 0, "date": "2015-10-04"}, {"y1": 61.0, "y0": 0, "date": "2015-10-05"}, {"y1": 61.0, "y0": 0, "date": "2015-10-06"}, {"y1": 61.0, "y0": 0, "date": "2015-10-07"}, {"y1": 61.0, "y0": 0, "date": "2015-10-08"}, {"y1": 61.0, "y0": 0, "date": "2015-10-09"}, {"y1": 61.0, "y0": 0, "date": "2015-10-10"}, {"y1": 61.0, "y0": 0, "date": "2015-10-11"}, {"y1": 61.0, "y0": 0, "date": "2015-10-12"}, {"y1": 61.0, "y0": 0, "date": "2015-10-13"}, {"y1": 61.0, "y0": 0, "date": "2015-10-14"}, {"y1": 61.0, "y0": 0, "date": "2015-10-15"}, {"y1": 61.0, "y0": 0, "date": "2015-10-16"}, {"y1": 61.0, "y0": 0, "date": "2015-10-17"}, {"y1": 61.0, "y0": 0, "date": "2015-10-18"}, {"y1": 61.0, "y0": 0, "date": "2015-10-19"}, {"y1": 61.0, "y0": 0, "date": "2015-10-20"}, {"y1": 61.0, "y0": 0, "date": "2015-10-21"}, {"y1": 61.0, "y0": 0, "date": "2015-10-23"}, {"y1": 61.0, "y0": 0, "date": "2015-10-24"}, {"y1": 61.0, "y0": 0, "date": "2015-10-25"}, {"y1": 61.0, "y0": 0, "date": "2015-10-27"}, {"y1": 61.0, "y0": 0, "date": "2015-10-28"}, {"y1": 61.0, "y0": 0, "date": "2015-10-29"}, {"y1": 61.0, "y0": 0, "date": "2015-10-30"}, {"y1": 61.0, "y0": 0, "date": "2015-10-31"}, {"y1": 61.0, "y0": 0, "date": "2015-11-01"}, {"y1": 61.0, "y0": 0, "date": "2015-11-02"}, {"y1": 61.0, "y0": 0, "date": "2015-11-04"}, {"y1": 61.0, "y0": 0, "date": "2015-11-05"}, {"y1": 61.0, "y0": 0, "date": "2015-11-06"}, {"y1": 61.0, "y0": 0, "date": "2015-11-07"}, {"y1": 61.0, "y0": 0, "date": "2015-11-08"}, {"y1": 61.0, "y0": 0, "date": "2015-11-09"}, {"y1": 61.0, "y0": 0, "date": "2015-11-10"}, {"y1": 61.0, "y0": 0, "date": "2015-11-11"}, {"y1": 61.0, "y0": 0, "date": "2015-11-12"}, {"y1": 61.0, "y0": 0, "date": "2015-11-13"}, {"y1": 61.0, "y0": 0, "date": "2015-11-14"}, {"y1": 61.0, "y0": 0, "date": "2015-11-15"}, {"y1": 61.0, "y0": 0, "date": "2015-11-16"}, {"y1": 61.0, "y0": 0, "date": "2015-11-17"}, {"y1": 61.0, "y0": 0, "date": "2015-11-18"}, {"y1": 61.0, "y0": 0, "date": "2015-11-19"}, {"y1": 61.0, "y0": 0, "date": "2015-11-20"}, {"y1": 61.0, "y0": 0, "date": "2015-11-21"}, {"y1": 61.0, "y0": 0, "date": "2015-11-22"}, {"y1": 61.0, "y0": 0, "date": "2015-11-23"}, {"y1": 61.0, "y0": 0, "date": "2015-11-26"}, {"y1": 61.0, "y0": 0, "date": "2015-11-27"}, {"y1": 61.0, "y0": 0, "date": "2015-11-28"}, {"y1": 61.0, "y0": 0, "date": "2015-11-29"}, {"y1": 61.0, "y0": 0, "date": "2015-11-30"}, {"y1": 61.0, "y0": 0, "date": "2015-12-01"}, {"y1": 61.0, "y0": 0, "date": "2015-12-02"}, {"y1": 61.0, "y0": 0, "date": "2015-12-03"}, {"y1": 61.0, "y0": 0, "date": "2015-12-04"}, {"y1": 61.0, "y0": 0, "date": "2015-12-05"}, {"y1": 61.0, "y0": 0, "date": "2015-12-06"}, {"y1": 61.0, "y0": 0, "date": "2015-12-08"}, {"y1": 61.0, "y0": 0, "date": "2015-12-09"}, {"y1": 61.0, "y0": 0, "date": "2015-12-10"}, {"y1": 61.0, "y0": 0, "date": "2015-12-11"}, {"y1": 61.0, "y0": 0, "date": "2015-12-12"}, {"y1": 61.0, "y0": 0, "date": "2015-12-13"}, {"y1": 61.0, "y0": 0, "date": "2015-12-14"}, {"y1": 61.0, "y0": 0, "date": "2015-12-15"}, {"y1": 61.0, "y0": 0, "date": "2015-12-16"}, {"y1": 61.0, "y0": 0, "date": "2015-12-18"}, {"y1": 61.0, "y0": 0, "date": "2015-12-19"}, {"y1": 61.0, "y0": 0, "date": "2015-12-20"}, {"y1": 61.0, "y0": 0, "date": "2015-12-21"}, {"y1": 61.0, "y0": 0, "date": "2015-12-23"}, {"y1": 40.0, "y0": 0, "date": "2016-01-19"}, {"y1": 40.0, "y0": 0, "date": "2016-11-17"}, {"y1": 40.0, "y0": 0, "date": "2016-12-15"}]}, {"state": 0, "data": [{"y1": 61.0, "y0": 0, "date": "2016-01-22"}]}], "dataset": [{"state": 180, "data": []}, {"state": 90, "data": []}, {"state": 30, "data": []}, {"state": 1, "data": [{"y1": 2, "y0": 0, "date": "2015-10-01"}, {"y1": 2, "y0": 0, "date": "2015-10-03"}, {"y1": 2, "y0": 0, "date": "2015-10-04"}, {"y1": 2, "y0": 0, "date": "2015-10-05"}, {"y1": 2, "y0": 0, "date": "2015-10-06"}, {"y1": 2, "y0": 0, "date": "2015-10-07"}, {"y1": 2, "y0": 0, "date": "2015-10-08"}, {"y1": 2, "y0": 0, "date": "2015-10-09"}, {"y1": 2, "y0": 0, "date": "2015-10-10"}, {"y1": 2, "y0": 0, "date": "2015-10-11"}, {"y1": 2, "y0": 0, "date": "2015-10-12"}, {"y1": 2, "y0": 0, "date": "2015-10-13"}, {"y1": 2, "y0": 0, "date": "2015-10-14"}, {"y1": 2, "y0": 0, "date": "2015-10-15"}, {"y1": 2, "y0": 0, "date": "2015-10-16"}, {"y1": 2, "y0": 0, "date": "2015-10-17"}, {"y1": 2, "y0": 0, "date": "2015-10-18"}, {"y1": 2, "y0": 0, "date": "2015-10-19"}, {"y1": 2, "y0": 0, "date": "2015-10-20"}, {"y1": 2, "y0": 0, "date": "2015-10-21"}, {"y1": 2, "y0": 0, "date": "2015-10-23"}, {"y1": 2, "y0": 0, "date": "2015-10-24"}, {"y1": 2, "y0": 0, "date": "2015-10-25"}, {"y1": 2, "y0": 0, "date": "2015-10-27"}, {"y1": 2, "y0": 0, "date": "2015-10-28"}, {"y1": 2, "y0": 0, "date": "2015-10-29"}, {"y1": 2, "y0": 0, "date": "2015-10-30"}, {"y1": 2, "y0": 0, "date": "2015-10-31"}, {"y1": 2, "y0": 0, "date": "2015-11-01"}, {"y1": 2, "y0": 0, "date": "2015-11-02"}, {"y1": 2, "y0": 0, "date": "2015-11-04"}, {"y1": 2, "y0": 0, "date": "2015-11-05"}, {"y1": 2, "y0": 0, "date": "2015-11-06"}, {"y1": 2, "y0": 0, "date": "2015-11-07"}, {"y1": 2, "y0": 0, "date": "2015-11-08"}, {"y1": 2, "y0": 0, "date": "2015-11-09"}, {"y1": 2, "y0": 0, "date": "2015-11-10"}, {"y1": 2, "y0": 0, "date": "2015-11-11"}, {"y1": 2, "y0": 0, "date": "2015-11-12"}, {"y1": 2, "y0": 0, "date": "2015-11-13"}, {"y1": 2, "y0": 0, "date": "2015-11-14"}, {"y1": 2, "y0": 0, "date": "2015-11-15"}, {"y1": 2, "y0": 0, "date": "2015-11-16"}, {"y1": 2, "y0": 0, "date": "2015-11-17"}, {"y1": 2, "y0": 0, "date": "2015-11-18"}, {"y1": 2, "y0": 0, "date": "2015-11-19"}, {"y1": 2, "y0": 0, "date": "2015-11-20"}, {"y1": 2, "y0": 0, "date": "2015-11-21"}, {"y1": 2, "y0": 0, "date": "2015-11-22"}, {"y1": 2, "y0": 0, "date": "2015-11-23"}, {"y1": 2, "y0": 0, "date": "2015-11-26"}, {"y1": 2, "y0": 0, "date": "2015-11-27"}, {"y1": 2, "y0": 0, "date": "2015-11-28"}, {"y1": 2, "y0": 0, "date": "2015-11-29"}, {"y1": 2, "y0": 0, "date": "2015-11-30"}, {"y1": 2, "y0": 0, "date": "2015-12-01"}, {"y1": 2, "y0": 0, "date": "2015-12-02"}, {"y1": 2, "y0": 0, "date": "2015-12-03"}, {"y1": 2, "y0": 0, "date": "2015-12-04"}, {"y1": 2, "y0": 0, "date": "2015-12-05"}, {"y1": 2, "y0": 0, "date": "2015-12-06"}, {"y1": 2, "y0": 0, "date": "2015-12-08"}, {"y1": 2, "y0": 0, "date": "2015-12-09"}, {"y1": 2, "y0": 0, "date": "2015-12-10"}, {"y1": 2, "y0": 0, "date": "2015-12-11"}, {"y1": 2, "y0": 0, "date": "2015-12-12"}, {"y1": 2, "y0": 0, "date": "2015-12-13"}, {"y1": 2, "y0": 0, "date": "2015-12-14"}, {"y1": 2, "y0": 0, "date": "2015-12-15"}, {"y1": 2, "y0": 0, "date": "2015-12-16"}, {"y1": 2, "y0": 0, "date": "2015-12-18"}, {"y1": 2, "y0": 0, "date": "2015-12-19"}, {"y1": 2, "y0": 0, "date": "2015-12-20"}, {"y1": 2, "y0": 0, "date": "2015-12-21"}, {"y1": 2, "y0": 0, "date": "2015-12-23"}, {"y1": 1, "y0": 0, "date": "2016-01-19"}, {"y1": 1, "y0": 0, "date": "2016-11-17"}, {"y1": 1, "y0": 0, "date": "2016-12-15"}]}, {"state": 0, "data": [{"y1": 2, "y0": 0, "date": "2016-01-22"}]}]}}