{"startDate": "2015-12-17", "endDate": "2015-12-20", "data": {"rows": [{"state": 180, "data": []}, {"state": 90, "data": []}, {"state": 30, "data": []}, {"state": 1, "data": []}, {"state": 0, "data": [{"y1": 168, "y0": 0, "date": "2015-12-18"}]}], "filesize": [{"state": 180, "data": []}, {"state": 90, "data": []}, {"state": 30, "data": []}, {"state": 1, "data": []}, {"state": 0, "data": [{"y1": 11.0, "y0": 0, "date": "2015-12-18"}]}], "dataset": [{"state": 180, "data": []}, {"state": 90, "data": []}, {"state": 30, "data": []}, {"state": 1, "data": []}, {"state": 0, "data": [{"y1": 1, "y0": 0, "date": "2015-12-18"}]}]}}