{"startDate": "1950-01-31", "endDate": "2017-01-19", "data": {"ipc": [{"start": "2016-04-20", "end": "2016-04-21"}], "population in need": [{"start": "2016-04-20", "end": "2016-04-21"}], "climate change": [{"start": "2010-01-01", "end": "2010-01-31"}, {"start": "2010-02-01", "end": "2010-02-28"}, {"start": "2010-03-01", "end": "2010-03-31"}, {"start": "2010-04-01", "end": "2010-04-30"}, {"start": "2010-05-01", "end": "2010-05-31"}, {"start": "2010-06-01", "end": "2010-06-30"}, {"start": "2010-07-01", "end": "2010-07-31"}, {"start": "2010-08-01", "end": "2010-08-31"}, {"start": "2010-09-01", "end": "2010-09-30"}, {"start": "2010-10-01", "end": "2010-10-31"}, {"start": "2010-11-01", "end": "2010-11-30"}, {"start": "2010-12-01", "end": "2010-12-31"}, {"start": "2011-01-01", "end": "2011-01-31"}, {"start": "2011-02-01", "end": "2011-02-28"}, {"start": "2011-03-01", "end": "2011-03-31"}, {"start": "2011-04-01", "end": "2011-04-30"}, {"start": "2011-05-01", "end": "2011-05-31"}, {"start": "2011-06-01", "end": "2011-06-30"}, {"start": "2011-07-01", "end": "2011-07-31"}, {"start": "2011-08-01", "end": "2011-08-31"}, {"start": "2011-09-01", "end": "2011-09-30"}, {"start": "2011-10-01", "end": "2011-10-31"}, {"start": "2011-11-01", "end": "2011-11-30"}, {"start": "2011-12-01", "end": "2011-12-31"}, {"start": "2012-01-01", "end": "2012-01-31"}, {"start": "2012-02-01", "end": "2012-02-29"}, {"start": "2012-03-01", "end": "2012-03-31"}, {"start": "2012-04-01", "end": "2012-04-30"}, {"start": "2012-05-01", "end": "2012-05-31"}, {"start": "2012-06-01", "end": "2012-06-30"}, {"start": "2012-07-01", "end": "2012-07-31"}, {"start": "2012-08-01", "end": "2012-08-31"}, {"start": "2012-09-01", "end": "2012-09-30"}, {"start": "2012-10-01", "end": "2012-10-31"}, {"start": "2012-11-01", "end": "2012-11-30"}, {"start": "2012-12-01", "end": "2012-12-31"}, {"start": "2013-01-01", "end": "2013-01-31"}, {"start": "2013-02-01", "end": "2013-02-28"}, {"start": "2013-03-01", "end": "2013-03-31"}, {"start": "2013-04-01", "end": "2013-04-30"}, {"start": "2013-05-01", "end": "2013-05-31"}, {"start": "2013-06-01", "end": "2013-06-30"}, {"start": "2013-07-01", "end": "2013-07-31"}, {"start": "2013-08-01", "end": "2013-08-31"}, {"start": "2013-09-01", "end": "2013-09-30"}, {"start": "2013-10-01", "end": "2013-10-31"}, {"start": "2013-11-01", "end": "2013-11-30"}, {"start": "2013-12-01", "end": "2013-12-31"}, {"start": "2014-01-01", "end": "2014-01-31"}, {"start": "2014-02-01", "end": "2014-02-28"}, {"start": "2014-03-01", "end": "2014-03-31"}, {"start": "2014-04-01", "end": "2014-04-30"}, {"start": "2014-05-01", "end": "2014-05-31"}, {"start": "2014-06-01", "end": "2014-06-30"}, {"start": "2014-07-01", "end": "2014-07-31"}, {"start": "2014-08-01", "end": "2014-08-31"}, {"start": "2014-09-01", "end": "2014-09-30"}, {"start": "2014-10-01", "end": "2014-10-31"}, {"start": "2014-11-01", "end": "2014-11-30"}, {"start": "2014-12-01", "end": "2014-12-31"}, {"start": "2015-01-01", "end": "2015-01-31"}, {"start": "2015-02-01", "end": "2015-02-28"}, {"start": "2015-03-01", "end": "2015-03-31"}, {"start": "2015-04-01", "end": "2015-04-30"}, {"start": "2015-05-01", "end": "2015-05-31"}, {"start": "2015-06-01", "end": "2015-06-30"}, {"start": "2015-07-01", "end": "2015-07-31"}, {"start": "2015-08-01", "end": "2015-08-31"}, {"start": "2015-09-01", "end": "2015-09-30"}, {"start": "2015-10-01", "end": "2015-10-31"}, {"start": "2015-11-01", "end": "2015-11-30"}], "wash": [{"start": "2014-01-01", "end": "2014-01-02"}, {"start": "2014-12-31", "end": "2015-02-03"}, {"start": "2015-03-01", "end": "2015-03-31"}, {"start": "2015-04-01", "end": "2015-04-30"}, {"start": "2015-07-01", "end": "2015-07-31"}, {"start": "2016-01-01", "end": "2016-02-29"}, {"start": "2016-03-01", "end": "2016-03-31"}, {"start": "2016-04-01", "end": "2016-04-30"}, {"start": "2016-05-01", "end": "2016-06-30"}, {"start": "2016-08-16", "end": "2016-08-17"}], "preparedness": [{"start": "2016-06-17", "end": "2016-06-18"}], "weather": [{"start": "2010-01-01", "end": "2010-01-31"}, {"start": "2010-02-01", "end": "2010-02-28"}, {"start": "2010-03-01", "end": "2010-03-31"}, {"start": "2010-04-01", "end": "2010-04-30"}, {"start": "2010-05-01", "end": "2010-05-31"}, {"start": "2010-06-01", "end": "2010-06-30"}, {"start": "2010-07-01", "end": "2010-07-31"}, {"start": "2010-08-01", "end": "2010-08-31"}, {"start": "2010-09-01", "end": "2010-09-30"}, {"start": "2010-10-01", "end": "2010-10-31"}, {"start": "2010-11-01", "end": "2010-11-30"}, {"start": "2010-12-01", "end": "2010-12-31"}, {"start": "2011-01-01", "end": "2011-01-31"}, {"start": "2011-02-01", "end": "2011-02-28"}, {"start": "2011-03-01", "end": "2011-03-31"}, {"start": "2011-04-01", "end": "2011-04-30"}, {"start": "2011-05-01", "end": "2011-05-31"}, {"start": "2011-06-01", "end": "2011-06-30"}, {"start": "2011-07-01", "end": "2011-07-31"}, {"start": "2011-08-01", "end": "2011-08-31"}, {"start": "2011-09-01", "end": "2011-09-30"}, {"start": "2011-10-01", "end": "2011-10-31"}, {"start": "2011-11-01", "end": "2011-11-30"}, {"start": "2011-12-01", "end": "2011-12-31"}, {"start": "2012-01-01", "end": "2012-01-31"}, {"start": "2012-02-01", "end": "2012-02-29"}, {"start": "2012-03-01", "end": "2012-03-31"}, {"start": "2012-04-01", "end": "2012-04-30"}, {"start": "2012-05-01", "end": "2012-05-31"}, {"start": "2012-06-01", "end": "2012-06-30"}, {"start": "2012-07-01", "end": "2012-07-31"}, {"start": "2012-08-01", "end": "2012-08-31"}, {"start": "2012-09-01", "end": "2012-09-30"}, {"start": "2012-10-01", "end": "2012-10-31"}, {"start": "2012-11-01", "end": "2012-11-30"}, {"start": "2012-12-01", "end": "2012-12-31"}, {"start": "2013-01-01", "end": "2013-01-31"}, {"start": "2013-02-01", "end": "2013-02-28"}, {"start": "2013-03-01", "end": "2013-03-31"}, {"start": "2013-04-01", "end": "2013-04-30"}, {"start": "2013-05-01", "end": "2013-05-31"}, {"start": "2013-06-01", "end": "2013-06-30"}, {"start": "2013-07-01", "end": "2013-07-31"}, {"start": "2013-08-01", "end": "2013-08-31"}, {"start": "2013-09-01", "end": "2013-09-30"}, {"start": "2013-10-01", "end": "2013-10-31"}, {"start": "2013-11-01", "end": "2013-11-30"}, {"start": "2013-12-01", "end": "2013-12-31"}, {"start": "2014-01-01", "end": "2014-01-31"}, {"start": "2014-02-01", "end": "2014-02-28"}, {"start": "2014-03-01", "end": "2014-03-31"}, {"start": "2014-04-01", "end": "2014-04-30"}, {"start": "2014-05-01", "end": "2014-05-31"}, {"start": "2014-06-01", "end": "2014-06-30"}, {"start": "2014-07-01", "end": "2014-07-31"}, {"start": "2014-08-01", "end": "2014-08-31"}, {"start": "2014-09-01", "end": "2014-09-30"}, {"start": "2014-10-01", "end": "2014-10-31"}, {"start": "2014-11-01", "end": "2014-11-30"}, {"start": "2014-12-01", "end": "2014-12-31"}, {"start": "2015-01-01", "end": "2015-01-31"}, {"start": "2015-02-01", "end": "2015-02-28"}, {"start": "2015-03-01", "end": "2015-03-31"}, {"start": "2015-04-01", "end": "2015-04-30"}, {"start": "2015-05-01", "end": "2015-05-31"}, {"start": "2015-06-01", "end": "2015-06-30"}, {"start": "2015-07-01", "end": "2015-07-31"}, {"start": "2015-08-01", "end": "2015-08-31"}, {"start": "2015-09-01", "end": "2015-09-30"}, {"start": "2015-10-01", "end": "2015-10-31"}, {"start": "2015-11-01", "end": "2015-11-30"}], "agriculture": [{"start": "2014-01-01", "end": "2014-01-02"}, {"start": "2014-12-31", "end": "2015-02-03"}, {"start": "2015-03-01", "end": "2015-03-31"}, {"start": "2015-04-01", "end": "2015-04-30"}, {"start": "2015-07-01", "end": "2015-07-31"}, {"start": "2016-01-01", "end": "2016-02-29"}, {"start": "2016-03-01", "end": "2016-03-31"}, {"start": "2016-04-01", "end": "2016-04-30"}, {"start": "2016-05-01", "end": "2016-06-30"}, {"start": "2016-08-16", "end": "2016-08-17"}], "food security": [{"start": "2014-01-01", "end": "2014-01-02"}, {"start": "2014-12-31", "end": "2015-02-03"}, {"start": "2015-03-01", "end": "2015-03-31"}, {"start": "2015-04-01", "end": "2015-04-30"}, {"start": "2015-07-01", "end": "2015-07-31"}, {"start": "2015-12-18", "end": "2015-12-19"}, {"start": "2016-01-01", "end": "2016-02-29"}, {"start": "2016-03-01", "end": "2016-03-31"}, {"start": "2016-04-01", "end": "2016-04-30"}, {"start": "2016-05-01", "end": "2016-06-30"}, {"start": "2016-08-16", "end": "2016-08-17"}], "humanitarian profile": [{"start": "2016-06-17", "end": "2016-06-18"}], "response monitoring": [{"start": "2016-06-17", "end": "2016-06-18"}], "3w": [{"start": "2015-12-16", "end": "2015-12-17"}], "emergency response": [{"start": "2016-06-17", "end": "2016-06-18"}], "somalia": [{"start": "2016-04-20", "end": "2016-04-21"}], "ebola": [{"start": "2015-12-18", "end": "2015-12-19"}], "nutrition": [{"start": "2014-01-01", "end": "2014-01-02"}, {"start": "2014-12-31", "end": "2015-02-03"}, {"start": "2015-03-01", "end": "2015-03-31"}, {"start": "2015-04-01", "end": "2015-04-30"}, {"start": "2015-07-01", "end": "2015-07-31"}, {"start": "2016-01-01", "end": "2016-02-29"}, {"start": "2016-03-01", "end": "2016-03-31"}, {"start": "2016-04-01", "end": "2016-04-30"}, {"start": "2016-05-01", "end": "2016-06-30"}, {"start": "2016-08-16", "end": "2016-08-17"}], "emergency": [{"start": "2016-04-20", "end": "2016-04-21"}], "food": [{"start": "2015-12-18", "end": "2015-12-19"}], "geodata": [{"start": "2015-12-16", "end": "2015-12-17"}], "drought": [{"start": "2014-01-01", "end": "2014-01-02"}, {"start": "2014-12-31", "end": "2015-02-03"}, {"start": "2015-03-01", "end": "2015-03-31"}, {"start": "2015-04-01", "end": "2015-04-30"}, {"start": "2015-07-01", "end": "2015-07-31"}, {"start": "2016-01-01", "end": "2016-02-29"}, {"start": "2016-03-01", "end": "2016-03-31"}, {"start": "2016-04-01", "end": "2016-04-30"}, {"start": "2016-05-01", "end": "2016-06-30"}, {"start": "2016-08-16", "end": "2016-08-17"}], "data lab nairobi": [{"start": "2015-10-01", "end": "2015-10-02"}, {"start": "2015-10-03", "end": "2015-10-22"}, {"start": "2015-10-23", "end": "2015-10-26"}, {"start": "2015-10-27", "end": "2015-11-03"}, {"start": "2015-11-04", "end": "2015-11-24"}, {"start": "2015-11-26", "end": "2015-12-07"}, {"start": "2015-12-08", "end": "2015-12-17"}, {"start": "2015-12-18", "end": "2015-12-22"}, {"start": "2015-12-23", "end": "2015-12-24"}, {"start": "2016-01-19", "end": "2016-01-20"}, {"start": "2016-01-22", "end": "2016-01-23"}, {"start": "2016-11-17", "end": "2016-11-18"}, {"start": "2016-12-15", "end": "2016-12-16"}], "precipitation": [{"start": "2010-01-01", "end": "2010-01-31"}, {"start": "2010-02-01", "end": "2010-02-28"}, {"start": "2010-03-01", "end": "2010-03-31"}, {"start": "2010-04-01", "end": "2010-04-30"}, {"start": "2010-05-01", "end": "2010-05-31"}, {"start": "2010-06-01", "end": "2010-06-30"}, {"start": "2010-07-01", "end": "2010-07-31"}, {"start": "2010-08-01", "end": "2010-08-31"}, {"start": "2010-09-01", "end": "2010-09-30"}, {"start": "2010-10-01", "end": "2010-10-31"}, {"start": "2010-11-01", "end": "2010-11-30"}, {"start": "2010-12-01", "end": "2010-12-31"}, {"start": "2011-01-01", "end": "2011-01-31"}, {"start": "2011-02-01", "end": "2011-02-28"}, {"start": "2011-03-01", "end": "2011-03-31"}, {"start": "2011-04-01", "end": "2011-04-30"}, {"start": "2011-05-01", "end": "2011-05-31"}, {"start": "2011-06-01", "end": "2011-06-30"}, {"start": "2011-07-01", "end": "2011-07-31"}, {"start": "2011-08-01", "end": "2011-08-31"}, {"start": "2011-09-01", "end": "2011-09-30"}, {"start": "2011-10-01", "end": "2011-10-31"}, {"start": "2011-11-01", "end": "2011-11-30"}, {"start": "2011-12-01", "end": "2011-12-31"}, {"start": "2012-01-01", "end": "2012-01-31"}, {"start": "2012-02-01", "end": "2012-02-29"}, {"start": "2012-03-01", "end": "2012-03-31"}, {"start": "2012-04-01", "end": "2012-04-30"}, {"start": "2012-05-01", "end": "2012-05-31"}, {"start": "2012-06-01", "end": "2012-06-30"}, {"start": "2012-07-01", "end": "2012-07-31"}, {"start": "2012-08-01", "end": "2012-08-31"}, {"start": "2012-09-01", "end": "2012-09-30"}, {"start": "2012-10-01", "end": "2012-10-31"}, {"start": "2012-11-01", "end": "2012-11-30"}, {"start": "2012-12-01", "end": "2012-12-31"}, {"start": "2013-01-01", "end": "2013-01-31"}, {"start": "2013-02-01", "end": "2013-02-28"}, {"start": "2013-03-01", "end": "2013-03-31"}, {"start": "2013-04-01", "end": "2013-04-30"}, {"start": "2013-05-01", "end": "2013-05-31"}, {"start": "2013-06-01", "end": "2013-06-30"}, {"start": "2013-07-01", "end": "2013-07-31"}, {"start": "2013-08-01", "end": "2013-08-31"}, {"start": "2013-09-01", "end": "2013-09-30"}, {"start": "2013-10-01", "end": "2013-10-31"}, {"start": "2013-11-01", "end": "2013-11-30"}, {"start": "2013-12-01", "end": "2013-12-31"}, {"start": "2014-01-01", "end": "2014-01-31"}, {"start": "2014-02-01", "end": "2014-02-28"}, {"start": "2014-03-01", "end": "2014-03-31"}, {"start": "2014-04-01", "end": "2014-04-30"}, {"start": "2014-05-01", "end": "2014-05-31"}, {"start": "2014-06-01", "end": "2014-06-30"}, {"start": "2014-07-01", "end": "2014-07-31"}, {"start": "2014-08-01", "end": "2014-08-31"}, {"start": "2014-09-01", "end": "2014-09-30"}, {"start": "2014-10-01", "end": "2014-10-31"}, {"start": "2014-11-01", "end": "2014-11-30"}, {"start": "2014-12-01", "end": "2014-12-31"}, {"start": "2015-01-01", "end": "2015-01-31"}, {"start": "2015-02-01", "end": "2015-02-28"}, {"start": "2015-03-01", "end": "2015-03-31"}, {"start": "2015-04-01", "end": "2015-04-30"}, {"start": "2015-05-01", "end": "2015-05-31"}, {"start": "2015-06-01", "end": "2015-06-30"}, {"start": "2015-07-01", "end": "2015-07-31"}, {"start": "2015-08-01", "end": "2015-08-31"}, {"start": "2015-09-01", "end": "2015-09-30"}, {"start": "2015-10-01", "end": "2015-10-31"}, {"start": "2015-11-01", "end": "2015-11-30"}], "stress": [{"start": "2016-04-20", "end": "2016-04-21"}], "floods": [{"start": "2015-10-01", "end": "2015-10-02"}, {"start": "2015-10-03", "end": "2015-10-22"}, {"start": "2015-10-23", "end": "2015-10-26"}, {"start": "2015-10-27", "end": "2015-11-03"}, {"start": "2015-11-04", "end": "2015-11-24"}, {"start": "2015-11-26", "end": "2015-12-07"}, {"start": "2015-12-08", "end": "2015-12-17"}, {"start": "2015-12-18", "end": "2015-12-22"}, {"start": "2015-12-23", "end": "2015-12-24"}, {"start": "2016-01-19", "end": "2016-01-20"}, {"start": "2016-01-22", "end": "2016-01-23"}, {"start": "2016-11-17", "end": "2016-11-18"}, {"start": "2016-12-15", "end": "2016-12-16"}], "el nino": [{"start": "1950-01-31", "end": "1950-02-27"}, {"start": "1950-02-28", "end": "1950-03-27"}, {"start": "1950-03-31", "end": "1950-04-29"}, {"start": "1950-04-30", "end": "1950-05-29"}, {"start": "1950-05-31", "end": "1950-06-29"}, {"start": "1950-06-30", "end": "1950-07-29"}, {"start": "1950-07-31", "end": "1950-08-30"}, {"start": "1950-08-31", "end": "1950-09-29"}, {"start": "1950-09-30", "end": "1950-10-29"}, {"start": "1950-10-31", "end": "1950-11-29"}, {"start": "1950-11-30", "end": "1950-12-29"}, {"start": "1950-12-31", "end": "1951-01-30"}, {"start": "1951-01-31", "end": "1951-02-27"}, {"start": "1951-02-28", "end": "1951-03-27"}, {"start": "1951-03-31", "end": "1951-04-29"}, {"start": "1951-04-30", "end": "1951-05-29"}, {"start": "1951-05-31", "end": "1951-06-29"}, {"start": "1951-06-30", "end": "1951-07-29"}, {"start": "1951-07-31", "end": "1951-08-30"}, {"start": "1951-08-31", "end": "1951-09-29"}, {"start": "1951-09-30", "end": "1951-10-29"}, {"start": "1951-10-31", "end": "1951-11-29"}, {"start": "1951-11-30", "end": "1951-12-29"}, {"start": "1951-12-31", "end": "1952-01-30"}, {"start": "1952-01-31", "end": "1952-02-28"}, {"start": "1952-02-29", "end": "1952-03-28"}, {"start": "1952-03-31", "end": "1952-04-29"}, {"start": "1952-04-30", "end": "1952-05-29"}, {"start": "1952-05-31", "end": "1952-06-29"}, {"start": "1952-06-30", "end": "1952-07-29"}, {"start": "1952-07-31", "end": "1952-08-30"}, {"start": "1952-08-31", "end": "1952-09-29"}, {"start": "1952-09-30", "end": "1952-10-29"}, {"start": "1952-10-31", "end": "1952-11-29"}, {"start": "1952-11-30", "end": "1952-12-29"}, {"start": "1952-12-31", "end": "1953-01-30"}, {"start": "1953-01-31", "end": "1953-02-27"}, {"start": "1953-02-28", "end": "1953-03-27"}, {"start": "1953-03-31", "end": "1953-04-29"}, {"start": "1953-04-30", "end": "1953-05-29"}, {"start": "1953-05-31", "end": "1953-06-29"}, {"start": "1953-06-30", "end": "1953-07-29"}, {"start": "1953-07-31", "end": "1953-08-30"}, {"start": "1953-08-31", "end": "1953-09-29"}, {"start": "1953-09-30", "end": "1953-10-29"}, {"start": "1953-10-31", "end": "1953-11-29"}, {"start": "1953-11-30", "end": "1953-12-29"}, {"start": "1953-12-31", "end": "1954-01-30"}, {"start": "1954-01-31", "end": "1954-02-27"}, {"start": "1954-02-28", "end": "1954-03-27"}, {"start": "1954-03-31", "end": "1954-04-29"}, {"start": "1954-04-30", "end": "1954-05-29"}, {"start": "1954-05-31", "end": "1954-06-29"}, {"start": "1954-06-30", "end": "1954-07-29"}, {"start": "1954-07-31", "end": "1954-08-30"}, {"start": "1954-08-31", "end": "1954-09-29"}, {"start": "1954-09-30", "end": "1954-10-29"}, {"start": "1954-10-31", "end": "1954-11-29"}, {"start": "1954-11-30", "end": "1954-12-29"}, {"start": "1954-12-31", "end": "1955-01-30"}, {"start": "1955-01-31", "end": "1955-02-27"}, {"start": "1955-02-28", "end": "1955-03-27"}, {"start": "1955-03-31", "end": "1955-04-29"}, {"start": "1955-04-30", "end": "1955-05-29"}, {"start": "1955-05-31", "end": "1955-06-29"}, {"start": "1955-06-30", "end": "1955-07-29"}, {"start": "1955-07-31", "end": "1955-08-30"}, {"start": "1955-08-31", "end": "1955-09-29"}, {"start": "1955-09-30", "end": "1955-10-29"}, {"start": "1955-10-31", "end": "1955-11-29"}, {"start": "1955-11-30", "end": "1955-12-29"}, {"start": "1955-12-31", "end": "1956-01-30"}, {"start": "1956-01-31", "end": "1956-02-28"}, {"start": "1956-02-29", "end": "1956-03-28"}, {"start": "1956-03-31", "end": "1956-04-29"}, {"start": "1956-04-30", "end": "1956-05-29"}, {"start": "1956-05-31", "end": "1956-06-29"}, {"start": "1956-06-30", "end": "1956-07-29"}, {"start": "1956-07-31", "end": "1956-08-30"}, {"start": "1956-08-31", "end": "1956-09-29"}, {"start": "1956-09-30", "end": "1956-10-29"}, {"start": "1956-10-31", "end": "1956-11-29"}, {"start": "1956-11-30", "end": "1956-12-29"}, {"start": "1956-12-31", "end": "1957-01-30"}, {"start": "1957-01-31", "end": "1957-02-27"}, {"start": "1957-02-28", "end": "1957-03-27"}, {"start": "1957-03-31", "end": "1957-04-29"}, {"start": "1957-04-30", "end": "1957-05-29"}, {"start": "1957-05-31", "end": "1957-06-29"}, {"start": "1957-06-30", "end": "1957-07-29"}, {"start": "1957-07-31", "end": "1957-08-30"}, {"start": "1957-08-31", "end": "1957-09-29"}, {"start": "1957-09-30", "end": "1957-10-29"}, {"start": "1957-10-31", "end": "1957-11-29"}, {"start": "1957-11-30", "end": "1957-12-29"}, {"start": "1957-12-31", "end": "1958-01-30"}, {"start": "1958-01-31", "end": "1958-02-27"}, {"start": "1958-02-28", "end": "1958-03-27"}, {"start": "1958-03-31", "end": "1958-04-29"}, {"start": "1958-04-30", "end": "1958-05-29"}, {"start": "1958-05-31", "end": "1958-06-29"}, {"start": "1958-06-30", "end": "1958-07-29"}, {"start": "1958-07-31", "end": "1958-08-30"}, {"start": "1958-08-31", "end": "1958-09-29"}, {"start": "1958-09-30", "end": "1958-10-29"}, {"start": "1958-10-31", "end": "1958-11-29"}, {"start": "1958-11-30", "end": "1958-12-29"}, {"start": "1958-12-31", "end": "1959-01-30"}, {"start": "1959-01-31", "end": "1959-02-27"}, {"start": "1959-02-28", "end": "1959-03-27"}, {"start": "1959-03-31", "end": "1959-04-29"}, {"start": "1959-04-30", "end": "1959-05-29"}, {"start": "1959-05-31", "end": "1959-06-29"}, {"start": "1959-06-30", "end": "1959-07-29"}, {"start": "1959-07-31", "end": "1959-08-30"}, {"start": "1959-08-31", "end": "1959-09-29"}, {"start": "1959-09-30", "end": "1959-10-29"}, {"start": "1959-10-31", "end": "1959-11-29"}, {"start": "1959-11-30", "end": "1959-12-29"}, {"start": "1959-12-31", "end": "1960-01-30"}, {"start": "1960-01-31", "end": "1960-02-28"}, {"start": "1960-02-29", "end": "1960-03-28"}, {"start": "1960-03-31", "end": "1960-04-29"}, {"start": "1960-04-30", "end": "1960-05-29"}, {"start": "1960-05-31", "end": "1960-06-29"}, {"start": "1960-06-30", "end": "1960-07-29"}, {"start": "1960-07-31", "end": "1960-08-30"}, {"start": "1960-08-31", "end": "1960-09-29"}, {"start": "1960-09-30", "end": "1960-10-29"}, {"start": "1960-10-31", "end": "1960-11-29"}, {"start": "1960-11-30", "end": "1960-12-29"}, {"start": "1960-12-31", "end": "1961-01-30"}, {"start": "1961-01-31", "end": "1961-02-27"}, {"start": "1961-02-28", "end": "1961-03-27"}, {"start": "1961-03-31", "end": "1961-04-29"}, {"start": "1961-04-30", "end": "1961-05-29"}, {"start": "1961-05-31", "end": "1961-06-29"}, {"start": "1961-06-30", "end": "1961-07-29"}, {"start": "1961-07-31", "end": "1961-08-30"}, {"start": "1961-08-31", "end": "1961-09-29"}, {"start": "1961-09-30", "end": "1961-10-29"}, {"start": "1961-10-31", "end": "1961-11-29"}, {"start": "1961-11-30", "end": "1961-12-29"}, {"start": "1961-12-31", "end": "1962-01-30"}, {"start": "1962-01-31", "end": "1962-02-27"}, {"start": "1962-02-28", "end": "1962-03-27"}, {"start": "1962-03-31", "end": "1962-04-29"}, {"start": "1962-04-30", "end": "1962-05-29"}, {"start": "1962-05-31", "end": "1962-06-29"}, {"start": "1962-06-30", "end": "1962-07-29"}, {"start": "1962-07-31", "end": "1962-08-30"}, {"start": "1962-08-31", "end": "1962-09-29"}, {"start": "1962-09-30", "end": "1962-10-29"}, {"start": "1962-10-31", "end": "1962-11-29"}, {"start": "1962-11-30", "end": "1962-12-29"}, {"start": "1962-12-31", "end": "1963-01-30"}, {"start": "1963-01-31", "end": "1963-02-27"}, {"start": "1963-02-28", "end": "1963-03-27"}, {"start": "1963-03-31", "end": "1963-04-29"}, {"start": "1963-04-30", "end": "1963-05-29"}, {"start": "1963-05-31", "end": "1963-06-29"}, {"start": "1963-06-30", "end": "1963-07-29"}, {"start": "1963-07-31", "end": "1963-08-30"}, {"start": "1963-08-31", "end": "1963-09-29"}, {"start": "1963-09-30", "end": "1963-10-29"}, {"start": "1963-10-31", "end": "1963-11-29"}, {"start": "1963-11-30", "end": "1963-12-29"}, {"start": "1963-12-31", "end": "1964-01-30"}, {"start": "1964-01-31", "end": "1964-02-28"}, {"start": "1964-02-29", "end": "1964-03-28"}, {"start": "1964-03-31", "end": "1964-04-29"}, {"start": "1964-04-30", "end": "1964-05-29"}, {"start": "1964-05-31", "end": "1964-06-29"}, {"start": "1964-06-30", "end": "1964-07-29"}, {"start": "1964-07-31", "end": "1964-08-30"}, {"start": "1964-08-31", "end": "1964-09-29"}, {"start": "1964-09-30", "end": "1964-10-29"}, {"start": "1964-10-31", "end": "1964-11-29"}, {"start": "1964-11-30", "end": "1964-12-29"}, {"start": "1964-12-31", "end": "1965-01-30"}, {"start": "1965-01-31", "end": "1965-02-27"}, {"start": "1965-02-28", "end": "1965-03-27"}, {"start": "1965-03-31", "end": "1965-04-29"}, {"start": "1965-04-30", "end": "1965-05-29"}, {"start": "1965-05-31", "end": "1965-06-29"}, {"start": "1965-06-30", "end": "1965-07-29"}, {"start": "1965-07-31", "end": "1965-08-30"}, {"start": "1965-08-31", "end": "1965-09-29"}, {"start": "1965-09-30", "end": "1965-10-29"}, {"start": "1965-10-31", "end": "1965-11-29"}, {"start": "1965-11-30", "end": "1965-12-29"}, {"start": "1965-12-31", "end": "1966-01-30"}, {"start": "1966-01-31", "end": "1966-02-27"}, {"start": "1966-02-28", "end": "1966-03-27"}, {"start": "1966-03-31", "end": "1966-04-29"}, {"start": "1966-04-30", "end": "1966-05-29"}, {"start": "1966-05-31", "end": "1966-06-29"}, {"start": "1966-06-30", "end": "1966-07-29"}, {"start": "1966-07-31", "end": "1966-08-30"}, {"start": "1966-08-31", "end": "1966-09-29"}, {"start": "1966-09-30", "end": "1966-10-29"}, {"start": "1966-10-31", "end": "1966-11-29"}, {"start": "1966-11-30", "end": "1966-12-29"}, {"start": "1966-12-31", "end": "1967-01-30"}, {"start": "1967-01-31", "end": "1967-02-27"}, {"start": "1967-02-28", "end": "1967-03-27"}, {"start": "1967-03-31", "end": "1967-04-29"}, {"start": "1967-04-30", "end": "1967-05-29"}, {"start": "1967-05-31", "end": "1967-06-29"}, {"start": "1967-06-30", "end": "1967-07-29"}, {"start": "1967-07-31", "end": "1967-08-30"}, {"start": "1967-08-31", "end": "1967-09-29"}, {"start": "1967-09-30", "end": "1967-10-29"}, {"start": "1967-10-31", "end": "1967-11-29"}, {"start": "1967-11-30", "end": "1967-12-29"}, {"start": "1967-12-31", "end": "1968-01-30"}, {"start": "1968-01-31", "end": "1968-02-28"}, {"start": "1968-02-29", "end": "1968-03-28"}, {"start": "1968-03-31", "end": "1968-04-29"}, {"start": "1968-04-30", "end": "1968-05-29"}, {"start": "1968-05-31", "end": "1968-06-29"}, {"start": "1968-06-30", "end": "1968-07-29"}, {"start": "1968-07-31", "end": "1968-08-30"}, {"start": "1968-08-31", "end": "1968-09-29"}, {"start": "1968-09-30", "end": "1968-10-29"}, {"start": "1968-10-31", "end": "1968-11-29"}, {"start": "1968-11-30", "end": "1968-12-29"}, {"start": "1968-12-31", "end": "1969-01-30"}, {"start": "1969-01-31", "end": "1969-02-27"}, {"start": "1969-02-28", "end": "1969-03-27"}, {"start": "1969-03-31", "end": "1969-04-29"}, {"start": "1969-04-30", "end": "1969-05-29"}, {"start": "1969-05-31", "end": "1969-06-29"}, {"start": "1969-06-30", "end": "1969-07-29"}, {"start": "1969-07-31", "end": "1969-08-30"}, {"start": "1969-08-31", "end": "1969-09-29"}, {"start": "1969-09-30", "end": "1969-10-29"}, {"start": "1969-10-31", "end": "1969-11-29"}, {"start": "1969-11-30", "end": "1969-12-29"}, {"start": "1969-12-31", "end": "1970-01-30"}, {"start": "1970-01-31", "end": "1970-02-27"}, {"start": "1970-02-28", "end": "1970-03-27"}, {"start": "1970-03-31", "end": "1970-04-29"}, {"start": "1970-04-30", "end": "1970-05-29"}, {"start": "1970-05-31", "end": "1970-06-29"}, {"start": "1970-06-30", "end": "1970-07-29"}, {"start": "1970-07-31", "end": "1970-08-30"}, {"start": "1970-08-31", "end": "1970-09-29"}, {"start": "1970-09-30", "end": "1970-10-29"}, {"start": "1970-10-31", "end": "1970-11-29"}, {"start": "1970-11-30", "end": "1970-12-29"}, {"start": "1970-12-31", "end": "1971-01-30"}, {"start": "1971-01-31", "end": "1971-02-27"}, {"start": "1971-02-28", "end": "1971-03-27"}, {"start": "1971-03-31", "end": "1971-04-29"}, {"start": "1971-04-30", "end": "1971-05-29"}, {"start": "1971-05-31", "end": "1971-06-29"}, {"start": "1971-06-30", "end": "1971-07-29"}, {"start": "1971-07-31", "end": "1971-08-30"}, {"start": "1971-08-31", "end": "1971-09-29"}, {"start": "1971-09-30", "end": "1971-10-29"}, {"start": "1971-10-31", "end": "1971-11-29"}, {"start": "1971-11-30", "end": "1971-12-29"}, {"start": "1971-12-31", "end": "1972-01-30"}, {"start": "1972-01-31", "end": "1972-02-28"}, {"start": "1972-02-29", "end": "1972-03-28"}, {"start": "1972-03-31", "end": "1972-04-29"}, {"start": "1972-04-30", "end": "1972-05-29"}, {"start": "1972-05-31", "end": "1972-06-29"}, {"start": "1972-06-30", "end": "1972-07-29"}, {"start": "1972-07-31", "end": "1972-08-30"}, {"start": "1972-08-31", "end": "1972-09-29"}, {"start": "1972-09-30", "end": "1972-10-29"}, {"start": "1972-10-31", "end": "1972-11-29"}, {"start": "1972-11-30", "end": "1972-12-29"}, {"start": "1972-12-31", "end": "1973-01-30"}, {"start": "1973-01-31", "end": "1973-02-27"}, {"start": "1973-02-28", "end": "1973-03-27"}, {"start": "1973-03-31", "end": "1973-04-29"}, {"start": "1973-04-30", "end": "1973-05-29"}, {"start": "1973-05-31", "end": "1973-06-29"}, {"start": "1973-06-30", "end": "1973-07-29"}, {"start": "1973-07-31", "end": "1973-08-30"}, {"start": "1973-08-31", "end": "1973-09-29"}, {"start": "1973-09-30", "end": "1973-10-29"}, {"start": "1973-10-31", "end": "1973-11-29"}, {"start": "1973-11-30", "end": "1973-12-29"}, {"start": "1973-12-31", "end": "1974-01-30"}, {"start": "1974-01-31", "end": "1974-02-27"}, {"start": "1974-02-28", "end": "1974-03-27"}, {"start": "1974-03-31", "end": "1974-04-29"}, {"start": "1974-04-30", "end": "1974-05-29"}, {"start": "1974-05-31", "end": "1974-06-29"}, {"start": "1974-06-30", "end": "1974-07-29"}, {"start": "1974-07-31", "end": "1974-08-30"}, {"start": "1974-08-31", "end": "1974-09-29"}, {"start": "1974-09-30", "end": "1974-10-29"}, {"start": "1974-10-31", "end": "1974-11-29"}, {"start": "1974-11-30", "end": "1974-12-29"}, {"start": "1974-12-31", "end": "1975-01-30"}, {"start": "1975-01-31", "end": "1975-02-27"}, {"start": "1975-02-28", "end": "1975-03-27"}, {"start": "1975-03-31", "end": "1975-04-29"}, {"start": "1975-04-30", "end": "1975-05-29"}, {"start": "1975-05-31", "end": "1975-06-29"}, {"start": "1975-06-30", "end": "1975-07-29"}, {"start": "1975-07-31", "end": "1975-08-30"}, {"start": "1975-08-31", "end": "1975-09-29"}, {"start": "1975-09-30", "end": "1975-10-29"}, {"start": "1975-10-31", "end": "1975-11-29"}, {"start": "1975-11-30", "end": "1975-12-29"}, {"start": "1975-12-31", "end": "1976-01-30"}, {"start": "1976-01-31", "end": "1976-02-28"}, {"start": "1976-02-29", "end": "1976-03-28"}, {"start": "1976-03-31", "end": "1976-04-29"}, {"start": "1976-04-30", "end": "1976-05-29"}, {"start": "1976-05-31", "end": "1976-06-29"}, {"start": "1976-06-30", "end": "1976-07-29"}, {"start": "1976-07-31", "end": "1976-08-30"}, {"start": "1976-08-31", "end": "1976-09-29"}, {"start": "1976-09-30", "end": "1976-10-29"}, {"start": "1976-10-31", "end": "1976-11-29"}, {"start": "1976-11-30", "end": "1976-12-29"}, {"start": "1976-12-31", "end": "1977-01-30"}, {"start": "1977-01-31", "end": "1977-02-27"}, {"start": "1977-02-28", "end": "1977-03-27"}, {"start": "1977-03-31", "end": "1977-04-29"}, {"start": "1977-04-30", "end": "1977-05-29"}, {"start": "1977-05-31", "end": "1977-06-29"}, {"start": "1977-06-30", "end": "1977-07-29"}, {"start": "1977-07-31", "end": "1977-08-30"}, {"start": "1977-08-31", "end": "1977-09-29"}, {"start": "1977-09-30", "end": "1977-10-29"}, {"start": "1977-10-31", "end": "1977-11-29"}, {"start": "1977-11-30", "end": "1977-12-29"}, {"start": "1977-12-31", "end": "1978-01-30"}, {"start": "1978-01-31", "end": "1978-02-27"}, {"start": "1978-02-28", "end": "1978-03-27"}, {"start": "1978-03-31", "end": "1978-04-29"}, {"start": "1978-04-30", "end": "1978-05-29"}, {"start": "1978-05-31", "end": "1978-06-29"}, {"start": "1978-06-30", "end": "1978-07-29"}, {"start": "1978-07-31", "end": "1978-08-30"}, {"start": "1978-08-31", "end": "1978-09-29"}, {"start": "1978-09-30", "end": "1978-10-29"}, {"start": "1978-10-31", "end": "1978-11-29"}, {"start": "1978-11-30", "end": "1978-12-29"}, {"start": "1978-12-31", "end": "1979-01-30"}, {"start": "1979-01-31", "end": "1979-02-27"}, {"start": "1979-02-28", "end": "1979-03-27"}, {"start": "1979-03-31", "end": "1979-04-29"}, {"start": "1979-04-30", "end": "1979-05-29"}, {"start": "1979-05-31", "end": "1979-06-29"}, {"start": "1979-06-30", "end": "1979-07-29"}, {"start": "1979-07-31", "end": "1979-08-30"}, {"start": "1979-08-31", "end": "1979-09-29"}, {"start": "1979-09-30", "end": "1979-10-29"}, {"start": "1979-10-31", "end": "1979-11-29"}, {"start": "1979-11-30", "end": "1979-12-29"}, {"start": "1979-12-31", "end": "1980-01-30"}, {"start": "1980-01-31", "end": "1980-02-28"}, {"start": "1980-02-29", "end": "1980-03-28"}, {"start": "1980-03-31", "end": "1980-04-29"}, {"start": "1980-04-30", "end": "1980-05-29"}, {"start": "1980-05-31", "end": "1980-06-29"}, {"start": "1980-06-30", "end": "1980-07-29"}, {"start": "1980-07-31", "end": "1980-08-30"}, {"start": "1980-08-31", "end": "1980-09-29"}, {"start": "1980-09-30", "end": "1980-10-29"}, {"start": "1980-10-31", "end": "1980-11-29"}, {"start": "1980-11-30", "end": "1980-12-29"}, {"start": "1980-12-31", "end": "1981-01-30"}, {"start": "1981-01-31", "end": "1981-02-27"}, {"start": "1981-02-28", "end": "1981-03-27"}, {"start": "1981-03-31", "end": "1981-04-29"}, {"start": "1981-04-30", "end": "1981-05-29"}, {"start": "1981-05-31", "end": "1981-06-29"}, {"start": "1981-06-30", "end": "1981-07-29"}, {"start": "1981-07-31", "end": "1981-08-30"}, {"start": "1981-08-31", "end": "1981-09-29"}, {"start": "1981-09-30", "end": "1981-10-29"}, {"start": "1981-10-31", "end": "1981-11-29"}, {"start": "1981-11-30", "end": "1981-12-29"}, {"start": "1981-12-31", "end": "1982-01-30"}, {"start": "1982-01-31", "end": "1982-02-27"}, {"start": "1982-02-28", "end": "1982-03-27"}, {"start": "1982-03-31", "end": "1982-04-29"}, {"start": "1982-04-30", "end": "1982-05-29"}, {"start": "1982-05-31", "end": "1982-06-29"}, {"start": "1982-06-30", "end": "1982-07-29"}, {"start": "1982-07-31", "end": "1982-08-30"}, {"start": "1982-08-31", "end": "1982-09-29"}, {"start": "1982-09-30", "end": "1982-10-29"}, {"start": "1982-10-31", "end": "1982-11-29"}, {"start": "1982-11-30", "end": "1982-12-29"}, {"start": "1982-12-31", "end": "1983-01-30"}, {"start": "1983-01-31", "end": "1983-02-27"}, {"start": "1983-02-28", "end": "1983-03-27"}, {"start": "1983-03-31", "end": "1983-04-29"}, {"start": "1983-04-30", "end": "1983-05-29"}, {"start": "1983-05-31", "end": "1983-06-29"}, {"start": "1983-06-30", "end": "1983-07-29"}, {"start": "1983-07-31", "end": "1983-08-30"}, {"start": "1983-08-31", "end": "1983-09-29"}, {"start": "1983-09-30", "end": "1983-10-29"}, {"start": "1983-10-31", "end": "1983-11-29"}, {"start": "1983-11-30", "end": "1983-12-29"}, {"start": "1983-12-31", "end": "1984-01-30"}, {"start": "1984-01-31", "end": "1984-02-28"}, {"start": "1984-02-29", "end": "1984-03-28"}, {"start": "1984-03-31", "end": "1984-04-29"}, {"start": "1984-04-30", "end": "1984-05-29"}, {"start": "1984-05-31", "end": "1984-06-29"}, {"start": "1984-06-30", "end": "1984-07-29"}, {"start": "1984-07-31", "end": "1984-08-30"}, {"start": "1984-08-31", "end": "1984-09-29"}, {"start": "1984-09-30", "end": "1984-10-29"}, {"start": "1984-10-31", "end": "1984-11-29"}, {"start": "1984-11-30", "end": "1984-12-29"}, {"start": "1984-12-31", "end": "1985-01-30"}, {"start": "1985-01-31", "end": "1985-02-27"}, {"start": "1985-02-28", "end": "1985-03-27"}, {"start": "1985-03-31", "end": "1985-04-29"}, {"start": "1985-04-30", "end": "1985-05-29"}, {"start": "1985-05-31", "end": "1985-06-29"}, {"start": "1985-06-30", "end": "1985-07-29"}, {"start": "1985-07-31", "end": "1985-08-30"}, {"start": "1985-08-31", "end": "1985-09-29"}, {"start": "1985-09-30", "end": "1985-10-29"}, {"start": "1985-10-31", "end": "1985-11-29"}, {"start": "1985-11-30", "end": "1985-12-29"}, {"start": "1985-12-31", "end": "1986-01-30"}, {"start": "1986-01-31", "end": "1986-02-27"}, {"start": "1986-02-28", "end": "1986-03-27"}, {"start": "1986-03-31", "end": "1986-04-29"}, {"start": "1986-04-30", "end": "1986-05-29"}, {"start": "1986-05-31", "end": "1986-06-29"}, {"start": "1986-06-30", "end": "1986-07-29"}, {"start": "1986-07-31", "end": "1986-08-30"}, {"start": "1986-08-31", "end": "1986-09-29"}, {"start": "1986-09-30", "end": "1986-10-29"}, {"start": "1986-10-31", "end": "1986-11-29"}, {"start": "1986-11-30", "end": "1986-12-29"}, {"start": "1986-12-31", "end": "1987-01-30"}, {"start": "1987-01-31", "end": "1987-02-27"}, {"start": "1987-02-28", "end": "1987-03-27"}, {"start": "1987-03-31", "end": "1987-04-29"}, {"start": "1987-04-30", "end": "1987-05-29"}, {"start": "1987-05-31", "end": "1987-06-29"}, {"start": "1987-06-30", "end": "1987-07-29"}, {"start": "1987-07-31", "end": "1987-08-30"}, {"start": "1987-08-31", "end": "1987-09-29"}, {"start": "1987-09-30", "end": "1987-10-29"}, {"start": "1987-10-31", "end": "1987-11-29"}, {"start": "1987-11-30", "end": "1987-12-29"}, {"start": "1987-12-31", "end": "1988-01-30"}, {"start": "1988-01-31", "end": "1988-02-28"}, {"start": "1988-02-29", "end": "1988-03-28"}, {"start": "1988-03-31", "end": "1988-04-29"}, {"start": "1988-04-30", "end": "1988-05-29"}, {"start": "1988-05-31", "end": "1988-06-29"}, {"start": "1988-06-30", "end": "1988-07-29"}, {"start": "1988-07-31", "end": "1988-08-30"}, {"start": "1988-08-31", "end": "1988-09-29"}, {"start": "1988-09-30", "end": "1988-10-29"}, {"start": "1988-10-31", "end": "1988-11-29"}, {"start": "1988-11-30", "end": "1988-12-29"}, {"start": "1988-12-31", "end": "1989-01-30"}, {"start": "1989-01-31", "end": "1989-02-27"}, {"start": "1989-02-28", "end": "1989-03-27"}, {"start": "1989-03-31", "end": "1989-04-29"}, {"start": "1989-04-30", "end": "1989-05-29"}, {"start": "1989-05-31", "end": "1989-06-29"}, {"start": "1989-06-30", "end": "1989-07-29"}, {"start": "1989-07-31", "end": "1989-08-30"}, {"start": "1989-08-31", "end": "1989-09-29"}, {"start": "1989-09-30", "end": "1989-10-29"}, {"start": "1989-10-31", "end": "1989-11-29"}, {"start": "1989-11-30", "end": "1989-12-29"}, {"start": "1989-12-31", "end": "1990-01-30"}, {"start": "1990-01-31", "end": "1990-02-27"}, {"start": "1990-02-28", "end": "1990-03-27"}, {"start": "1990-03-31", "end": "1990-04-29"}, {"start": "1990-04-30", "end": "1990-05-29"}, {"start": "1990-05-31", "end": "1990-06-29"}, {"start": "1990-06-30", "end": "1990-07-29"}, {"start": "1990-07-31", "end": "1990-08-30"}, {"start": "1990-08-31", "end": "1990-09-29"}, {"start": "1990-09-30", "end": "1990-10-29"}, {"start": "1990-10-31", "end": "1990-11-29"}, {"start": "1990-11-30", "end": "1990-12-29"}, {"start": "1990-12-31", "end": "1991-01-30"}, {"start": "1991-01-31", "end": "1991-02-27"}, {"start": "1991-02-28", "end": "1991-03-27"}, {"start": "1991-03-31", "end": "1991-04-29"}, {"start": "1991-04-30", "end": "1991-05-29"}, {"start": "1991-05-31", "end": "1991-06-29"}, {"start": "1991-06-30", "end": "1991-07-29"}, {"start": "1991-07-31", "end": "1991-08-30"}, {"start": "1991-08-31", "end": "1991-09-29"}, {"start": "1991-09-30", "end": "1991-10-29"}, {"start": "1991-10-31", "end": "1991-11-29"}, {"start": "1991-11-30", "end": "1991-12-29"}, {"start": "1991-12-31", "end": "1992-01-30"}, {"start": "1992-01-31", "end": "1992-02-28"}, {"start": "1992-02-29", "end": "1992-03-28"}, {"start": "1992-03-31", "end": "1992-04-29"}, {"start": "1992-04-30", "end": "1992-05-29"}, {"start": "1992-05-31", "end": "1992-06-29"}, {"start": "1992-06-30", "end": "1992-07-29"}, {"start": "1992-07-31", "end": "1992-08-30"}, {"start": "1992-08-31", "end": "1992-09-29"}, {"start": "1992-09-30", "end": "1992-10-29"}, {"start": "1992-10-31", "end": "1992-11-29"}, {"start": "1992-11-30", "end": "1992-12-29"}, {"start": "1992-12-31", "end": "1993-01-30"}, {"start": "1993-01-31", "end": "1993-02-27"}, {"start": "1993-02-28", "end": "1993-03-27"}, {"start": "1993-03-31", "end": "1993-04-29"}, {"start": "1993-04-30", "end": "1993-05-29"}, {"start": "1993-05-31", "end": "1993-06-29"}, {"start": "1993-06-30", "end": "1993-07-29"}, {"start": "1993-07-31", "end": "1993-08-30"}, {"start": "1993-08-31", "end": "1993-09-29"}, {"start": "1993-09-30", "end": "1993-10-29"}, {"start": "1993-10-31", "end": "1993-11-29"}, {"start": "1993-11-30", "end": "1993-12-29"}, {"start": "1993-12-31", "end": "1994-01-30"}, {"start": "1994-01-31", "end": "1994-02-27"}, {"start": "1994-02-28", "end": "1994-03-27"}, {"start": "1994-03-31", "end": "1994-04-29"}, {"start": "1994-04-30", "end": "1994-05-29"}, {"start": "1994-05-31", "end": "1994-06-29"}, {"start": "1994-06-30", "end": "1994-07-29"}, {"start": "1994-07-31", "end": "1994-08-30"}, {"start": "1994-08-31", "end": "1994-09-29"}, {"start": "1994-09-30", "end": "1994-10-29"}, {"start": "1994-10-31", "end": "1994-11-29"}, {"start": "1994-11-30", "end": "1994-12-29"}, {"start": "1994-12-31", "end": "1995-01-30"}, {"start": "1995-01-31", "end": "1995-02-27"}, {"start": "1995-02-28", "end": "1995-03-27"}, {"start": "1995-03-31", "end": "1995-04-29"}, {"start": "1995-04-30", "end": "1995-05-29"}, {"start": "1995-05-31", "end": "1995-06-29"}, {"start": "1995-06-30", "end": "1995-07-29"}, {"start": "1995-07-31", "end": "1995-08-30"}, {"start": "1995-08-31", "end": "1995-09-29"}, {"start": "1995-09-30", "end": "1995-10-29"}, {"start": "1995-10-31", "end": "1995-11-29"}, {"start": "1995-11-30", "end": "1995-12-29"}, {"start": "1995-12-31", "end": "1996-01-30"}, {"start": "1996-01-31", "end": "1996-02-28"}, {"start": "1996-02-29", "end": "1996-03-28"}, {"start": "1996-03-31", "end": "1996-04-29"}, {"start": "1996-04-30", "end": "1996-05-29"}, {"start": "1996-05-31", "end": "1996-06-29"}, {"start": "1996-06-30", "end": "1996-07-29"}, {"start": "1996-07-31", "end": "1996-08-30"}, {"start": "1996-08-31", "end": "1996-09-29"}, {"start": "1996-09-30", "end": "1996-10-29"}, {"start": "1996-10-31", "end": "1996-11-29"}, {"start": "1996-11-30", "end": "1996-12-29"}, {"start": "1996-12-31", "end": "1997-01-30"}, {"start": "1997-01-31", "end": "1997-02-27"}, {"start": "1997-02-28", "end": "1997-03-27"}, {"start": "1997-03-31", "end": "1997-04-29"}, {"start": "1997-04-30", "end": "1997-05-29"}, {"start": "1997-05-31", "end": "1997-06-29"}, {"start": "1997-06-30", "end": "1997-07-29"}, {"start": "1997-07-31", "end": "1997-08-30"}, {"start": "1997-08-31", "end": "1997-09-29"}, {"start": "1997-09-30", "end": "1997-10-29"}, {"start": "1997-10-31", "end": "1997-11-29"}, {"start": "1997-11-30", "end": "1997-12-29"}, {"start": "1997-12-31", "end": "1998-01-30"}, {"start": "1998-01-31", "end": "1998-02-27"}, {"start": "1998-02-28", "end": "1998-03-27"}, {"start": "1998-03-31", "end": "1998-04-29"}, {"start": "1998-04-30", "end": "1998-05-29"}, {"start": "1998-05-31", "end": "1998-06-29"}, {"start": "1998-06-30", "end": "1998-07-29"}, {"start": "1998-07-31", "end": "1998-08-30"}, {"start": "1998-08-31", "end": "1998-09-29"}, {"start": "1998-09-30", "end": "1998-10-29"}, {"start": "1998-10-31", "end": "1998-11-29"}, {"start": "1998-11-30", "end": "1998-12-29"}, {"start": "1998-12-31", "end": "1999-01-30"}, {"start": "1999-01-31", "end": "1999-02-27"}, {"start": "1999-02-28", "end": "1999-03-27"}, {"start": "1999-03-31", "end": "1999-04-29"}, {"start": "1999-04-30", "end": "1999-05-29"}, {"start": "1999-05-31", "end": "1999-06-29"}, {"start": "1999-06-30", "end": "1999-07-29"}, {"start": "1999-07-31", "end": "1999-08-30"}, {"start": "1999-08-31", "end": "1999-09-29"}, {"start": "1999-09-30", "end": "1999-10-29"}, {"start": "1999-10-31", "end": "1999-11-29"}, {"start": "1999-11-30", "end": "1999-12-29"}, {"start": "1999-12-31", "end": "2000-01-30"}, {"start": "2000-01-31", "end": "2000-02-28"}, {"start": "2000-02-29", "end": "2000-03-28"}, {"start": "2000-03-31", "end": "2000-04-29"}, {"start": "2000-04-30", "end": "2000-05-29"}, {"start": "2000-05-31", "end": "2000-06-29"}, {"start": "2000-06-30", "end": "2000-07-29"}, {"start": "2000-07-31", "end": "2000-08-30"}, {"start": "2000-08-31", "end": "2000-09-29"}, {"start": "2000-09-30", "end": "2000-10-29"}, {"start": "2000-10-31", "end": "2000-11-29"}, {"start": "2000-11-30", "end": "2000-12-29"}, {"start": "2000-12-31", "end": "2001-01-30"}, {"start": "2001-01-31", "end": "2001-02-27"}, {"start": "2001-02-28", "end": "2001-03-27"}, {"start": "2001-03-31", "end": "2001-04-29"}, {"start": "2001-04-30", "end": "2001-05-29"}, {"start": "2001-05-31", "end": "2001-06-29"}, {"start": "2001-06-30", "end": "2001-07-29"}, {"start": "2001-07-31", "end": "2001-08-30"}, {"start": "2001-08-31", "end": "2001-09-29"}, {"start": "2001-09-30", "end": "2001-10-29"}, {"start": "2001-10-31", "end": "2001-11-29"}, {"start": "2001-11-30", "end": "2001-12-29"}, {"start": "2001-12-31", "end": "2002-01-30"}, {"start": "2002-01-31", "end": "2002-02-27"}, {"start": "2002-02-28", "end": "2002-03-27"}, {"start": "2002-03-31", "end": "2002-04-29"}, {"start": "2002-04-30", "end": "2002-05-29"}, {"start": "2002-05-31", "end": "2002-06-29"}, {"start": "2002-06-30", "end": "2002-07-29"}, {"start": "2002-07-31", "end": "2002-08-30"}, {"start": "2002-08-31", "end": "2002-09-29"}, {"start": "2002-09-30", "end": "2002-10-29"}, {"start": "2002-10-31", "end": "2002-11-29"}, {"start": "2002-11-30", "end": "2002-12-29"}, {"start": "2002-12-31", "end": "2003-01-30"}, {"start": "2003-01-31", "end": "2003-02-27"}, {"start": "2003-02-28", "end": "2003-03-27"}, {"start": "2003-03-31", "end": "2003-04-29"}, {"start": "2003-04-30", "end": "2003-05-29"}, {"start": "2003-05-31", "end": "2003-06-29"}, {"start": "2003-06-30", "end": "2003-07-29"}, {"start": "2003-07-31", "end": "2003-08-30"}, {"start": "2003-08-31", "end": "2003-09-29"}, {"start": "2003-09-30", "end": "2003-10-29"}, {"start": "2003-10-31", "end": "2003-11-29"}, {"start": "2003-11-30", "end": "2003-12-29"}, {"start": "2003-12-31", "end": "2004-01-30"}, {"start": "2004-01-31", "end": "2004-02-28"}, {"start": "2004-02-29", "end": "2004-03-28"}, {"start": "2004-03-31", "end": "2004-04-29"}, {"start": "2004-04-30", "end": "2004-05-29"}, {"start": "2004-05-31", "end": "2004-06-29"}, {"start": "2004-06-30", "end": "2004-07-29"}, {"start": "2004-07-31", "end": "2004-08-30"}, {"start": "2004-08-31", "end": "2004-09-29"}, {"start": "2004-09-30", "end": "2004-10-29"}, {"start": "2004-10-31", "end": "2004-11-29"}, {"start": "2004-11-30", "end": "2004-12-29"}, {"start": "2004-12-31", "end": "2005-01-30"}, {"start": "2005-01-31", "end": "2005-02-27"}, {"start": "2005-02-28", "end": "2005-03-27"}, {"start": "2005-03-31", "end": "2005-04-29"}, {"start": "2005-04-30", "end": "2005-05-29"}, {"start": "2005-05-31", "end": "2005-06-29"}, {"start": "2005-06-30", "end": "2005-07-29"}, {"start": "2005-07-31", "end": "2005-08-30"}, {"start": "2005-08-31", "end": "2005-09-29"}, {"start": "2005-09-30", "end": "2005-10-29"}, {"start": "2005-10-31", "end": "2005-11-29"}, {"start": "2005-11-30", "end": "2005-12-29"}, {"start": "2005-12-31", "end": "2006-01-30"}, {"start": "2006-01-31", "end": "2006-02-27"}, {"start": "2006-02-28", "end": "2006-03-27"}, {"start": "2006-03-31", "end": "2006-04-29"}, {"start": "2006-04-30", "end": "2006-05-29"}, {"start": "2006-05-31", "end": "2006-06-29"}, {"start": "2006-06-30", "end": "2006-07-29"}, {"start": "2006-07-31", "end": "2006-08-30"}, {"start": "2006-08-31", "end": "2006-09-29"}, {"start": "2006-09-30", "end": "2006-10-29"}, {"start": "2006-10-31", "end": "2006-11-29"}, {"start": "2006-11-30", "end": "2006-12-29"}, {"start": "2006-12-31", "end": "2007-01-30"}, {"start": "2007-01-31", "end": "2007-02-27"}, {"start": "2007-02-28", "end": "2007-03-27"}, {"start": "2007-03-31", "end": "2007-04-29"}, {"start": "2007-04-30", "end": "2007-05-29"}, {"start": "2007-05-31", "end": "2007-06-29"}, {"start": "2007-06-30", "end": "2007-07-29"}, {"start": "2007-07-31", "end": "2007-08-30"}, {"start": "2007-08-31", "end": "2007-09-29"}, {"start": "2007-09-30", "end": "2007-10-29"}, {"start": "2007-10-31", "end": "2007-11-29"}, {"start": "2007-11-30", "end": "2007-12-29"}, {"start": "2007-12-31", "end": "2008-01-30"}, {"start": "2008-01-31", "end": "2008-02-28"}, {"start": "2008-02-29", "end": "2008-03-28"}, {"start": "2008-03-31", "end": "2008-04-29"}, {"start": "2008-04-30", "end": "2008-05-29"}, {"start": "2008-05-31", "end": "2008-06-29"}, {"start": "2008-06-30", "end": "2008-07-29"}, {"start": "2008-07-31", "end": "2008-08-30"}, {"start": "2008-08-31", "end": "2008-09-29"}, {"start": "2008-09-30", "end": "2008-10-29"}, {"start": "2008-10-31", "end": "2008-11-29"}, {"start": "2008-11-30", "end": "2008-12-29"}, {"start": "2008-12-31", "end": "2009-01-30"}, {"start": "2009-01-31", "end": "2009-02-27"}, {"start": "2009-02-28", "end": "2009-03-27"}, {"start": "2009-03-31", "end": "2009-04-29"}, {"start": "2009-04-30", "end": "2009-05-29"}, {"start": "2009-05-31", "end": "2009-06-29"}, {"start": "2009-06-30", "end": "2009-07-29"}, {"start": "2009-07-31", "end": "2009-08-30"}, {"start": "2009-08-31", "end": "2009-09-29"}, {"start": "2009-09-30", "end": "2009-10-29"}, {"start": "2009-10-31", "end": "2009-11-29"}, {"start": "2009-11-30", "end": "2009-12-29"}, {"start": "2009-12-31", "end": "2015-12-29"}, {"start": "2015-12-31", "end": "2016-07-29"}, {"start": "2016-07-31", "end": "2016-08-30"}, {"start": "2016-08-31", "end": "2016-09-29"}, {"start": "2016-09-30", "end": "2016-10-29"}, {"start": "2016-10-31", "end": "2016-11-29"}, {"start": "2016-11-30", "end": "2016-12-29"}, {"start": "2017-01-17", "end": "2017-01-18"}], "people affected": [{"start": "2015-10-01", "end": "2015-10-02"}, {"start": "2015-10-03", "end": "2015-10-22"}, {"start": "2015-10-23", "end": "2015-10-26"}, {"start": "2015-10-27", "end": "2015-11-03"}, {"start": "2015-11-04", "end": "2015-11-24"}, {"start": "2015-11-26", "end": "2015-12-07"}, {"start": "2015-12-08", "end": "2015-12-17"}, {"start": "2015-12-18", "end": "2015-12-22"}, {"start": "2015-12-23", "end": "2015-12-24"}, {"start": "2016-01-19", "end": "2016-01-20"}, {"start": "2016-01-22", "end": "2016-01-23"}, {"start": "2016-11-17", "end": "2016-11-18"}, {"start": "2016-12-15", "end": "2016-12-16"}], "food and nutrition": [{"start": "2016-04-20", "end": "2016-04-21"}, {"start": "2016-06-17", "end": "2016-06-18"}]}}