{"startDate": "2015-12-15", "endDate": "2015-12-18", "data": {"rows": [{"state": 180, "data": []}, {"state": 90, "data": []}, {"state": 30, "data": []}, {"state": 1, "data": []}, {"state": 0, "data": [{"y1": 43, "y0": 0, "date": "2015-12-16"}]}], "filesize": [{"state": 180, "data": []}, {"state": 90, "data": []}, {"state": 30, "data": []}, {"state": 1, "data": []}, {"state": 0, "data": [{"y1": 2.0, "y0": 0, "date": "2015-12-16"}]}], "dataset": [{"state": 180, "data": []}, {"state": 90, "data": []}, {"state": 30, "data": []}, {"state": 1, "data": []}, {"state": 0, "data": [{"y1": 1, "y0": 0, "date": "2015-12-16"}]}]}}