{"startDate": "2016-04-19", "endDate": "2016-04-22", "data": {"rows": [{"state": 180, "data": [{"y1": 33, "y0": 0, "date": "2016-04-20"}]}, {"state": 90, "data": []}, {"state": 30, "data": []}, {"state": 1, "data": []}, {"state": 0, "data": []}], "filesize": [{"state": 180, "data": [{"y1": 9.0, "y0": 0, "date": "2016-04-20"}]}, {"state": 90, "data": []}, {"state": 30, "data": []}, {"state": 1, "data": []}, {"state": 0, "data": []}], "dataset": [{"state": 180, "data": [{"y1": 1, "y0": 0, "date": "2016-04-20"}]}, {"state": 90, "data": []}, {"state": 30, "data": []}, {"state": 1, "data": []}, {"state": 0, "data": []}]}}